ev_id,ntsb_no,ev_type,ev_date,ev_dow,ev_time,ev_tmzn,ev_city,ev_state,ev_country,ev_site_zipcode,ev_year,ev_month,mid_air,on_ground_collision,latitude,longitude,latlong_acq,apt_name,ev_nr_apt_id,ev_nr_apt_loc,apt_dist,apt_dir,apt_elev,wx_brief_comp,wx_src_iic,wx_obs_time,wx_obs_dir,wx_obs_fac_id,wx_obs_elev,wx_obs_dist,wx_obs_tmzn,light_cond,sky_cond_nonceil,sky_nonceil_ht,sky_ceil_ht,sky_cond_ceil,vis_rvr,vis_rvv,vis_sm,wx_temp,wx_dew_pt,wind_dir_deg,wind_dir_ind,wind_vel_kts,wind_vel_ind,gust_ind,gust_kts,altimeter,wx_dens_alt,wx_int_precip,metar,ev_highest_injury,inj_f_grnd,inj_m_grnd,inj_s_grnd,inj_tot_f,inj_tot_m,inj_tot_n,inj_tot_s,inj_tot_t,invest_agy,ntsb_docket,ntsb_notf_from,ntsb_notf_date,ntsb_notf_tm,fiche_number,lchg_date,lchg_userid,wx_cond_basic,faa_dist_office,dec_latitude,dec_longitude,_source_file,_ingested_at
20001213X25852,ANC88LA152,ACC,1988-06-11 00:00:00,Sa,0,,COLDFOOT,AK,USA,99701,1988,6,,,644833N,1474312W,MEAS,,,OFAP,0.0,,,,,,0,,,0,,DAYL,UNK,0,0,UNK,,,,0,0,0,U,,F,F,0,0.0,,,,FATL,0,0,0,1,0,0,0,1,N,,,,,,2021-09-20 13:49:08,,Unk,,64.809303,-147.720123,Pre2008.mdb,2026-04-14 02:18:25.664087
20001211X15972,ANC93FA012,ACC,1992-11-06 00:00:00,Fr,2020,UTC,MONTAGUE ISLAND,AK,USA,99574,1992,11,,,604723N,1453638W,MEAS,,,OFAP,0.0,,,,WIT,,0,,,0,,DAYL,,300,800,,,,1.0,39,0,20,U,28,F,F,38,0.0,,,,FATL,0,0,0,2,0,0,0,2,N,,,,,,2021-09-20 15:26:21,,IMC,,60.789829,-145.610626,Pre2008.mdb,2026-04-14 02:18:25.664087
20001211X15973,ANC93FA013,ACC,1992-11-08 00:00:00,Su,2220,UTC,KIANA,AK,USA,99749,1992,11,,,665846N,1602546W,MEAS,,,OFAP,0.0,0,,,PILO,,0,,,0,,DUSK,UNK,2000,2000,,,,4.0,19,0,0,U,,F,F,0,0.0,,,,FATL,0,0,0,3,0,0,0,3,N,,,,,,2021-12-15 19:14:26,,IMC,,66.979461,-160.429565,Pre2008.mdb,2026-04-14 02:18:25.664087
20001211X11897,ANC93FA045,ACC,1993-03-20 00:00:00,Sa,1900,UTC,RAINEY PASS,AK,USA,99627,1993,3,,,633635N,1544649W,MEAS,,,OFAP,0.0,,,,,,0,,,0,,DAYL,UNK,0,0,,,,,30,0,0,U,,F,F,0,0.0,,,,FATL,0,0,0,1,0,0,0,1,N,,,,,,2021-09-20 15:26:22,,IMC,,63.6096,-154.780288,Pre2008.mdb,2026-04-14 02:18:25.664087
20001211X12053,ANC93FA050,ACC,1993-04-03 00:00:00,Sa,1411,UTC,NOME,AK,USA,99762,1993,4,,,644233N,1643710W,MEAS,,,OFAP,0.0,0,0,,WIT,1407,90,OME,,5,UTC,DAYL,,0,500,BKN,,,0.25,28,27,70,U,13,F,T,0,29.0,,,,FATL,0,0,0,2,0,0,0,2,N,,,,,,2021-09-20 16:33:05,,IMC,,64.709281,-164.619445,Pre2008.mdb,2026-04-14 02:18:25.664087
20001211X12054,ANC93FA054,ACC,1993-04-24 00:00:00,Sa,130,UTC,KASHWITNA,AK,USA,99687,1993,4,,,,,,,,OFAP,0.0,,,,WFAC,2100,150,PAQ,248,25,UTC,DAYL,SCAT,18000,0,UNK,,,40.0,59,27,180,U,10,F,F,0,29.0,,,,FATL,0,0,0,2,0,0,0,2,N,,,,,,2021-09-20 15:26:22,,VMC,,,,Pre2008.mdb,2026-04-14 02:18:25.664087
20001211X12256,ANC93FA056,ACC,1993-05-02 00:00:00,Su,2050,UTC,COPPER HARBOR,AK,USA,99901,1993,5,,,553637N,1313446W,MEAS,,,OFAP,0.0,,,,WIT,,0,,,0,,DAYL,UNK,0,2000,OVC,,,10.0,39,0,20,U,20,F,T,0,0.0,,,,FATL,0,1,0,1,0,0,0,2,N,,,,,,2021-09-20 15:26:22,,VMC,,55.610378,-131.579406,Pre2008.mdb,2026-04-14 02:18:25.664087
20001211X12257,ANC93FA060,ACC,1993-05-06 00:00:00,Th,2330,UTC,HOLY CROSS,AK,USA,99602,1993,5,,,621051N,1595026W,MEAS,,,OFAP,0.0,0,,,PILO,,0,,,0,,DAYL,SCAT,10000,0,NONE,,,30.0,50,28,360,U,7,F,F,0,29.0,,,,NONE,0,0,0,0,0,1,0,1,N,,,,,,2021-12-15 19:14:28,,VMC,,62.180942,-159.840515,Pre2008.mdb,2026-04-14 02:18:25.664087
20001211X12258,ANC93FA061,ACC,1993-05-08 00:00:00,Sa,1730,UTC,THORNE BAY,AK,USA,99903,1993,5,,,554049N,1321127W,MEAS,,,OFAP,0.0,,,,,,0,,,0,,DAYL,SCAT,4000,0,NONE,,,20.0,39,0,20,U,8,F,F,0,0.0,,,,MINR,0,0,0,0,2,0,0,2,N,,,,,,2021-09-20 15:26:23,,VMC,,55.68024,-132.190841,Pre2008.mdb,2026-04-14 02:18:25.664087
20001211X12259,ANC93FA064,ACC,1993-05-17 00:00:00,Mo,2215,UTC,MALINA BAY,AK,USA,99615,1993,5,,,574724N,0152241W,MEAS,,,OFAP,0.0,,,,PILO,,0,,,0,,DAYL,CLER,0,0,NONE,,,30.0,70,0,200,U,,F,T,0,29.0,,,,SERS,0,0,0,0,2,0,2,4,N,,,,,,2021-09-20 15:26:23,,VMC,,57.789897,-152.400405,Pre2008.mdb,2026-04-14 02:18:25.664087
20001211X15791,ANC93FA067,ACC,1992-10-12 00:00:00,Mo,430,UTC,TALKEETNA,AK,USA,99676,1992,10,,,062272N,1494721W,MEAS,,,OFAP,0.0,,,,WFAC,2050,130,TKA,300,14,UTC,NDRK,UNK,0,5000,BKN,,,15.0,30,21,0,U,,F,F,0,30.0,,,,FATL,0,0,0,4,0,0,0,4,N,,,,,,2021-09-20 15:26:24,,IMC,,62.450462,-149.789169,Pre2008.mdb,2026-04-14 02:18:25.664087
20001211X12260,ANC93FA070,ACC,1993-05-28 00:00:00,Fr,2210,UTC,ANCHORAGE,AK,USA,99503,1993,5,,,611050N,1495250W,MEAS,MERRILL FIELD,MRI,ONAP,0.0,0,137,,WFAC,1702,0,MRI,,0,UTC,DAYL,SCAT,20000,0,NONE,,,90.0,66,43,340,U,4,F,T,0,30.0,,,,NONE,0,0,0,0,0,1,0,1,N,,,,,,2021-09-20 15:26:24,,VMC,,61.180675,-149.880599,Pre2008.mdb,2026-04-14 02:18:25.664087
20001211X12494,ANC93FA081,ACC,1993-06-06 00:00:00,Su,2215,UTC,ANCHORAGE,AK,USA,99513,1993,6,,,611232N,1495323W,MEAS,,,OFAP,0.0,0,,,WFAC,1718,360,ANC,144,1,UTC,DAYL,SCAT,5000,14000,BKN,,,60.0,57,39,160,U,18,F,F,24,29.0,,,,MINR,0,0,0,0,1,0,0,1,N,,,,,,2021-12-15 19:14:29,,VMC,,61.209014,-149.889694,Pre2008.mdb,2026-04-14 02:18:25.664087
20001211X12735,ANC93FA107,ACC,1993-07-01 00:00:00,Th,2115,UTC,WASILLA,AK,USA,99687,1993,7,,,,,,ANDERSON LAKE,OAK1,OFAP,0.0,,420,,PILO,,0,,,0,,DAYL,CLER,0,0,NONE,,,,70,0,90,U,5,F,F,0,0.0,,,,MINR,0,0,0,0,2,0,0,2,N,,,,,,2021-12-15 20:38:37,,VMC,,,,Pre2008.mdb,2026-04-14 02:18:25.664087
20001211X12736,ANC93FA114,ACC,1993-07-09 00:00:00,Fr,545,UTC,FAIRBANKS,AK,USA,99709,1993,7,Y,N,064540N,0148937W,MEAS,,,OFAP,0.0,,,,,2358,280,FAI,434,10,UTC,DAYL,SCAT,7500,8000,BKN,,,40.0,68,45,340,U,4,F,F,0,30.0,,,,FATL,0,0,0,4,0,0,0,4,N,,,,,,2021-09-20 15:26:24,,VMC,,64.899917,-148.160263,Pre2008.mdb,2026-04-14 02:18:25.664087
20001211X12737,ANC93FA123,ACC,1993-07-21 00:00:00,We,400,UTC,DENALI NAT'L PK,AK,USA,99755,1993,7,,,634645N,1483111W,MEAS,,,OFAP,0.0,,,,PILO,,0,,,0,,DAYL,SCAT,20000,0,NONE,,,50.0,39,0,340,U,10,F,T,0,0.0,,,,SERS,0,0,0,0,1,0,4,5,N,,,,,,2021-09-20 15:26:25,,VMC,,63.779182,-148.519592,Pre2008.mdb,2026-04-14 02:18:25.664087
20001211X12738,ANC93FA128,ACC,1993-07-27 00:00:00,Tu,1917,UTC,BOISE,ID,USA,83705,1993,7,,,433333N,1161233W,MEAS,BOISE,KBOI,ONAP,1.0,,2858,,WFAC,1650,260,BOI,,1,UTC,DAYL,CLER,0,0,NONE,,,40.0,84,0,90,U,5,F,F,0,30.0,,,,NONE,0,0,0,0,0,3,0,3,N,,,,,,2021-09-20 15:26:25,,VMC,,43.559123,-116.20906,Pre2008.mdb,2026-04-14 02:18:25.664087
20001211X13020,ANC93FA134,ACC,1993-08-04 00:00:00,We,2238,UTC,ATIGUN PASS,AK,USA,99701,1993,8,,,644836N,0147439W,MEAS,,,OFAP,0.0,,,,WIT,,0,,,0,,DAYL,UNK,0,0,,,,,37,0,0,U,,F,F,0,0.0,,,,FATL,0,0,0,1,0,0,0,1,N,,,,,,2021-09-20 15:26:26,,IMC,,64.809898,-147.719223,Pre2008.mdb,2026-04-14 02:18:25.664087
20001211X15792,ANC93FA148,ACC,1992-10-09 00:00:00,Fr,400,UTC,CHUGIAK,AK,USA,99567,1992,10,,,612437N,1491011W,MEAS,,,OFAP,0.0,,,,WFAC,1406,0,FAI,,0,UTC,DAYL,UNK,0,0,UNK,,,,0,0,0,U,,F,F,0,0.0,,,,FATL,0,0,0,1,0,0,0,1,N,,,,,,2021-09-20 13:49:09,,Unk,,61.41035,-149.169845,Pre2008.mdb,2026-04-14 02:18:25.664087
20001211X13021,ANC93FA152,ACC,1993-08-19 00:00:00,Th,2322,UTC,NIKABUNA LAKE,AK,USA,99606,1993,8,,,059511N,1543338W,MEAS,,,OFAP,0.0,,,,WIT,1800,0,,,0,UTC,DAYL,SCAT,0,1500,OVC,,,5.0,50,0,120,U,5,F,T,0,0.0,,,,MINR,0,0,0,0,3,3,0,6,N,,,,,,2021-09-20 15:26:26,,VMC,,59.850353,-154.56044,Pre2008.mdb,2026-04-14 02:18:25.664087
20001211X13022,ANC93FA161,ACC,1993-08-31 00:00:00,Tu,1905,UTC,ILIAMNA,AK,USA,99606,1993,8,,,059510N,1543339W,MEAS,,,OFAP,0.0,,,,WIT,1100,0,,,0,,DAYL,UNK,0,1500,BKN,,,7.0,61,0,45,U,12,F,F,15,0.0,,,,FATL,0,0,0,3,0,0,3,6,N,,,,,,2021-09-20 15:26:27,,VMC,,59.849967,-154.56076,Pre2008.mdb,2026-04-14 02:18:25.664087
20001211X13278,ANC93FA167,ACC,1993-09-02 00:00:00,Th,1800,UTC,SANONA CREEK,AK,USA,99588,1993,9,,,062557N,1453148W,MEAS,SANONA CREEK AIRSTRIP,,OFAP,1.0,80,2900,,WIT,1000,0,,,0,,DAYL,CLER,0,0,NONE,,,40.0,50,0,260,U,15,F,F,30,0.0,,,,FATL,0,0,0,2,0,0,0,2,N,,,,,,2021-09-20 16:33:06,,VMC,,62.099132,-145.529876,Pre2008.mdb,2026-04-14 02:18:25.664087
20001211X13279,ANC93FA172,ACC,1993-09-08 00:00:00,We,0,UTC,TALKEETNA RIVER,AK,USA,99567,1993,9,,,612436N,1491010W,MEAS,,,OFAP,0.0,,,,PILO,,0,,,0,,DAYL,UNK,0,3000,OVC,,,15.0,39,0,0,Y,,T,F,0,0.0,,,,SERS,0,0,0,0,0,0,2,2,N,,,,,,2021-09-20 16:33:06,,VMC,,61.410034,-149.169433,Pre2008.mdb,2026-04-14 02:18:25.664087
20001211X13280,ANC93FA173,ACC,1993-09-11 00:00:00,Sa,2310,UTC,COOPER LANDING,AK,USA,99572,1993,9,,,602925N,0149499W,MEAS,QUARTZ CREEK,JLA,OFAP,1.0,25,450,,PILO,,0,,,0,,DAYL,CLER,0,0,NONE,,,50.0,50,0,150,U,5,F,T,0,0.0,,,,SERS,0,0,0,0,1,0,3,4,N,,,,,,2021-12-15 20:38:28,,VMC,,60.490222,-149.819198,Pre2008.mdb,2026-04-14 02:18:25.664087
20001211X13281,ANC93FA175,ACC,1993-09-13 00:00:00,Mo,741,UTC,FAIRBANKS,AK,USA,99703,1993,9,,,644946N,1473715W,MEAS,FIARBANKS INTERNATIONAL,FAI,ONAP,2.0,90,434,,,245,90,FAI,434,2,UTC,NDRK,UNK,0,2900,BKN,,,15.0,50,48,110,U,3,F,T,0,29.0,,,,FATL,0,0,0,1,0,0,0,1,N,,,,,,2021-09-20 16:33:07,,VMC,,64.829338,-147.620773,Pre2008.mdb,2026-04-14 02:18:25.664087
20001211X12261,ANC93IA076,INC,1993-05-31 00:00:00,Mo,2115,UTC,KODIAK,AK,USA,99615,1993,5,,,574721N,0152242W,MEAS,KODIAK,ADQ,ONAP,0.0,,73,,PILO,,0,,,0,,DAYL,CLER,0,0,NONE,,,20.0,55,50,80,U,4,F,T,0,29.0,,,,NONE,0,0,0,0,0,2,0,2,N,,,,,,2021-09-20 15:26:27,,VMC,,57.789299,-152.400634,Pre2008.mdb,2026-04-14 02:18:25.664087
20001211X12495,ANC93IA084,INC,1993-06-07 00:00:00,Mo,628,UTC,ANCHORAGE,AK,USA,99502,1993,6,,,061936N,1495924W,MEAS,ANCHORAGE INTERNATIONAL,ANC,ONAP,1.0,330,144,,WFAC,141,150,ANC,144,1,UTC,DAYL,SCAT,5500,12000,BKN,,,60.0,52,39,140,U,12,F,F,0,29.0,,,,NONE,0,0,0,0,0,2,0,2,N,,,,,,2021-12-15 19:14:20,,VMC,,61.159931,-149.989868,Pre2008.mdb,2026-04-14 02:18:25.664087
20001211X12262,ANC93IA085,INC,1993-05-26 00:00:00,We,2330,UTC,KING SALMON,AK,USA,99613,1993,5,,,058452N,1563225W,MEAS,KING SALMON,AKN,ONAP,0.0,,47,,PILO,,0,,,0,,DAYL,SCAT,4000,0,NONE,,,30.0,55,0,150,U,15,F,F,19,0.0,,,,NONE,0,0,0,0,0,1,0,1,N,,,,,,2021-09-20 15:26:27,,VMC,,58.75069,-156.540222,Pre2008.mdb,2026-04-14 02:18:25.664087
20001211X12496,ANC93IA087,INC,1993-06-12 00:00:00,Sa,1230,UTC,HAINES,AK,USA,99827,1993,6,,,059933N,1355132W,MEAS,HAINES,HNS,ONAP,0.0,0,16,,PILO,,0,,,0,,DAYL,CLER,0,0,NONE,,,30.0,61,0,0,U,,F,F,0,0.0,,,,NONE,0,0,0,0,0,1,0,1,N,,,,,,2021-09-20 15:26:28,,VMC,,59.159049,-135.859024,Pre2008.mdb,2026-04-14 02:18:25.664087
20001211X12497,ANC93IA093,INC,1993-06-13 00:00:00,Su,1810,UTC,PORTAGE,AK,USA,99695,1993,6,,,555511N,1592922W,MEAS,,,OFAP,0.0,0,,,PILO,,0,,,0,,DAYL,CLER,0,0,NONE,,,30.0,0,0,0,U,,F,F,0,0.0,,,,NONE,0,0,0,0,0,3,0,3,N,,,,,,2021-12-15 19:14:24,,VMC,,55.919776,-159.489471,Pre2008.mdb,2026-04-14 02:18:25.664087
20001211X12739,ANC93IA115,INC,1993-07-09 00:00:00,Fr,1805,UTC,NOME,AK,USA,99762,1993,7,,,644235N,0164379W,MEAS,,,OFAP,0.0,,,,PILO,,0,,,0,,DAYL,UNK,1500,1500,BKN,,,3.0,61,55,150,U,20,F,F,25,29.0,,,,NONE,0,0,0,0,0,2,0,2,N,,,,,,2021-09-20 15:26:28,,VMC,,64.709709,-164.619293,Pre2008.mdb,2026-04-14 02:18:25.664087
20001211X13282,ANC93IA176,INC,1993-09-12 00:00:00,Su,1700,UTC,ANITA BAY,AK,USA,99901,1993,9,,,553636N,1313451W,MEAS,,,,0.0,,,,,,0,,,0,,DAYL,CLER,0,0,NONE,,,20.0,61,0,0,U,,F,T,0,0.0,,,,NONE,0,0,0,0,0,2,0,2,N,,,,,,2021-09-20 16:33:07,,VMC,,55.610042,-131.580902,Pre2008.mdb,2026-04-14 02:18:25.664087
20001211X13283,ANC93IA183,INC,1993-09-22 00:00:00,We,1920,UTC,ANCHORAGE,AK,USA,99515,1993,9,,,061633N,1495358W,MEAS,LAKE HOOD SEAPLANE BASE,LHD,ONAP,1.0,300,,,WIT,1200,0,,,0,,DAYL,CLER,0,0,NONE,,,100.0,43,0,270,U,10,F,F,0,0.0,,,,NONE,0,0,0,0,0,2,0,2,N,,,,,,2021-09-20 16:33:07,,VMC,,61.109291,-149.899322,Pre2008.mdb,2026-04-14 02:18:25.664087
20001211X13284,ANC93IA188,INC,1993-09-25 00:00:00,Sa,1635,UTC,ANCHORAGE,AK,USA,99515,1993,9,,,061634N,1495359W,MEAS,ANCHORAGE,ANC,ONAP,1.0,240,144,,,845,0,,,0,,DAYL,UNK,0,6000,OVC,,,15.0,45,0,340,U,10,F,T,0,0.0,,,,NONE,0,0,0,0,0,3,0,3,N,,,,,,2021-09-20 16:33:08,,VMC,,61.109458,-149.899658,Pre2008.mdb,2026-04-14 02:18:25.664087
20001211X11642,ANC93LA025,ACC,1993-01-06 00:00:00,We,21,UTC,NOME,AK,USA,99762,1993,1,,,644233N,1643712W,MEAS,,,OFAP,0.0,0,,,WFAC,2354,315,OME,37,18,UTC,NDRK,SCAT,400,1500,BKN,,,2.0,28,28,90,U,16,F,F,0,29.0,,,,NONE,0,0,0,0,0,1,0,1,N,,,,,,2021-12-15 20:38:40,,IMC,,64.709098,-164.620086,Pre2008.mdb,2026-04-14 02:18:25.664087
20001211X11773,ANC93LA038,ACC,1993-02-28 00:00:00,Su,2200,UTC,WILLOW,AK,USA,99688,1993,2,,,615322N,1494351W,MEAS,,,OFAP,0.0,0,,,PILO,,0,,,0,,DAYL,CLER,0,0,NONE,,,99.0,32,0,0,U,,F,F,0,0.0,,,,NONE,0,0,0,0,0,2,0,2,N,,,,,,2021-12-15 20:38:43,,VMC,,61.889583,-149.73088,Pre2008.mdb,2026-04-14 02:18:25.664087
20001211X11774,ANC93LA039,ACC,1993-02-23 00:00:00,Tu,1730,UTC,FAIRBANKS,AK,USA,99701,1993,2,,,644839N,0147438W,MEAS,CHENA MARINA,,ONAP,0.0,,420,,PILO,,0,,,0,,DAYL,CLER,0,0,NONE,,,30.0,10,0,0,U,,F,F,0,0.0,,,,NONE,0,0,0,0,0,1,0,1,N,,,,,,2021-12-15 20:38:46,,VMC,,64.810699,-147.719009,Pre2008.mdb,2026-04-14 02:18:25.664087
20001211X11902,ANC93LA044,ACC,1993-03-14 00:00:00,Su,1645,UTC,BARROW,AK,USA,99723,1993,3,,,711647N,1564647W,MEAS,,,OFAP,0.0,0,,,PILO,,0,,,0,,DAYL,CLER,0,0,NONE,,,60.0,-15,0,110,U,10,F,F,0,30.0,,,,NONE,0,0,0,0,0,2,0,2,N,,,,,,2021-12-15 20:38:49,,VMC,,71.279685,-156.779769,Pre2008.mdb,2026-04-14 02:18:25.664087
20001211X11903,ANC93LA046,ACC,1993-03-20 00:00:00,Sa,1523,UTC,DRIFT RIVER,AK,USA,99682,1993,3,,,061448N,0151937W,MEAS,,,OFAP,0.0,0,,,PILO,,0,,,0,,DAYL,UNK,4500,4500,OVC,,,3.0,19,0,45,U,12,F,F,0,0.0,,,,NONE,0,0,0,0,0,1,0,1,N,,,,,,2021-12-15 20:38:51,,IMC,,61.080032,-151.160171,Pre2008.mdb,2026-04-14 02:18:25.664087
20001211X11905,ANC93LA048,ACC,1993-03-25 00:00:00,Th,1540,UTC,MEKORYUK,AK,USA,99630,1993,3,,,602213N,1661614W,MEAS,MEKORYUK,MYU,OFAP,5.0,230,48,,WFAC,1517,230,MYU,48,5,UTC,DAYL,UNK,0,0,UNK,,,1.0,19,12,60,U,12,F,F,0,29.0,,,,MINR,0,0,0,0,2,2,0,4,N,,,,,,2021-09-20 16:33:08,,IMC,,60.370239,-166.270462,Pre2008.mdb,2026-04-14 02:18:25.664087
20001211X12055,ANC93LA051,ACC,1993-04-03 00:00:00,Sa,1800,UTC,ANCHORAGE,AK,USA,99501,1993,4,,,611313N,0149510W,MEAS,SKY HARBOR,,ONAP,0.0,,340,,PILO,,0,,,0,,DAYL,CLER,0,0,NONE,,,60.0,45,0,180,U,,F,F,0,0.0,,,,NONE,0,0,0,0,0,2,0,2,N,,,,,,2021-12-15 20:38:55,,VMC,,61.220378,-149.850112,Pre2008.mdb,2026-04-14 02:18:25.664087
20001211X12056,ANC93LA052,ACC,1993-04-12 00:00:00,Mo,1730,UTC,KASIGLUK,AK,USA,99559,1993,4,,,604838N,1615057W,MEAS,KASIGLUK,Z09,ONAP,0.0,170,40,,PILO,,0,,,0,,DAYL,UNK,8000,8000,OVC,,,40.0,28,0,80,U,15,F,F,25,0.0,,,,NONE,0,0,0,0,0,4,0,4,N,,,,,,2021-12-15 20:39:00,,VMC,,60.81047,-161.849227,Pre2008.mdb,2026-04-14 02:18:25.664087
20001211X12057,ANC93LA053,ACC,1993-04-23 00:00:00,Fr,1920,UTC,GOOSE BAY,AK,USA,99652,1993,4,,,612737N,0150525W,MEAS,GOOSE BAY,Z40,ONAP,0.0,,78,,PILO,,0,,,0,,DAYL,CLER,0,0,NONE,,,75.0,50,30,320,U,5,F,F,0,29.0,,,,NONE,0,0,0,0,0,2,0,2,N,,,,,,2021-12-15 20:39:01,,VMC,,61.460151,-150.09024,Pre2008.mdb,2026-04-14 02:18:25.664087
20001211X12058,ANC93LA055,ACC,1993-04-29 00:00:00,Th,1630,UTC,DELTA JUNCTION,AK,USA,99737,1993,4,,,634157N,1445324W,MEAS,,,OFAP,0.0,0,,,WFAC,1152,60,BIG,1277,28,UTC,DAYL,SCAT,5000,0,NONE,,,50.0,52,46,100,U,4,F,F,0,29.0,,,,FATL,0,0,0,1,0,0,1,2,N,,,,,,2021-12-15 20:39:04,,VMC,,63.699161,-144.89009,Pre2008.mdb,2026-04-14 02:18:25.664087
20001211X12264,ANC93LA059,ACC,1993-05-01 00:00:00,Sa,2215,UTC,KASIGLUK,AK,USA,99609,1993,5,,,060529N,1623225W,MEAS,KASIGLUK,Z09,ONAP,0.0,,100,,PILO,,0,,,0,,DAYL,CLER,0,0,NONE,,,60.0,43,0,270,U,10,F,F,15,0.0,,,,NONE,0,0,0,0,0,4,0,4,N,,,,,,2021-12-15 20:39:05,,VMC,,60.869163,-162.540283,Pre2008.mdb,2026-04-14 02:18:25.664087
20001211X12265,ANC93LA062,ACC,1993-05-11 00:00:00,Tu,330,UTC,BLAIR LAKES,AK,USA,99701,1993,5,,,644835N,1474315W,MEAS,NONE,,ONAP,0.0,,1250,,PILO,,0,,,0,,DAYL,CLER,0,0,NONE,,,50.0,55,0,150,U,4,F,F,0,0.0,,,,NONE,0,0,0,0,0,2,0,2,N,,,,,,2021-12-15 20:39:06,,VMC,,64.809722,-147.720825,Pre2008.mdb,2026-04-14 02:18:25.664087
20001211X12266,ANC93LA063,ACC,1993-05-17 00:00:00,Mo,2345,UTC,DEADHORSE,AK,USA,99734,1993,5,,,702544N,1491725W,MEAS,DEADHORSE,SCC,ONAP,0.0,0,57,,WFAC,1845,0,SCC,57,0,UTC,DAYL,UNK,500,500,BKN,,,5.0,32,28,100,U,30,F,F,46,30.0,,,,NONE,0,0,0,0,0,1,0,1,N,,,,,,2021-09-20 15:26:29,,IMC,,70.429023,-149.29039,Pre2008.mdb,2026-04-14 02:18:25.664087
20001211X12267,ANC93LA065,ACC,1993-05-17 00:00:00,Mo,600,UTC,ROHN ROADHOUSE,AK,USA,99627,1993,5,,,633638N,1544650W,MEAS,TATINA RIVER,,ONAP,0.0,,2000,,PILO,,0,,,0,,DAYL,CLER,0,0,NONE,,,50.0,61,0,0,Y,,T,F,0,0.0,,,,NONE,0,0,0,0,0,2,0,2,N,,,,,,2021-12-15 20:39:08,,VMC,,63.610637,-154.780517,Pre2008.mdb,2026-04-14 02:18:25.664087
20001211X12268,ANC93LA066,ACC,1993-05-19 00:00:00,We,2207,UTC,KETCHIKAN,AK,USA,99901,1993,5,,,553636N,1313446W,MEAS,,,OFAP,0.0,0,,,WFAC,1648,360,KTN,88,1,UTC,DAYL,SCAT,4000,8000,BKN,,,33.0,63,52,250,U,6,F,F,0,29.0,,,,NONE,0,0,0,0,0,2,0,2,N,,,,,,2021-12-15 20:39:09,,VMC,,55.609966,-131.579498,Pre2008.mdb,2026-04-14 02:18:25.664087
20001211X12269,ANC93LA068,ACC,1993-05-25 00:00:00,Tu,1850,UTC,KIVALINA,AK,USA,99750,1993,5,,,674351N,1643257W,MEAS,KIVALINA,KVL,ONAP,0.0,,10,,PILO,,0,,,0,,DAYL,UNK,800,800,OVC,,,6.0,50,0,300,U,5,F,F,0,0.0,,,,NONE,0,0,0,0,0,2,0,2,N,,,,,,2021-12-15 20:39:10,,VMC,,67.730728,-164.549087,Pre2008.mdb,2026-04-14 02:18:25.664087
20001211X12270,ANC93LA069,ACC,1993-05-27 00:00:00,Th,2230,UTC,WASILLA,AK,USA,99687,1993,5,,,,,,NEW WASILLA AIRPORT,WAS,ONAP,0.0,,348,,PILO,,0,,,0,,DAYL,CLER,0,0,NONE,,,10.0,68,0,210,U,3,F,F,5,0.0,,,,NONE,0,0,0,0,0,1,0,1,N,,,,,,2021-12-15 20:39:11,,VMC,,,,Pre2008.mdb,2026-04-14 02:18:25.664087
20001211X12271,ANC93LA071,ACC,1993-05-29 00:00:00,Sa,115,UTC,BULCHITNA LAKE,AK,USA,99667,1993,5,,,615548N,1514347W,MEAS,SIGLEY'S PVT AIRSTRIP,,ONAP,0.0,,,,PILO,,0,,,0,,DAYL,CLER,0,0,NONE,,,70.0,70,0,360,U,,F,T,0,0.0,,,,NONE,0,0,0,0,0,3,0,3,N,,,,,,2021-09-20 15:26:29,,VMC,,61.929893,-151.729675,Pre2008.mdb,2026-04-14 02:18:25.664087
20001211X12272,ANC93LA072,ACC,1993-05-29 00:00:00,Sa,2335,UTC,BETHEL,AK,USA,99559,1993,5,,,604840N,1615058W,MEAS,BETHEL,BET,ONAP,0.0,,123,,PILO,1847,0,BET,,0,UTC,DAYL,,23000,0,NONE,,,30.0,64,45,330,U,10,F,T,0,30.0,,,,NONE,0,0,0,0,0,1,0,1,N,,,,,,2021-09-20 15:26:30,,VMC,,60.810977,-161.849548,Pre2008.mdb,2026-04-14 02:18:25.664087
20001211X12273,ANC93LA073,ACC,1993-05-30 00:00:00,Su,634,UTC,DILLINGHAM,AK,USA,99576,1993,5,,,584910N,1575134W,MEAS,DILLINGHAM,DLG,ONAP,0.0,,88,,WFAC,139,1,DLG,88,1,UTC,DAYL,SCAT,20000,0,NONE,,,50.0,57,41,230,U,9,F,F,0,30.0,,,,NONE,0,0,0,0,0,1,0,1,N,,,,,,2021-12-15 20:39:12,,VMC,,58.819553,-157.859542,Pre2008.mdb,2026-04-14 02:18:25.664087
20001211X12274,ANC93LA074,ACC,1993-05-31 00:00:00,Mo,300,UTC,SOLDOTNA,AK,USA,99669,1993,5,,,601912N,1504721W,MEAS,,,OFAP,0.0,,,,PILO,,0,,,0,,DAYL,CLER,0,0,NONE,,,30.0,61,0,340,U,5,F,F,10,0.0,,,,NONE,0,0,0,0,0,1,0,1,N,,,,,,2021-09-20 15:26:30,,VMC,,60.319869,-150.789062,Pre2008.mdb,2026-04-14 02:18:25.664087
20001211X12275,ANC93LA075,ACC,1993-05-31 00:00:00,Mo,1930,UTC,GUSTAVUS,AK,USA,99826,1993,5,,,582512N,1354650W,MEAS,GLACIER BAY COUNTRY INN,,ONAP,0.0,,30,,PILO,,0,,,0,,DAYL,SCAT,1000,4000,BKN,,,30.0,61,0,0,U,,F,F,0,0.0,,,,NONE,0,0,0,0,0,2,0,2,N,,,,,,2021-12-15 20:39:45,,VMC,,58.420082,-135.780517,Pre2008.mdb,2026-04-14 02:18:25.664087
20001211X12498,ANC93LA077,ACC,1993-06-02 00:00:00,We,2255,UTC,SKAGWAY,AK,USA,99840,1993,6,,,593415N,1352058W,MEAS,,,OFAP,0.0,0,,,WFAC,1644,330,JNU,19,50,UTC,DAYL,SCAT,2000,5000,BKN,,,15.0,61,52,230,U,6,F,F,0,30.0,,,,MINR,0,0,0,0,3,2,0,5,N,,,,,,2021-12-15 20:39:46,,VMC,,59.570854,-135.349533,Pre2008.mdb,2026-04-14 02:18:25.664087
20001211X12499,ANC93LA078,ACC,1993-06-04 00:00:00,Fr,100,UTC,IGIUGIG,AK,USA,99613,1993,6,,,058450N,1563227W,MEAS,,,OFAP,0.0,0,,,PILO,,0,,,0,,DAYL,SCAT,4000,8000,BKN,,,30.0,0,0,90,U,10,F,F,15,0.0,,,,NONE,0,0,0,0,0,2,0,2,N,,,,,,2021-12-15 20:39:47,,VMC,,58.749935,-156.540969,Pre2008.mdb,2026-04-14 02:18:25.664087
20001211X12276,ANC93LA079,ACC,1993-05-31 00:00:00,Mo,1800,UTC,KAHILTNA GLACIE,AK,USA,99676,1993,5,,,622658N,1494726W,MEAS,,,OFAP,0.0,,7000,,PILO,,0,,,0,,DAYL,CLER,0,0,NONE,,,20.0,45,0,0,U,,F,T,0,0.0,,,,NONE,0,0,0,0,0,4,0,4,N,,,,,,2021-09-20 15:26:31,,VMC,,62.44939,-149.79042,Pre2008.mdb,2026-04-14 02:18:25.664087
20001211X12500,ANC93LA080,ACC,1993-06-06 00:00:00,Su,1938,UTC,ANCHORAGE,AK,USA,99513,1993,6,,,611233N,1495325W,MEAS,MERRILL FIELD,MRI,ONAP,1.0,180,137,,WFAC,1345,180,MRI,137,1,UTC,DAYL,SCAT,5500,0,NONE,,,70.0,64,30,140,U,6,F,F,0,29.0,,,,NONE,0,0,0,0,0,2,0,2,N,,,,,,2021-12-15 20:39:48,,VMC,,61.209171,-149.890289,Pre2008.mdb,2026-04-14 02:18:25.664087
20001211X12501,ANC93LA082,ACC,1993-06-06 00:00:00,Su,2020,UTC,SKWENTNA,AK,USA,99515,1993,6,,,061634N,1495357W,MEAS,SKWENTNA,SKW,ONAP,1.0,90,148,,WFAC,1452,90,SKW,148,1,UTC,DAYL,SCAT,3500,0,NONE,,,40.0,61,48,180,U,8,F,F,0,29.0,,,,NONE,0,0,0,0,0,2,0,2,N,,,,,,2021-12-15 20:39:50,,VMC,,61.109512,-149.899032,Pre2008.mdb,2026-04-14 02:18:25.664087
20001211X12502,ANC93LA083,ACC,1993-06-07 00:00:00,Mo,1530,UTC,CHISTOCHINA,AK,USA,99695,1993,6,,,555511N,1592926W,MEAS,CHISTOCHINA,CZO,ONAP,0.0,0,1850,,,1030,0,,,0,UTC,DAYL,CLER,0,0,NONE,,,30.0,50,0,0,U,,F,F,0,0.0,,,,NONE,0,0,0,0,0,2,0,2,N,,,,,,2021-09-20 15:26:31,,VMC,,55.919597,-159.4906,Pre2008.mdb,2026-04-14 02:18:25.664087
20001211X12277,ANC93LA086,ACC,1993-05-23 00:00:00,Su,600,UTC,BARROW,AK,USA,99723,1993,5,,,711647N,1564647W,MEAS,BARROW,BRW,ONAP,0.0,0,44,,,2152,0,BRW,,0,,DAYL,UNK,700,700,OVC,,,10.0,21,18,60,U,22,F,F,0,30.0,,,,NONE,0,0,0,0,0,2,0,2,N,,,,,,2021-09-20 15:26:32,,IMC,,71.279655,-156.779678,Pre2008.mdb,2026-04-14 02:18:25.664087
20001211X12503,ANC93LA088,ACC,1993-06-12 00:00:00,Sa,1730,UTC,ARCTIC VILLAGE,AK,USA,99722,1993,6,,,068527N,0145360W,MEAS,,,OFAP,0.0,0,,,PILO,,0,,,0,,DAYL,CLER,0,0,NONE,,,50.0,45,0,90,U,5,F,F,0,0.0,,,,NONE,0,0,0,0,0,3,0,3,N,,,,,,2021-12-15 20:39:51,,VMC,,68.090858,-145.600036,Pre2008.mdb,2026-04-14 02:18:25.664087
20001211X12504,ANC93LA089,ACC,1993-06-12 00:00:00,Sa,1830,UTC,KNIK,AK,USA,99687,1993,6,,,,,,GOOSE BAY,Z40,ONAP,1.0,250,78,,PILO,,0,,,0,,DAYL,CLER,0,0,NONE,,,50.0,64,0,0,U,,F,F,0,0.0,,,,MINR,0,0,0,0,1,1,0,2,N,,,,,,2021-12-15 20:39:52,,VMC,,,,Pre2008.mdb,2026-04-14 02:18:25.664087
20001211X12505,ANC93LA090,ACC,1993-06-12 00:00:00,Sa,2210,UTC,KIVALINA,AK,USA,99750,1993,6,,,674346N,1643259W,MEAS,KIVALINA,KVL,ONAP,0.0,,10,,PILO,,0,,,0,,DAYL,UNK,0,1000,BKN,,,10.0,45,0,280,U,15,F,F,20,0.0,,,,NONE,0,0,0,0,0,1,0,1,N,,,,,,2021-09-20 15:26:32,,VMC,,67.729385,-164.549682,Pre2008.mdb,2026-04-14 02:18:25.664087
20001211X12506,ANC93LA091,ACC,1993-06-16 00:00:00,We,210,UTC,ANCHORAGE,AK,USA,99513,1993,6,,,611237N,1495322W,MEAS,LAKE HOOD STRIP,Z41,ONAP,1.0,360,73,,PILO,,0,,,0,,DAYL,CLER,0,0,NONE,,,50.0,57,0,280,U,10,F,F,0,0.0,,,,NONE,0,0,0,0,0,2,0,2,N,,,,,,2021-12-15 20:39:53,,VMC,,61.210334,-149.889389,Pre2008.mdb,2026-04-14 02:18:25.664087
20001211X12507,ANC93LA092,ACC,1993-06-15 00:00:00,Tu,2100,UTC,SKWENTNA,AK,USA,99667,1993,6,,,615549N,1514347W,MEAS,SOD MOOSE HUNTING STRIP,,ONAP,0.0,,,,PILO,,0,,,0,,DAYL,CLER,0,0,NONE,,,50.0,64,0,270,U,5,F,F,0,0.0,,,,NONE,0,0,0,0,0,1,0,1,N,,,,,,2021-12-15 20:39:54,,VMC,,61.930343,-151.729736,Pre2008.mdb,2026-04-14 02:18:25.664087
20001211X12508,ANC93LA094,ACC,1993-06-18 00:00:00,Fr,545,UTC,DRY CREEK,AK,USA,99737,1993,6,,,634159N,1445323W,MEAS,,,OFAP,0.0,250,1420,,PILO,,0,,,0,,DAYL,SCAT,6000,0,NONE,,,40.0,59,48,230,U,3,F,F,5,29.0,,,,NONE,0,0,0,0,0,2,0,2,N,,,,,,2021-09-20 15:26:32,,VMC,,63.699844,-144.889755,Pre2008.mdb,2026-04-14 02:18:25.664087
20001211X12509,ANC93LA095,ACC,1993-06-18 00:00:00,Fr,200,UTC,ANNETTE BAY,AK,USA,99901,1993,6,,,553639N,1313450W,MEAS,,,OFAP,0.0,,,,PILO,1800,0,,,0,,DAYL,CLER,0,0,NONE,,,15.0,50,0,0,U,,F,T,0,0.0,,,,NONE,0,0,0,0,0,4,0,4,N,,,,,,2021-09-20 15:26:33,,VMC,,55.610736,-131.580444,Pre2008.mdb,2026-04-14 02:18:25.664087
20001211X12510,ANC93LA096,ACC,1993-06-18 00:00:00,Fr,2230,UTC,JUNEAU,AK,USA,99801,1993,6,,,583448N,1344615W,MEAS,,,OFAP,0.0,,,,PILO,,0,,,0,,DAYL,UNK,0,0,,,,,37,0,0,U,,F,F,0,0.0,,,,MINR,0,0,0,0,1,5,0,6,N,,,,,,2021-09-20 15:26:33,,IMC,,58.580017,-134.770874,Pre2008.mdb,2026-04-14 02:18:25.664087
20001211X12511,ANC93LA097,ACC,1993-06-20 00:00:00,Su,50,UTC,ANCHORAGE,AK,USA,99502,1993,6,,,061936N,1495922W,MEAS,LAKE HOOD AIRSTRIP,Z41,ONAP,0.0,,73,,PILO,,0,,,0,,DAYL,CLER,0,0,NONE,,,90.0,61,0,130,U,3,F,T,0,0.0,,,,NONE,0,0,0,0,0,1,0,1,N,,,,,,2021-09-20 15:26:34,,VMC,,61.160072,-149.989364,Pre2008.mdb,2026-04-14 02:18:25.664087
20001211X12512,ANC93LA098,ACC,1993-06-19 00:00:00,Sa,1730,UTC,GRAYLING,AK,USA,99590,1993,6,,,625324N,0016063W,MEAS,GRAYLING,KGX,ONAP,0.0,,99,,PILO,,0,,,0,,DAYL,CLER,0,0,NONE,,,90.0,70,0,330,U,,F,T,0,0.0,,,,NONE,0,0,0,0,0,1,0,1,N,,,,,,2021-09-20 15:26:34,,VMC,,62.889888,-160.10083,Pre2008.mdb,2026-04-14 02:18:25.664087
20001214X36423,DCA85RA999,ACC,1985-05-08 00:00:00,We,0,,GUADALUPE,,DO,,1985,5,,,,,,,,,,,,,,,,,,,,,,,,,,,,,,,,,,,,,,,,NONE,0,0,0,0,0,8,0,8,N,,,,,,2021-09-23 21:26:49,,,,,,Pre2008.mdb,2026-04-14 02:18:25.664087
20001211X12513,ANC93LA099,ACC,1993-06-18 00:00:00,Fr,2300,UTC,KATMAI,AK,USA,99606,1993,6,,,059510N,1543333W,MEAS,NEAR KATMAI,,ONAP,0.0,,,,PILO,,0,,,0,,DAWN,UNK,0,6000,OVC,,,30.0,45,0,0,U,,F,T,0,0.0,,,,NONE,0,0,0,0,0,3,0,3,N,,,,,,2021-09-20 15:26:34,,VMC,,59.84991,-154.559188,Pre2008.mdb,2026-04-14 02:18:25.664087
20001211X12514,ANC93LA100,ACC,1993-06-19 00:00:00,Sa,130,UTC,MERRILL PASS,AK,USA,99502,1993,6,,,061935N,1495926W,MEAS,,,OFAP,0.0,,,,PILO,,0,,,0,,DAYL,SCAT,9000,0,NONE,,,50.0,61,0,0,U,,F,T,0,0.0,,,,NONE,0,0,0,0,0,2,0,2,N,,,,,,2021-09-20 15:26:35,,VMC,,61.159584,-149.990585,Pre2008.mdb,2026-04-14 02:18:25.664087
20001211X12515,ANC93LA101,ACC,1993-06-24 00:00:00,Th,5,UTC,COMET MINE,AK,USA,99801,1993,6,,,583448N,0134469W,MEAS,,,OFAP,0.0,0,,,PILO,1605,0,,,0,,DAYL,CLER,0,0,NONE,,,50.0,57,0,210,U,8,F,T,0,0.0,,,,NONE,0,0,0,0,0,3,0,3,N,,,,,,2021-09-20 15:26:35,,VMC,,58.579921,-134.769104,Pre2008.mdb,2026-04-14 02:18:25.664087
20001211X12516,ANC93LA102,ACC,1993-06-24 00:00:00,Th,150,UTC,NONDALTON,AK,USA,99640,1993,6,,,595737N,1545210W,MEAS,NONDALTON,5NN,ONAP,1.0,350,250,,PILO,2050,220,5N,250,1,UTC,DAYL,CLER,0,0,NONE,,,40.0,61,0,20,U,15,F,T,0,0.0,,,,NONE,0,0,0,0,0,1,0,1,N,,,,,,2021-09-20 16:33:09,,VMC,,59.960369,-154.869461,Pre2008.mdb,2026-04-14 02:18:25.664087
20001211X12517,ANC93LA103,ACC,1993-06-28 00:00:00,Mo,30,UTC,UGANIK RIVER,AK,USA,99615,1993,6,,,574723N,1522357W,MEAS,,,ONAP,0.0,,10,,PILO,1930,0,,10,0,UTC,DAYL,SCAT,0,3500,OVC,,,10.0,55,45,330,U,10,F,F,15,29.0,,,,NONE,0,0,0,0,0,1,0,1,N,,,,,,2021-09-20 15:26:36,,VMC,,57.789852,-152.399124,Pre2008.mdb,2026-04-14 02:18:25.664087
20001211X12518,ANC93LA104,ACC,1993-06-29 00:00:00,Tu,246,UTC,JUNEAU,AK,USA,99801,1993,6,,,583447N,1344616W,MEAS,JUNEAU AIRPORT,JNU,ONAP,0.0,,19,,WFAC,2145,90,JNU,19,1,UTC,DAYL,UNK,0,10000,OVC,,,25.0,61,0,270,U,5,F,F,0,0.0,,,,NONE,0,0,0,0,0,1,0,1,N,,,,,,2021-09-20 15:26:36,,VMC,,58.579792,-134.77098,Pre2008.mdb,2026-04-14 02:18:25.664087
20001211X12519,ANC93LA105,ACC,1993-06-29 00:00:00,Tu,1825,UTC,GAMBELL,AK,USA,99742,1993,6,,,063452N,1714127W,MEAS,GAMBELL,GAM,ONAP,0.0,,27,,PILO,,0,,,0,,DAYL,SCAT,400,3500,OVC,,,15.0,41,0,20,U,7,F,F,0,0.0,,,,SERS,0,0,1,0,0,7,0,8,N,,,,,,2021-09-20 15:26:37,,VMC,,63.750537,-171.690933,Pre2008.mdb,2026-04-14 02:18:25.664087
20001211X12520,ANC93LA106,ACC,1993-06-20 00:00:00,Su,1915,UTC,VICTORY,AK,USA,99645,1993,6,,,613713N,1485848W,MEAS,,,OFAP,0.0,,,,PILO,,0,,,0,,DAYL,UNK,7500,7500,BKN,,,90.0,64,52,0,Y,,T,T,0,29.0,,,,NONE,0,0,0,0,0,3,0,3,N,,,,,,2021-12-15 20:39:55,,VMC,,61.620414,-148.980087,Pre2008.mdb,2026-04-14 02:18:25.664087
20001211X12740,ANC93LA108,ACC,1993-07-02 00:00:00,Fr,1800,UTC,SKWENTNA,AK,USA,99667,1993,7,,,615545N,1514348W,MEAS,,,OFAP,0.0,0,,,PILO,,0,,,0,,DAYL,CLER,0,0,NONE,,,20.0,54,46,300,U,5,F,F,0,29.0,,,,NONE,0,0,0,0,0,1,0,1,N,,,,,,2021-12-15 20:39:56,,VMC,,61.92921,-151.730026,Pre2008.mdb,2026-04-14 02:18:25.664087
20001211X12741,ANC93LA109,ACC,1993-07-02 00:00:00,Fr,1800,UTC,ILIAMNA,AK,USA,99606,1993,7,,,595059N,1543334W,MEAS,,,OFAP,0.0,0,,,PILO,,0,,,0,,DAYL,UNK,1500,1500,OVC,,,,45,0,90,U,10,F,F,0,0.0,,,,NONE,0,0,0,0,0,2,0,2,N,,,,,,2021-12-15 20:39:57,,VMC,,59.84959,-154.55957,Pre2008.mdb,2026-04-14 02:18:25.664087
20001211X12742,ANC93LA110,ACC,1993-07-03 00:00:00,Sa,1800,UTC,DELTA JUNCTION,AK,USA,99737,1993,7,,,634158N,1445322W,MEAS,,,OFAP,0.0,0,,,PILO,,0,,,0,,DAYL,CLER,0,0,NONE,,,,64,0,0,U,,F,F,0,0.0,,,,NONE,0,0,0,0,0,3,0,3,N,,,,,,2021-12-15 20:39:58,,VMC,,63.699405,-144.889328,Pre2008.mdb,2026-04-14 02:18:25.664087
20001211X12743,ANC93LA111,ACC,1993-07-03 00:00:00,Sa,2300,UTC,DILLINGHAM,AK,USA,99576,1993,7,,,584913N,1575134W,MEAS,,,OFAP,0.0,0,,,PILO,,0,,,0,,DAYL,UNK,2000,2000,OVC,,,,45,0,180,U,10,F,F,0,0.0,,,,NONE,0,0,0,0,0,1,0,1,N,,,,,,2021-12-15 20:39:59,,VMC,,58.820186,-157.859436,Pre2008.mdb,2026-04-14 02:18:25.664087
20001211X12744,ANC93LA113,ACC,1993-07-09 00:00:00,Fr,45,UTC,ANCHORAGE,AK,USA,99502,1993,7,,,061937N,1495921W,MEAS,,,OFAP,0.0,0,,,PILO,,0,,,0,,DAYL,CLER,0,0,NONE,,,90.0,70,0,0,U,,F,T,0,0.0,,,,NONE,0,0,0,0,0,1,0,1,N,,,,,,2021-12-15 20:40:00,,VMC,,61.160301,-149.989303,Pre2008.mdb,2026-04-14 02:18:25.664087
20001211X12745,ANC93LA117,ACC,1993-07-14 00:00:00,We,2030,UTC,CIRCLE HOT SPRI,AK,USA,99733,1993,7,,,654724N,0144123W,MEAS,CIRCLE HOT SPRINGS,CHP,ONAP,0.0,,956,,PILO,,0,,,0,,DAYL,CLER,0,0,NONE,,,40.0,81,0,0,Y,,T,T,0,0.0,,,,NONE,0,0,0,0,0,2,0,2,N,,,,,,2021-12-15 20:40:01,,VMC,,65.790008,-144.200729,Pre2008.mdb,2026-04-14 02:18:25.664087
20001211X12746,ANC93LA118,ACC,1993-07-15 00:00:00,Th,1904,UTC,TURNER LAKE,AK,USA,99801,1993,7,,,583446N,1344615W,MEAS,,,OFAP,0.0,,,,WFAC,1404,70,JNU,8,30,UTC,DAYL,CLER,0,0,NONE,,,30.0,61,0,0,U,,F,T,0,0.0,,,,NONE,0,0,0,0,0,3,0,3,N,,,,,,2021-12-15 20:40:03,,VMC,,58.579437,-134.770782,Pre2008.mdb,2026-04-14 02:18:25.664087
20001211X12747,ANC93LA119,ACC,1993-07-14 00:00:00,We,2215,UTC,RESURRECT'N BAY,AK,USA,99664,1993,7,,,060257N,1491947W,MEAS,,,OFAP,0.0,,,,PILO,,0,,,0,,DAYL,CLER,0,0,NONE,,,20.0,70,0,0,Y,,T,T,0,0.0,,,,NONE,0,0,0,0,0,2,0,2,N,,,,,,2021-12-15 20:40:04,,VMC,,60.049133,-149.32965,Pre2008.mdb,2026-04-14 02:18:25.664087
20001211X12748,ANC93LA120,ACC,1993-07-19 00:00:00,Mo,130,UTC,CHICKALOON FLAT,AK,USA,99501,1993,7,,,611315N,1495057W,MEAS,,,OFAP,0.0,,,,WIT,1745,0,,,0,,DAYL,UNK,4000,4000,OVC,,,40.0,68,0,0,U,,F,T,0,0.0,,,,SERS,0,0,0,0,0,0,2,2,N,,,,,,2021-12-15 20:40:05,,VMC,,61.220722,-149.849273,Pre2008.mdb,2026-04-14 02:18:25.664087
20001211X12749,ANC93LA121,ACC,1993-07-19 00:00:00,Mo,2245,UTC,KELLY RIVER BAR,AK,USA,99752,1993,7,,,671425N,1611125W,MEAS,,,OFAP,0.0,,,,WFAC,1650,170,OTZ,10,75,UTC,DAYL,SCAT,6500,0,NONE,,,25.0,55,55,310,U,,F,T,0,30.0,,,,NONE,0,0,0,0,0,5,0,5,N,,,,,,2021-12-15 20:40:06,,VMC,,67.240341,-161.190277,Pre2008.mdb,2026-04-14 02:18:25.664087
20001211X12750,ANC93LA122,ACC,1993-07-11 00:00:00,Su,2330,UTC,TALKEETNA,AK,USA,99676,1993,7,,,062273N,1494727W,MEAS,,,OFAP,0.0,0,,,PILO,,0,,,0,,DAYL,CLER,0,0,NONE,,,80.0,75,0,0,Y,,T,F,0,0.0,,,,NONE,0,0,0,0,0,2,0,2,N,,,,,,2021-09-20 15:26:37,,VMC,,62.450767,-149.790847,Pre2008.mdb,2026-04-14 02:18:25.664087
20001211X12751,ANC93LA124,ACC,1993-07-21 00:00:00,We,2300,UTC,PORT ALSWORTH,AK,USA,99653,1993,7,,,060120N,1541651W,MEAS,PORT ALSWORTH,Z30,ONAP,0.0,,293,,WFAC,1800,360,Z30,293,1,UTC,DAYL,SCAT,18000,0,NONE,,,25.0,64,48,150,U,8,F,F,0,29.0,,,,SERS,0,0,0,0,0,0,1,1,N,,,,,,2021-12-15 20:40:07,,VMC,,60.200004,-154.280929,Pre2008.mdb,2026-04-14 02:18:25.664087
20001211X12752,ANC93LA125,ACC,1993-07-24 00:00:00,Sa,445,UTC,CORDOVA,AK,USA,99574,1993,7,,,604721N,1453633W,MEAS,,,OFAP,0.0,,,,PILO,,0,,,0,,DAYL,SCAT,3000,0,NONE,,,30.0,57,0,0,U,,F,F,0,0.0,,,,NONE,0,0,0,0,0,2,0,2,N,,,,,,2021-12-15 20:40:08,,VMC,,60.789176,-145.609252,Pre2008.mdb,2026-04-14 02:18:25.664087
20001211X12753,ANC93LA126,ACC,1993-07-25 00:00:00,Su,238,UTC,EGEGIK,AK,USA,99579,1993,7,,,058122N,1572437W,MEAS,,,OFAP,0.0,0,,,PILO,,0,,,0,,DAYL,UNK,3000,3000,OVC,,,30.0,70,46,150,U,15,F,F,20,29.0,,,,NONE,0,0,0,0,0,4,0,4,N,,,,,,2021-12-15 20:40:09,,VMC,,58.200466,-157.41014,Pre2008.mdb,2026-04-14 02:18:25.664087
20001211X12754,ANC93LA127,ACC,1993-07-25 00:00:00,Su,2208,UTC,KODIAK,AK,USA,99615,1993,7,,,574722N,0152241W,MEAS,,,OFAP,0.0,0,,,WFAC,1723,120,ADQ,139,7,UTC,DAYL,SCAT,5500,0,NONE,,,15.0,63,54,190,U,8,F,F,15,29.0,,,,MINR,0,0,0,0,1,0,0,1,N,,,,,,2021-09-20 15:26:38,,VMC,,57.789527,-152.400238,Pre2008.mdb,2026-04-14 02:18:25.664087
20001211X12755,ANC93LA129,ACC,1993-08-01 00:00:00,Su,253,UTC,ANCHORAGE,AK,USA,99502,1993,8,,,061935N,1495922W,MEAS,LAKE HOOD SP BASE,LHD,ONAP,0.0,,73,,WFAC,2141,270,ANC,73,1,UTC,DAYL,UNK,0,6500,BKN,,,10.0,63,52,260,U,9,F,F,0,30.0,,,,MINR,0,0,0,0,1,0,0,1,N,,,,,,2021-12-15 20:40:10,,VMC,,61.159652,-149.989578,Pre2008.mdb,2026-04-14 02:18:25.664087
20001211X13068,BFO93WA144,ACC,1993-08-08 00:00:00,Su,1148,,CELLE-ARLOH,,GE,,1993,8,,,,,,,,,0.0,0,0,,,,0,,,0,,NR,UNK,0,0,UNK,,,,0,0,0,U,,F,F,0,0.0,,,,FATL,0,0,0,3,0,0,0,3,N,,,,,,2021-09-20 16:44:03,,Unk,,,,Pre2008.mdb,2026-04-14 02:18:25.664087
20001211X12756,ANC93LA130,ACC,1993-07-30 00:00:00,Fr,1915,UTC,DRY BAY,AK,USA,99689,1993,7,,,593037N,1394236W,MEAS,,,OFAP,0.0,0,,,WFAC,1350,315,YAK,33,40,UTC,DAYL,UNK,700,700,OVC,,,2.5,57,55,350,U,3,F,F,0,29.0,,,,FATL,0,0,0,2,0,0,0,2,N,,,,,,2021-09-20 15:26:38,,Unk,,59.510272,-139.710006,Pre2008.mdb,2026-04-14 02:18:25.664087
20001211X13023,ANC93LA131,ACC,1993-08-02 00:00:00,Mo,2300,UTC,KODIAK,AK,USA,99615,1993,8,,,574723N,1522357W,MEAS,,,OFAP,0.0,0,,,PILO,,0,,,0,,DAYL,SCAT,3000,7000,BKN,,,25.0,61,54,60,U,5,F,F,0,30.0,,,,MINR,0,0,0,0,1,0,0,1,N,,,,,,2021-09-20 15:26:38,,VMC,,57.789749,-152.399078,Pre2008.mdb,2026-04-14 02:18:25.664087
20001211X12757,ANC93LA132,ACC,1993-08-01 00:00:00,Su,205,UTC,SPARREVOHN,AK,USA,99695,1993,8,,,555512N,1592927W,MEAS,SPARREVOHN LRRS,SVW,ONAP,0.0,,1400,,WFAC,2105,300,SVW,1400,1,UTC,DAYL,SCAT,1500,3800,BKN,,,10.0,63,57,150,U,12,F,F,21,30.0,,,,NONE,0,0,0,0,0,2,0,2,N,,,,,,2021-12-15 20:40:12,,VMC,,55.920066,-159.490798,Pre2008.mdb,2026-04-14 02:18:25.664087
20001211X13024,ANC93LA133,ACC,1993-08-01 00:00:00,Su,2000,UTC,SOLDOTNA,AK,USA,99669,1993,8,,,601911N,1504721W,MEAS,SOLDOTNA,SXQ,ONAP,0.0,,107,,WFAC,1605,360,SXQ,107,1,UTC,DAYL,SCAT,2000,5000,BKN,,,10.0,64,52,230,U,5,F,F,0,30.0,,,,NONE,0,0,0,0,0,1,0,1,N,,,,,,2021-12-15 20:40:13,,VMC,,60.319831,-150.789093,Pre2008.mdb,2026-04-14 02:18:25.664087
20001211X13025,ANC93LA135,ACC,1993-08-06 00:00:00,Fr,200,UTC,DILLINGHAM,AK,USA,99576,1993,8,,,584914N,1575137W,MEAS,,,OFAP,0.0,,,,PILO,,0,,,0,,DAYL,UNK,800,800,OVC,,,5.0,0,0,0,U,,F,F,0,0.0,,,,NONE,0,0,0,0,0,2,0,2,N,,,,,,2021-12-15 20:40:14,,VMC,,58.820667,-157.860336,Pre2008.mdb,2026-04-14 02:18:25.664087
20001211X13026,ANC93LA136,ACC,1993-08-07 00:00:00,Sa,330,UTC,BLAIR LAKE,AK,USA,99705,1993,8,,,644612N,1471948W,MEAS,,,OFAP,0.0,,,,PILO,2200,350,FAI,1760,30,UTC,DUSK,UNK,1900,1900,BKN,,,15.0,61,55,240,U,20,F,T,0,30.0,,,,NONE,0,0,0,0,0,3,0,3,N,,,,,,2021-12-15 20:40:15,,VMC,,64.769905,-147.32991,Pre2008.mdb,2026-04-14 02:18:25.664087
20001211X13027,ANC93LA137,ACC,1993-08-07 00:00:00,Sa,2132,UTC,NORTHWAY,AK,USA,99764,1993,8,,,625959N,1414128W,MEAS,NORTHWAY,ORT,ONAP,0.0,,1716,,WIT,1600,0,ORT,1761,0,UTC,DAYL,SCAT,1800,4000,BKN,,,30.0,63,45,300,U,8,F,F,18,30.0,,,,NONE,0,0,0,0,0,1,0,1,N,,,,,,2021-12-15 20:40:16,,VMC,,62.99974,-141.690994,Pre2008.mdb,2026-04-14 02:18:25.664087
20001211X13028,ANC93LA138,ACC,1993-08-08 00:00:00,Su,615,UTC,ANCHORAGE,AK,USA,99502,1993,8,,,061939N,1495924W,MEAS,LAKE HOOD AIRSTRIP,Z41,ONAP,0.0,,100,,WFAC,52,180,ANC,100,1,UTC,DAYL,,20000,0,NONE,,,90.0,64,54,210,U,6,F,F,0,30.0,,,,NONE,0,0,0,0,0,3,0,3,N,,,,,,2021-12-15 20:40:19,,VMC,,61.160877,-149.98999,Pre2008.mdb,2026-04-14 02:18:25.664087
20001211X13029,ANC93LA139,ACC,1993-08-08 00:00:00,Su,2115,UTC,NORTHWAY,AK,USA,99764,1993,8,,,625958N,1414127W,MEAS,NORTHWAY,ORT,ONAP,0.0,,1716,,WFAC,1556,0,ORT,1716,0,UTC,DAYL,SCAT,5000,0,NONE,,,40.0,61,37,270,U,11,F,F,20,30.0,,,,NONE,0,0,0,0,0,2,0,2,N,,,,,,2021-12-15 20:40:20,,VMC,,62.999534,-141.690872,Pre2008.mdb,2026-04-14 02:18:25.664087
20001211X13030,ANC93LA140,ACC,1993-08-08 00:00:00,Su,2045,UTC,NEAR SKWENTNA,AK,USA,99667,1993,8,,,615548N,1514348W,MEAS,,,OFAP,0.0,,,,PILO,1245,0,,,0,,DAYL,CLER,0,0,NONE,,,40.0,79,0,90,U,6,F,F,0,0.0,,,,NONE,0,0,0,0,0,2,0,2,N,,,,,,2021-12-15 20:40:21,,VMC,,61.92987,-151.729965,Pre2008.mdb,2026-04-14 02:18:25.664087
20001211X13031,ANC93LA141,ACC,1993-08-09 00:00:00,Mo,2000,UTC,BERNARD GLACIER,AK,USA,99566,1993,8,,,061270N,0143858W,MEAS,REMOTE STRIP,,ONAP,0.0,,3300,,,1200,0,,,0,,DAYL,CLER,0,0,NONE,,,30.0,50,0,0,U,,F,F,0,0.0,,,,NONE,0,0,0,0,0,2,0,2,N,,,,,,2021-12-15 20:40:17,,VMC,,61.449947,-143.149368,Pre2008.mdb,2026-04-14 02:18:25.664087
20001211X13032,ANC93LA142,ACC,1993-08-13 00:00:00,Fr,615,UTC,BLACK RAPIDS,AK,USA,99737,1993,8,,,063423N,1445321W,MEAS,BLACK RAPIDS,5BK,ONAP,0.0,,2125,,PILO,,0,,,0,,DUSK,UNK,5000,5000,BKN,,,40.0,55,39,0,Y,25,T,F,0,29.0,,,,NONE,0,0,0,0,0,2,0,2,N,,,,,,2021-12-15 20:40:18,,VMC,,63.700778,-144.889251,Pre2008.mdb,2026-04-14 02:18:25.664087
20001211X12758,ANC93LA143,ACC,1993-07-31 00:00:00,Sa,800,UTC,JOHNSON GLACIER,AK,USA,99737,1993,7,,,063423N,1445325W,MEAS,,,OFAP,0.0,,,,WFAC,900,180,GKN,1579,60,UTC,DAYL,SCAT,8000,8000,BKN,,,25.0,50,39,200,U,,F,T,0,0.0,,,,FATL,0,0,0,2,0,0,0,2,N,,,,,,2021-12-15 20:40:38,,VMC,,63.700736,-144.890319,Pre2008.mdb,2026-04-14 02:18:25.664087
20001211X13033,ANC93LA144,ACC,1993-08-14 00:00:00,Sa,0,UTC,TOGIAK RIVER,AK,USA,99678,1993,8,,,591235N,1603226W,MEAS,,,OFAP,0.0,,,,,1857,160,DLG,86,40,UTC,DAYL,SCAT,700,1700,BKN,,,10.0,54,50,70,U,7,F,F,0,29.0,,,,MINR,0,0,0,0,1,5,0,6,N,,,,,,2021-12-15 20:40:39,,VMC,,59.209831,-160.540649,Pre2008.mdb,2026-04-14 02:18:25.664087
20001211X13034,ANC93LA145,ACC,1993-08-28 00:00:00,Sa,2145,UTC,ATIGAN PASS,AK,USA,99734,1993,8,,,702551N,1491727W,MEAS,,,OFAP,0.0,,,,PILO,,0,,,0,,DAYL,SCAT,4500,0,NONE,,,20.0,45,0,0,U,,F,F,0,0.0,,,,MINR,0,0,0,0,1,0,0,1,N,,,,,,2021-12-15 20:40:40,,VMC,,70.430892,-149.29074,Pre2008.mdb,2026-04-14 02:18:25.664087
20001211X13035,ANC93LA146,ACC,1993-08-14 00:00:00,Sa,350,UTC,NOME,AK,USA,99762,1993,8,,,644236N,1643713W,MEAS,,,OFAP,0.0,0,,,PILO,,0,,,0,,DAYL,CLER,0,0,NONE,,,50.0,61,0,0,U,,F,F,0,0.0,,,,NONE,0,0,0,0,0,7,0,7,N,,,,,,2021-12-15 20:40:41,,VMC,,64.709976,-164.620285,Pre2008.mdb,2026-04-14 02:18:25.664087
20001211X13036,ANC93LA147,ACC,1993-08-14 00:00:00,Sa,415,UTC,POINT BARROW,AK,USA,99723,1993,8,,,711647N,1564651W,MEAS,,,OFAP,0.0,,,,PILO,1950,0,BRW,,0,,DAYL,SCAT,2000,2500,OVC,,,20.0,32,27,270,U,6,F,F,0,29.0,,,,NONE,0,0,0,0,0,1,0,1,N,,,,,,2021-12-15 20:40:43,,VMC,,71.279762,-156.780761,Pre2008.mdb,2026-04-14 02:18:25.664087
20001211X13037,ANC93LA150,ACC,1993-08-16 00:00:00,Mo,1945,UTC,GALENA,AK,USA,99741,1993,8,,,644425N,0156510W,MEAS,,,OFAP,0.0,0,,,PILO,,0,,,0,,DAYL,UNK,5000,5000,BKN,,,30.0,52,0,30,U,14,F,F,0,0.0,,,,NONE,0,0,0,0,0,2,0,2,N,,,,,,2021-09-20 15:26:39,,VMC,,64.740356,-156.849975,Pre2008.mdb,2026-04-14 02:18:25.664087
20001211X13038,ANC93LA151,ACC,1993-08-18 00:00:00,We,415,UTC,GOOSE BAY,AK,USA,99504,1993,8,,,061123N,1494458W,MEAS,GOOSE BAY,Z40,ONAP,0.0,,78,,PILO,2000,0,,,0,,DAYL,CLER,0,0,NONE,,,20.0,61,0,330,U,3,F,F,0,0.0,,,,SERS,0,0,0,0,0,0,1,1,N,,,,,,2021-12-15 20:40:44,,VMC,,61.200702,-149.749435,Pre2008.mdb,2026-04-14 02:18:25.664087
20001211X13039,ANC93LA153,ACC,1993-08-18 00:00:00,We,1940,UTC,LITTLE DELTA RV,AK,USA,99737,1993,8,,,063420N,1445325W,MEAS,NONE,NONE,ONAP,1.0,60,3500,,PILO,,0,,,0,,DAYL,SCAT,6000,20000,OVC,,,40.0,61,0,0,Y,7,T,F,11,0.0,,,,MINR,0,0,0,0,1,1,0,2,N,,,,,,2021-12-15 20:40:46,,VMC,,63.700023,-144.890213,Pre2008.mdb,2026-04-14 02:18:25.664087
20001211X13040,ANC93LA154,ACC,1993-08-15 00:00:00,Su,2030,UTC,MT. DEBORAH,AK,USA,99737,1993,8,,,063421N,1445324W,MEAS,,,OFAP,0.0,0,,,PILO,,0,,,0,,DAYL,CLER,0,0,NONE,,,20.0,45,0,0,Y,13,T,F,0,0.0,,,,NONE,0,0,0,0,0,1,0,1,N,,,,,,2021-09-20 15:26:39,,VMC,,63.700325,-144.890045,Pre2008.mdb,2026-04-14 02:18:25.664087
20001211X13041,ANC93LA155,ACC,1993-08-21 00:00:00,Sa,2000,UTC,JAY CREEK,AK,USA,99676,1993,8,,,062271N,1494721W,MEAS,,,OFAP,0.0,0,,,PILO,,0,,,0,,DAYL,UNK,4000,4000,OVC,,,30.0,50,0,0,U,,F,F,0,0.0,,,,NONE,0,0,0,0,0,1,0,1,N,,,,,,2021-09-20 15:26:40,,VMC,,62.450416,-149.78926,Pre2008.mdb,2026-04-14 02:18:25.664087
20001211X13042,ANC93LA156,ACC,1993-08-21 00:00:00,Sa,200,UTC,GALBRAITH LAKE,AK,USA,99734,1993,8,,,702549N,1491724W,MEAS,,,OFAP,0.0,0,,,PILO,,0,,,0,,DAYL,UNK,5000,5000,OVC,,,50.0,61,0,0,Y,10,T,F,25,0.0,,,,NONE,0,0,0,0,0,2,0,2,N,,,,,,2021-09-20 15:26:40,,VMC,,70.430389,-149.289947,Pre2008.mdb,2026-04-14 02:18:25.664087
20001211X13043,ANC93LA157,ACC,1993-08-26 00:00:00,Th,300,UTC,BEAVER CREEK,AK,USA,99701,1993,8,,,644839N,0147439W,MEAS,,,OFAP,0.0,0,,,PILO,,0,,,0,,DAYL,SCAT,20000,0,NONE,,,80.0,50,0,0,U,,F,F,0,0.0,,,,MINR,0,0,0,0,1,0,0,1,N,,,,,,2021-09-20 15:26:41,,VMC,,64.810752,-147.719223,Pre2008.mdb,2026-04-14 02:18:25.664087
20001211X13044,ANC93LA158,ACC,1993-08-28 00:00:00,Sa,320,UTC,MOUNT ILIAMNA,AK,USA,99606,1993,8,,,059512N,1543340W,MEAS,,,OFAP,0.0,0,,,PILO,,0,,,0,,DAYL,UNK,10000,10000,OVC,,,20.0,61,0,180,U,10,F,F,15,0.0,,,,NONE,0,0,0,0,0,5,0,5,N,,,,,,2021-09-20 15:26:41,,VMC,,59.850627,-154.560974,Pre2008.mdb,2026-04-14 02:18:25.664087
20001211X13045,ANC93LA159,ACC,1993-08-29 00:00:00,Su,415,UTC,NOME,AK,USA,99762,1993,8,,,644233N,1643714W,MEAS,,,OFAP,0.0,0,,,WFAC,2334,270,OME,37,22,UTC,DAYL,SCAT,3300,5500,BKN,,,20.0,57,52,270,U,6,F,F,0,30.0,,,,FATL,0,0,0,1,0,0,0,1,N,,,,,,2021-09-20 15:26:42,,VMC,,64.709274,-164.620422,Pre2008.mdb,2026-04-14 02:18:25.664087
20001211X13046,ANC93LA160,ACC,1993-08-29 00:00:00,Su,0,UTC,HAPPY VALLEY,AK,USA,99734,1993,8,,,702546N,1491727W,MEAS,,,OFAP,0.0,0,,,PILO,,0,,,0,,DAYL,UNK,0,2500,OVC,,,20.0,39,41,0,U,,F,F,0,29.0,,,,NONE,0,0,0,0,0,2,0,2,N,,,,,,2021-09-20 15:26:42,,VMC,,70.429328,-149.290802,Pre2008.mdb,2026-04-14 02:18:25.664087
20001211X13047,ANC93LA162,ACC,1993-08-22 00:00:00,Su,330,UTC,KNIK GLACIER,AK,USA,99645,1993,8,,,613711N,1485851W,MEAS,,,OFAP,0.0,0,,,PILO,,0,,,0,,DAYL,SCAT,2000,3000,OVC,,,10.0,61,0,270,U,5,F,F,0,0.0,,,,NONE,0,0,0,0,0,1,0,1,N,,,,,,2021-09-20 15:26:42,,VMC,,61.619693,-148.980941,Pre2008.mdb,2026-04-14 02:18:25.664087
20001211X13048,ANC93LA163,ACC,1993-08-31 00:00:00,Tu,100,UTC,VICTORY,AK,USA,99645,1993,8,,,061379N,1485845W,MEAS,NEAR VICTORY,,ONAP,0.0,,,,PILO,,0,,,0,,DAYL,UNK,0,8000,OVC,,,50.0,0,0,0,U,,F,F,0,0.0,,,,NONE,0,0,0,0,0,1,0,1,N,,,,,,2021-12-15 20:40:47,,VMC,,61.619258,-148.979232,Pre2008.mdb,2026-04-14 02:18:25.664087
20001211X13049,ANC93LA164,ACC,1993-09-01 00:00:00,We,500,UTC,DELTA RIVER,AK,USA,99737,1993,9,,,634157N,1445323W,MEAS,,,OFAP,0.0,0,,,PILO,,0,,,0,,DAYL,UNK,8000,8000,OVC,,,20.0,50,0,330,U,5,F,F,0,0.0,,,,NONE,0,0,0,0,0,1,0,1,N,,,,,,2021-09-20 15:26:43,,VMC,,63.699069,-144.889724,Pre2008.mdb,2026-04-14 02:18:25.664087
20001211X13285,ANC93LA165,ACC,1993-09-01 00:00:00,We,2300,UTC,KIJIK RIVER,AK,USA,99653,1993,9,,,601157N,1541650W,MEAS,,,OFAP,0.0,,,,PILO,,0,,,0,,DAYL,SCAT,3000,4000,OVC,,,30.0,57,0,180,U,10,F,F,0,0.0,,,,SERS,0,0,0,0,0,0,1,1,N,,,,,,2021-09-20 16:33:09,,VMC,,60.199241,-154.280532,Pre2008.mdb,2026-04-14 02:18:25.664087
20001211X13050,ANC93LA166,ACC,1993-09-01 00:00:00,We,200,UTC,SQUIRREL RIVER,AK,USA,99749,1993,9,,,665848N,1602548W,MEAS,,,OFAP,0.0,0,,,PILO,,0,,,0,,DAYL,CLER,0,0,NONE,,,20.0,55,0,330,U,10,F,F,15,0.0,,,,MINR,0,0,0,0,1,0,0,1,N,,,,,,2021-09-20 16:33:10,,VMC,,66.979888,-160.429885,Pre2008.mdb,2026-04-14 02:18:25.664087
20001211X13286,ANC93LA168,ACC,1993-09-03 00:00:00,Fr,630,UTC,WULIK RIVER,AK,USA,99752,1993,9,,,671421N,1611125W,MEAS,,,OFAP,0.0,,,,PILO,,0,,,0,,DAYL,SCAT,5000,0,NONE,,,50.0,36,0,360,U,20,F,F,25,0.0,,,,NONE,0,0,0,0,0,1,0,1,N,,,,,,2021-09-20 16:33:10,,VMC,,67.239112,-161.190261,Pre2008.mdb,2026-04-14 02:18:25.664087
20001211X13287,ANC93LA169,ACC,1993-09-06 00:00:00,Mo,0,UTC,SWEET LUCY LAKE,AK,USA,99675,1993,9,,,,,,,,OFAP,0.0,,,,PILO,1600,0,,,0,,DAYL,UNK,0,2000,OVC,,,7.0,45,0,150,U,30,F,F,40,0.0,,,,NONE,0,0,0,0,0,4,0,4,N,,,,,,2021-09-20 16:33:11,,VMC,,,,Pre2008.mdb,2026-04-14 02:18:25.664087
20001211X13051,ANC93LA170,ACC,1993-08-30 00:00:00,Mo,125,UTC,HULAHULA RIVER,AK,USA,99740,1993,8,,,663333N,0145154W,MEAS,,,OFAP,0.0,,,,WIT,2000,120,,2500,50,UTC,DAYL,UNK,7000,7000,OVC,,,50.0,37,0,0,U,,F,F,0,0.0,,,,FATL,0,0,0,1,0,0,0,1,N,,,,,,2021-09-20 16:33:11,,Unk,,66.559143,-145.250976,Pre2008.mdb,2026-04-14 02:18:25.664087
20001211X13288,ANC93LA171,ACC,1993-09-06 00:00:00,Mo,104,UTC,PTARMIGAN PASS,AK,USA,99691,1993,9,,,625212N,1535213W,MEAS,UNNAMED AIRSTRIP,,ONAP,0.0,,2000,,WIT,,0,,,0,,DUSK,UNK,0,0,UNK,,,,0,0,0,U,,F,F,0,0.0,,,,,1,0,0,0,0,0,0,,N,,,,,,2021-09-20 16:33:12,,VMC,,62.869949,-153.870315,Pre2008.mdb,2026-04-14 02:18:25.664087
20001211X13289,ANC93LA174,ACC,1993-09-12 00:00:00,Su,5,UTC,SWIKSHAK BAY,AK,USA,99615,1993,9,,,574725N,0152240W,MEAS,,,OFAP,0.0,,,,PILO,,0,,,0,,DAYL,SCAT,2000,4000,BKN,,,10.0,39,0,0,Y,,T,T,0,0.0,,,,FATL,0,0,0,1,4,0,0,5,N,,,,,,2021-12-15 20:40:49,,VMC,,57.790214,-152.400009,Pre2008.mdb,2026-04-14 02:18:25.664087
20001211X13290,ANC93LA177,ACC,1993-09-12 00:00:00,Su,100,UTC,MOSQUITO RIVER,AK,USA,99780,1993,9,,,631049N,0014361W,MEAS,,,OFAP,0.0,,3000,,PILO,,0,,,0,,DAYL,SCAT,8000,0,NONE,,,50.0,50,0,120,U,,F,T,0,0.0,,,,NONE,0,0,0,0,0,1,0,1,N,,,,,,2021-09-20 16:33:12,,VMC,,63.180213,-143.100387,Pre2008.mdb,2026-04-14 02:18:25.664087
20001211X13291,ANC93LA178,ACC,1993-09-13 00:00:00,Mo,2300,UTC,PRUDHOE BAY,AK,USA,99734,1993,9,,,702548N,1491726W,MEAS,,,OFAP,0.0,,,,PILO,,0,,,0,,DAYL,SCAT,12000,0,NONE,,,99.0,45,0,0,U,,F,T,0,0.0,,,,NONE,0,0,0,0,0,1,0,1,N,,,,,,2021-09-20 16:33:13,,VMC,,70.429885,-149.290527,Pre2008.mdb,2026-04-14 02:18:25.664087
20001211X13292,ANC93LA179,ACC,1993-09-18 00:00:00,Sa,300,UTC,LAKE GEORGE,AK,USA,99645,1993,9,,,613713N,1485848W,MEAS,,,OFAP,0.0,,,,PILO,,0,,,0,,DAYL,CLER,0,0,NONE,,,50.0,39,0,180,U,3,F,T,0,0.0,,,,NONE,0,0,0,0,0,1,0,1,N,,,,,,2021-09-20 16:33:13,,VMC,,61.620296,-148.979965,Pre2008.mdb,2026-04-14 02:18:25.664087
20001211X13293,ANC93LA180,ACC,1993-09-19 00:00:00,Su,1745,UTC,YANTARNI BAY,AK,USA,99549,1993,9,,,565734N,1583450W,MEAS,,,OFAP,0.0,,,,PILO,,0,,,0,,DAYL,UNK,4000,4000,OVC,,,20.0,52,0,140,U,20,F,F,25,0.0,,,,NONE,0,0,0,0,0,4,0,4,N,,,,,,2021-09-20 16:33:13,,VMC,,56.959552,-158.580505,Pre2008.mdb,2026-04-14 02:18:25.664087
20001211X13294,ANC93LA181,ACC,1993-09-19 00:00:00,Su,2100,UTC,ILIAMNA,AK,USA,99606,1993,9,,,595059N,1543338W,MEAS,,,OFAP,0.0,,,,PILO,1551,360,ILI,207,1,UTC,DAYL,SCAT,2500,4000,BKN,,,70.0,50,39,210,U,12,F,T,0,30.0,,,,NONE,0,0,0,0,0,1,0,1,N,,,,,,2021-09-20 16:33:14,,VMC,,59.849685,-154.560592,Pre2008.mdb,2026-04-14 02:18:25.664087
20001211X13295,ANC93LA182,ACC,1993-09-21 00:00:00,Tu,530,UTC,PUMICE CREEK,AK,USA,99549,1993,9,,,565739N,1583447W,MEAS,,,OFAP,0.0,,,,PILO,,0,,,0,,DAYL,CLER,0,0,UNK,,,10.0,50,0,360,U,10,F,F,35,0.0,,,,NONE,0,0,0,0,0,1,0,1,N,,,,,,2021-09-20 16:33:14,,VMC,,56.960914,-158.579803,Pre2008.mdb,2026-04-14 02:18:25.664087
20001211X13296,ANC93LA184,ACC,1993-09-18 00:00:00,Sa,47,UTC,KETCHIKAN,AK,USA,99901,1993,9,,,553633N,1313446W,MEAS,KETCHIKAN SPB,5KE,OFAP,0.0,,0,,WFAC,1847,360,KTN,,1,UTC,DAYL,CLER,0,0,NONE,,,65.0,61,46,120,U,3,F,T,0,30.0,,,,NONE,0,0,0,0,0,3,0,3,N,,,,,,2021-09-20 16:33:15,,VMC,,55.609077,-131.579391,Pre2008.mdb,2026-04-14 02:18:25.664087
20001211X13297,ANC93LA185,ACC,1993-09-13 00:00:00,Mo,2000,UTC,PUGET BAY,AK,USA,99664,1993,9,,,060258N,1491950W,MEAS,,,OFAP,0.0,,10,,PILO,,0,,,0,,DAYL,CLER,0,0,NONE,,,50.0,55,0,0,Y,3,T,F,5,0.0,,,,MINR,0,0,0,0,1,0,0,1,N,,,,,,2021-09-20 16:33:15,,VMC,,60.049556,-149.330673,Pre2008.mdb,2026-04-14 02:18:25.664087
20001211X13298,ANC93LA186,ACC,1993-09-20 00:00:00,Mo,1900,UTC,PILOT POINT,AK,USA,99649,1993,9,,,057303N,1571650W,MEAS,,,OFAP,0.0,,,,PILO,,0,,,0,,DAYL,UNK,3000,3000,BKN,,,10.0,50,0,0,Y,15,T,F,20,0.0,,,,NONE,0,0,0,0,0,2,0,2,N,,,,,,2021-09-20 16:33:16,,VMC,,57.500904,-157.280441,Pre2008.mdb,2026-04-14 02:18:25.664087
20001211X13299,ANC93LA187,ACC,1993-09-20 00:00:00,Mo,30,UTC,CHARLIE LAKE,AK,USA,99695,1993,9,,,555515N,1592921W,MEAS,,,OFAP,0.0,,1500,,PILO,,0,,,0,,DAYL,SCAT,5000,10000,OVC,,,50.0,61,0,110,U,10,F,F,15,0.0,,,,NONE,0,0,0,0,0,2,0,2,N,,,,,,2021-09-20 16:33:16,,VMC,,55.920886,-159.489227,Pre2008.mdb,2026-04-14 02:18:25.664087
20001211X13300,ANC93LA189,ACC,1993-09-26 00:00:00,Su,1940,UTC,ROCKY RIVER,AK,USA,99663,1993,9,,,592321N,1513934W,MEAS,,,OFAP,0.0,,,,PILO,,0,,,0,,DAYL,SCAT,5000,5500,BKN,,,50.0,50,0,155,U,3,F,F,5,0.0,,,,MINR,0,0,0,0,2,0,0,2,N,,,,,,2021-09-20 16:33:17,,VMC,,59.389034,-151.6595,Pre2008.mdb,2026-04-14 02:18:25.664087
20001211X13498,ANC94FA001,ACC,1993-10-02 00:00:00,Sa,2230,UTC,MERRILL PASS,AK,USA,99501,1993,10,,,611311N,0149513W,MEAS,,,OFAP,0.0,,,,WIT,,0,,,0,,DAYL,UNK,0,0,UNK,,,3.0,30,0,140,U,20,F,F,30,0.0,,,,FATL,0,0,0,1,0,0,0,1,N,,,,,,2021-09-20 16:33:17,,IMC,,61.219829,-149.850967,Pre2008.mdb,2026-04-14 02:18:25.664087
20001211X13499,ANC94FA011,ACC,1993-10-16 00:00:00,Sa,1430,UTC,KENAI,AK,USA,99611,1993,10,,,603937N,1505358W,MEAS,,,OFAP,0.0,,,,WFAC,850,180,ENA,92,34,UTC,NDRK,,2100,2800,BKN,,,12.0,43,36,230,U,,F,T,0,29.0,,,,FATL,0,0,0,1,0,0,0,1,N,,,,,,2021-09-20 16:33:17,,Unk,,60.660266,-150.899475,Pre2008.mdb,2026-04-14 02:18:25.664087
20001206X00574,ANC94FA029,ACC,1994-01-17 00:00:00,Mo,1530,UTC,PALMER,AK,USA,99645,1994,1,,,613710N,1485845W,MEAS,,,OFAP,0.0,,,,WFAC,1545,45,ENA,,24,UTC,DAYL,SCAT,900,2500,BKN,,,15.0,3,0,360,U,10,F,T,0,29.0,,,,FATL,0,0,0,1,0,0,1,2,N,,,,,,2021-09-20 15:26:43,,VMC,,61.619495,-148.979248,Pre2008.mdb,2026-04-14 02:18:25.664087
20001206X00688,ANC94FA032,ACC,1994-02-10 00:00:00,Th,1615,UTC,KENAI,AK,USA,99611,1994,2,,,603934N,1505359W,MEAS,,,OFAP,0.0,,,,WIT,,0,,,0,,DAYL,CLER,0,0,NONE,,,50.0,0,0,0,U,,F,T,0,0.0,,,,FATL,0,0,0,1,0,0,0,1,N,,,,,,2021-09-20 15:26:44,,VMC,,60.659564,-150.899719,Pre2008.mdb,2026-04-14 02:18:25.664087
20001206X00689,ANC94FA036,ACC,1994-03-01 00:00:00,Tu,305,UTC,FAIRBANKS,AK,USA,99701,1994,3,,,644838N,1474311W,MEAS,FAIRBANKS INTL,FAI,ONAP,0.0,,434,,WFAC,251,1,FAI,434,1,UTC,NDRK,SCAT,4500,9000,BKN,,,15.0,-6,0,350,U,10,F,F,0,29.0,,,,NONE,0,0,0,0,0,14,0,14,N,,,,,,2021-12-15 20:40:50,,VMC,,64.810455,-147.719589,Pre2008.mdb,2026-04-14 02:18:25.664087
20001206X01412,ANC94FA070,ACC,1994-06-23 00:00:00,Th,415,UTC,JUNEAU,AK,USA,99801,1994,6,,,583448N,1344612W,MEAS,,,OFAP,0.0,,,,WIT,,0,,,0,,DAYL,UNK,0,0,,,,,55,0,0,U,,F,F,0,0.0,,,,FATL,0,0,0,7,0,0,4,11,N,,,,,,2021-09-20 15:26:44,,IMC,,58.58012,-134.769973,Pre2008.mdb,2026-04-14 02:18:25.664087
20001206X01413,ANC94FA074,ACC,1994-07-01 00:00:00,Fr,554,UTC,DELTA JUNCTION,AK,USA,99737,1994,7,,,634159N,1445322W,MEAS,,,OFAP,0.0,,,,WIT,,0,,,0,,DAYL,CLER,0,0,NONE,,,50.0,70,0,0,Y,,T,T,0,0.0,,,,FATL,0,0,0,3,0,0,0,3,N,,,,,,2021-09-20 15:26:45,,VMC,,63.699615,-144.88945,Pre2008.mdb,2026-04-14 02:18:25.664087
20001206X01633,ANC94FA080,ACC,1994-07-11 00:00:00,Mo,2040,UTC,PORTAGE CREEK,AK,USA,99576,1994,7,,,584915N,1575137W,MEAS,PORTAGE CREEK,,OFAP,1.0,70,137,,WIT,,0,,,0,,DAYL,UNK,0,0,OVC,,,2.0,54,52,60,U,5,F,F,20,30.0,,,,FATL,0,0,0,3,0,0,2,5,N,,,,,,2021-12-15 20:40:52,,VMC,,58.820915,-157.860153,Pre2008.mdb,2026-04-14 02:18:25.664087
20001206X01634,ANC94FA087,ACC,1994-07-18 00:00:00,Mo,1940,UTC,MCCARTHY,AK,USA,99695,1994,7,,,555514N,1592926W,MEAS,MCCARTHY NR 2,15Z,ONAP,0.0,,1531,,WFAC,1430,0,GKN,,0,UTC,DAYL,UNK,6500,6500,BKN,,,25.0,50,50,0,Y,,T,T,0,0.0,,,,SERS,0,0,0,0,3,0,5,8,N,,,,,,2021-09-20 15:26:45,,VMC,,55.920467,-159.490509,Pre2008.mdb,2026-04-14 02:18:25.664087
20001206X01635,ANC94FA089,ACC,1994-07-20 00:00:00,We,50,UTC,JUNEAU,AK,USA,99801,1994,7,,,583450N,1344612W,MEAS,,,OFAP,0.0,,,,,2018,150,JNU,19,20,UTC,DAYL,SCAT,500,1000,BKN,,,4.0,0,0,50,U,5,F,F,5,30.0,,,,NONE,0,0,0,0,0,7,0,7,N,,,,,,2021-12-15 20:40:53,,VMC,,58.580608,-134.769943,Pre2008.mdb,2026-04-14 02:18:25.664087
20001206X01897,ANC94FA100,ACC,1994-08-07 00:00:00,Su,2155,UTC,KODIAK,AK,USA,99615,1994,8,,,574722N,0152243W,MEAS,,,OFAP,0.0,,,,WIT,,0,,,0,,DAYL,,0,50,OVC,,,0.25,0,0,0,U,,F,T,0,0.0,,,,FATL,0,0,0,6,0,0,1,7,N,,,,,,2021-09-20 15:26:46,,IMC,,57.789516,-152.400955,Pre2008.mdb,2026-04-14 02:18:25.664087
20001206X01898,ANC94FA104,ACC,1994-08-10 00:00:00,We,100,UTC,EAGLE RIVER,AK,USA,99577,1994,8,,,611239N,1491459W,MEAS,,,OFAP,0.0,,,,,,0,,,0,,DAYL,CLER,0,0,NONE,,,50.0,64,0,0,U,,F,F,0,0.0,,,,FATL,0,0,0,2,0,0,0,2,N,,,,,,2021-12-15 20:40:55,,VMC,,61.210716,-149.24971,Pre2008.mdb,2026-04-14 02:18:25.664087
20001206X01899,ANC94FA105,ACC,1994-08-12 00:00:00,Fr,100,UTC,PORT ALSWORTH,AK,USA,99653,1994,8,,,060122N,1541650W,MEAS,,,OFAP,0.0,,,,WIT,,0,,,0,,DAYL,CLER,0,0,NONE,,,50.0,70,0,0,Y,,T,T,0,0.0,,,,FATL,0,0,0,3,0,0,0,3,N,,,,,,2021-09-20 15:26:46,,VMC,,60.200542,-154.280578,Pre2008.mdb,2026-04-14 02:18:25.664087
20001206X01900,ANC94FA106,ACC,1994-08-14 00:00:00,Su,1727,UTC,KENAI,AK,USA,99611,1994,8,,,603935N,1505357W,MEAS,,,OFAP,0.0,,,,WFAC,1346,270,ENA,,2,UTC,DAYL,CLER,0,0,NONE,,,70.0,63,50,150,U,4,F,T,0,30.0,,,,FATL,0,0,0,3,0,0,1,4,N,,,,,,2021-09-20 15:26:46,,VMC,,60.659759,-150.899047,Pre2008.mdb,2026-04-14 02:18:25.664087
20001206X01901,ANC94FA109,ACC,1994-08-16 00:00:00,Tu,1911,UTC,BIG LAKE,AK,USA,99652,1994,8,,,612739N,0150524W,MEAS,,,OFAP,0.0,,,,WFAC,1345,241,Z22,220,25,UTC,DAYL,SCAT,5000,20000,BKN,,,70.0,63,54,200,U,9,F,T,0,30.0,,,,FATL,0,0,0,2,0,0,1,3,N,,,,,,2021-09-20 15:26:47,,VMC,,61.460849,-150.090011,Pre2008.mdb,2026-04-14 02:18:25.664087
20001206X02158,ANC94FA130,ACC,1994-09-05 00:00:00,Mo,105,UTC,GULKANA,AK,USA,99588,1994,9,,,006261N,1453145W,MEAS,,,OFAP,0.0,,,,,,0,,,0,,DAYL,UNK,0,0,UNK,,,30.0,50,0,0,U,,F,F,0,0.0,,,,FATL,0,0,0,1,0,0,1,2,N,,,,,,2021-09-20 15:26:47,,VMC,,62.100227,-145.529159,Pre2008.mdb,2026-04-14 02:18:25.664087
20001206X00826,ANC94GA041,ACC,1994-03-21 00:00:00,Mo,1515,UTC,MT. FAIRWEATHER,,CA,0,1994,3,,,,,,,,OFAP,0.0,,,,WFAC,1450,350,YAK,20,50,UTC,DAYL,SCAT,6500,8000,BKN,,,50.0,32,18,110,U,6,F,T,0,29.0,,,,MINR,0,0,0,0,1,2,0,3,N,,,,,,2021-09-20 15:26:48,,VMC,,,,Pre2008.mdb,2026-04-14 02:18:25.664087
20001211X13673,ANC94IA020,INC,1993-11-30 00:00:00,Tu,2258,UTC,KING SALMON,AK,USA,99613,1993,11,,,058451N,1563225W,MEAS,KING SALMON,AKN,ONAP,0.0,,57,,PILO,,0,,,0,,NDRK,SCAT,4000,0,NONE,,,20.0,36,28,70,U,7,F,T,0,28.0,,,,NONE,0,0,0,0,0,11,0,11,N,,,,,,2021-09-20 16:33:18,,VMC,,58.750202,-156.540237,Pre2008.mdb,2026-04-14 02:18:25.664087
20001206X00827,ANC94IA037,INC,1994-03-04 00:00:00,Fr,2050,UTC,ANCHORAGE,AK,USA,99510,1994,3,,,007062N,1495212W,MEAS,ANCHORAGE INTERNATIONAL,ANC,ONAP,1.0,320,115,,PILO,2052,320,ANC,100,1,UTC,DAYL,SCAT,0,4000,OVC,,,15.0,9,0,140,U,7,F,T,0,29.0,,,,,0,0,0,0,0,0,0,,N,,,,,,2021-09-20 15:26:48,,VMC,,70.100593,-149.870086,Pre2008.mdb,2026-04-14 02:18:25.664087
20001206X00828,ANC94IA049,INC,1994-03-28 00:00:00,Mo,2220,UTC,ANCHORAGE,AK,USA,99503,1994,3,,,611048N,1495248W,MEAS,SLEEPER STRIP,,ONAP,0.0,,,,PILO,,0,,,0,,DAYL,,20000,0,UNK,,,50.0,43,25,270,U,5,F,T,0,29.0,,,,MINR,0,0,0,0,1,3,0,4,N,,,,,,2021-09-20 15:26:49,,VMC,,61.180038,-149.879974,Pre2008.mdb,2026-04-14 02:18:25.664087
20001206X01636,ANC94IA075,INC,1994-07-02 00:00:00,Sa,300,UTC,JUNEAU,AK,USA,99801,1994,7,,,583450N,1344613W,MEAS,JUNEAU INTL,,OFAP,3.0,90,,,WFAC,2145,90,JNU,10,3,UTC,DAYL,,0,8000,BKN,,,30.0,66,45,330,U,8,F,T,0,29.0,,,,NONE,0,0,0,0,0,63,0,63,N,,,,,,2021-09-20 15:26:49,,VMC,,58.58052,-134.770339,Pre2008.mdb,2026-04-14 02:18:25.664087
20001211X13500,ANC94LA002,ACC,1993-10-04 00:00:00,Mo,1830,UTC,PILOT POINT,AK,USA,99649,1993,10,,,057301N,1571646W,MEAS,VREMS CAMP,,ONAP,1.0,360,,,PILO,1030,0,,,0,,DAYL,CLER,0,0,NONE,,,100.0,34,0,45,U,5,F,F,0,0.0,,,,NONE,0,0,0,0,0,2,0,2,N,,,,,,2021-09-20 16:33:18,,VMC,,57.500289,-157.279449,Pre2008.mdb,2026-04-14 02:18:25.664087
20001211X13501,ANC94LA003,ACC,1993-10-05 00:00:00,Tu,1505,UTC,KENNEY LAKE,AK,USA,99780,1993,10,,,631051N,0014363W,MEAS,,,OFAP,0.0,,,,WIT,,0,,,0,,DAWN,,0,0,,,,0.25,25,25,0,U,,F,T,0,0.0,,,,FATL,0,0,0,1,0,0,0,1,N,,,,,,2021-09-20 16:33:19,,IMC,,63.180912,-143.10086,Pre2008.mdb,2026-04-14 02:18:25.664087
20001211X13502,ANC94LA004,ACC,1993-10-04 00:00:00,Mo,2320,UTC,BEAR CREEK,AK,USA,99709,1993,10,,,645358N,0148937W,MEAS,,,OFAP,0.0,,,,,,0,,,0,,DAYL,CLER,0,0,NONE,,,50.0,19,0,360,U,8,F,F,0,0.0,,,,MINR,0,0,0,0,2,0,0,2,N,,,,,,2021-09-20 16:33:19,,VMC,,64.899322,-148.160263,Pre2008.mdb,2026-04-14 02:18:25.664087
20001211X13503,ANC94LA005,ACC,1993-10-03 00:00:00,Su,1830,UTC,PILOT POINT,AK,USA,99649,1993,10,,,572958N,1571649W,MEAS,PILOT POINT,PIP,ONAP,0.0,,50,,,,0,,,0,,DAYL,CLER,0,0,NONE,,,99.0,39,0,360,U,30,F,F,35,29.0,,,,NONE,0,0,0,0,0,2,0,2,N,,,,,,2021-09-20 16:33:20,,VMC,,57.499389,-157.28038,Pre2008.mdb,2026-04-14 02:18:25.664087
20001211X13504,ANC94LA006,ACC,1993-10-06 00:00:00,We,2200,UTC,ANIAK,AK,USA,99557,1993,10,,,061120N,1583557W,MEAS,,,OFAP,0.0,,,,PILO,,0,,,0,,DAYL,CLER,0,0,NONE,,,50.0,39,0,90,U,10,F,F,15,0.0,,,,NONE,0,0,0,0,0,2,0,2,N,,,,,,2021-09-20 16:33:20,,VMC,,61.200088,-158.599288,Pre2008.mdb,2026-04-14 02:18:25.664087
20001211X13505,ANC94LA007,ACC,1993-10-08 00:00:00,Fr,135,UTC,BEAVER CREEK,AK,USA,99708,1993,10,,,,,,,,OFAP,0.0,,,,,,0,,,0,,NR,SCAT,8500,0,NONE,,,40.0,37,0,0,U,,F,F,0,0.0,,,,NONE,0,0,0,0,0,1,0,1,N,,,,,,2021-09-20 16:33:20,,VMC,,,,Pre2008.mdb,2026-04-14 02:18:25.664087
20001211X13506,ANC94LA008,ACC,1993-10-04 00:00:00,Mo,1800,UTC,PORT HEIDEN,AK,USA,99549,1993,10,,,565739N,1583445W,MEAS,,,ONAP,0.0,,300,,,,0,,,0,,DAYL,CLER,0,0,NONE,,,90.0,45,0,180,U,20,F,F,25,0.0,,,,NONE,0,0,0,0,0,2,0,2,N,,,,,,2021-09-20 16:33:21,,VMC,,56.960968,-158.579238,Pre2008.mdb,2026-04-14 02:18:25.664087
20001211X13507,ANC94LA009,ACC,1993-10-09 00:00:00,Sa,135,UTC,POINT LAY,AK,USA,99709,1993,10,,,064542N,0148939W,MEAS,POINT LAY,PIZ,ONAP,0.0,,20,,,,0,,,0,,DAYL,UNK,0,3300,OVC,,,10.0,37,0,130,U,10,F,T,0,0.0,,,,NONE,0,0,0,0,0,3,0,3,N,,,,,,2021-09-20 16:33:21,,VMC,,64.90055,-148.160903,Pre2008.mdb,2026-04-14 02:18:25.664087
20001211X13508,ANC94LA010,ACC,1993-10-08 00:00:00,Fr,2100,UTC,KING SALMON,AK,USA,99613,1993,10,,,058452N,1563222W,MEAS,UNKNOWN,,ONAP,0.0,,400,,PILO,,0,,,0,,DAYL,SCAT,3000,0,NONE,,,10.0,45,0,150,U,,F,T,0,29.0,,,,NONE,0,0,0,0,0,2,0,2,N,,,,,,2021-09-20 16:33:22,,VMC,,58.750564,-156.539321,Pre2008.mdb,2026-04-14 02:18:25.664087
20001211X13509,ANC94LA012,ACC,1993-10-05 00:00:00,Tu,2115,UTC,HAINES,AK,USA,99827,1993,10,,,059935N,1355139W,MEAS,,,OFAP,0.0,,,,PILO,,0,,,0,,NDRK,CLER,0,0,NONE,,,75.0,37,0,330,U,3,F,T,0,0.0,,,,NONE,0,0,0,0,0,1,0,1,N,,,,,,2021-09-20 16:33:22,,VMC,,59.15974,-135.860778,Pre2008.mdb,2026-04-14 02:18:25.664087
20001211X13510,ANC94LA013,ACC,1993-10-20 00:00:00,We,1515,UTC,KARLUK,AK,USA,99608,1993,10,,,,,,,,OFAP,0.0,,,,PILO,,0,,,0,,DAYL,OVCT,4500,0,NONE,,,30.0,39,0,90,U,15,F,T,0,29.0,,,,NONE,0,0,0,0,0,1,0,1,N,,,,,,2021-09-20 16:33:23,,VMC,,,,Pre2008.mdb,2026-04-14 02:18:25.664087
20001211X13511,ANC94LA014,ACC,1993-10-30 00:00:00,Sa,2000,UTC,CHIGNIK,AK,USA,99548,1993,10,,,561346N,1584424W,MEAS,,,OFAP,0.0,,,,PILO,,0,,,0,,DAYL,CLER,0,0,NONE,,,,32,0,0,U,,F,T,0,0.0,,,,NONE,0,0,0,0,0,2,0,2,N,,,,,,2021-09-20 16:33:23,,VMC,,56.229469,-158.740097,Pre2008.mdb,2026-04-14 02:18:25.664087
20001211X13674,ANC94LA015,ACC,1993-11-02 00:00:00,Tu,1400,UTC,GOOSE BAY,AK,USA,99687,1993,11,,,,,,GOOSE BAY,Z40,ONAP,0.0,70,78,,PILO,,0,,,0,,DAYL,CLER,0,0,NONE,,,60.0,39,0,315,U,5,F,F,5,0.0,,,,NONE,0,0,0,0,0,2,0,2,N,,,,,,2021-09-20 16:33:24,,VMC,,,,Pre2008.mdb,2026-04-14 02:18:25.664087
20001211X13675,ANC94LA016,ACC,1993-11-08 00:00:00,Mo,1800,UTC,CHEFORNAK,AK,USA,99561,1993,11,,,060859N,0164151W,MEAS,CHEFORNAK,Z74,ONAP,0.0,160,40,,PILO,,0,,,0,,DAYL,UNK,1200,1200,BKN,,,15.0,36,0,100,U,25,F,F,35,0.0,,,,NONE,0,0,0,0,0,1,0,1,N,,,,,,2021-09-20 16:33:24,,VMC,,60.149753,-164.25032,Pre2008.mdb,2026-04-14 02:18:25.664087
20001211X13676,ANC94LA019,ACC,1993-11-20 00:00:00,Sa,1515,UTC,ANCHORAGE,AK,USA,99501,1993,11,,,611313N,0149510W,MEAS,MERRILL FIELD,MRI,ONAP,0.0,,136,,PILO,,0,,,0,,DAYL,CLER,0,0,NONE,,,90.0,-9,0,0,U,,F,T,0,0.0,,,,NONE,0,0,0,0,0,4,0,4,N,,,,,,2021-09-20 16:33:24,,VMC,,61.220199,-149.849884,Pre2008.mdb,2026-04-14 02:18:25.664087
20001211X13809,ANC94LA021,ACC,1993-12-03 00:00:00,Fr,2027,UTC,NAPAKIAK,AK,USA,99634,1993,12,,,604048N,0016201W,MEAS,NAPAKIAK,WNA,ONAP,0.0,,20,,WFAC,2036,210,BET,123,20,UTC,DAYL,SCAT,600,2500,OVC,,,3.0,10,9,180,U,8,F,T,0,29.0,,,,NONE,0,0,0,0,0,1,0,1,N,,,,,,2021-09-20 16:33:25,,VMC,,60.680107,-162.000381,Pre2008.mdb,2026-04-14 02:18:25.664087
20001211X13810,ANC94LA022,ACC,1993-12-03 00:00:00,Fr,2345,UTC,TUNTUTULIAK,AK,USA,99680,1993,12,,,602438N,0162390W,MEAS,TUNTUTULIAK,AK61,ONAP,0.0,,16,,PILO,,0,,,0,,NDRK,CLER,0,0,NONE,,,5.0,16,0,0,Y,,T,T,0,0.0,,,,NONE,0,0,0,0,0,1,0,1,N,,,,,,2021-09-20 16:33:25,,VMC,,60.410621,-162.649948,Pre2008.mdb,2026-04-14 02:18:25.664087
20001211X13811,ANC94LA023,ACC,1993-12-07 00:00:00,Tu,1445,UTC,NORTHWAY,AK,USA,99780,1993,12,,,631046N,0143558W,MEAS,,,ONAP,0.0,,0,,PILO,,0,,,0,,DAYL,CLER,0,0,NONE,,,25.0,0,0,0,U,,F,T,0,29.0,,,,MINR,0,0,0,0,1,1,0,2,N,,,,,,2021-09-20 16:33:26,,VMC,,63.179573,-143.099349,Pre2008.mdb,2026-04-14 02:18:25.664087
20001211X13812,ANC94LA024,ACC,1993-12-08 00:00:00,We,1530,UTC,JUNEAU,AK,USA,99801,1993,12,,,583449N,1344611W,MEAS,,,OFAP,0.0,,5,,,,0,,,0,,DAYL,CLER,0,0,NONE,,,30.0,37,0,300,U,5,F,T,0,0.0,,,,NONE,0,0,0,0,0,2,0,2,N,,,,,,2021-09-20 16:33:26,,VMC,,58.580318,-134.769683,Pre2008.mdb,2026-04-14 02:18:25.664087
20001211X13813,ANC94LA025,ACC,1993-12-09 00:00:00,Th,1600,UTC,CIRCLE CITY,AK,USA,99733,1993,12,,,654724N,0144121W,MEAS,CIRCLE CITY (NEW),KQ3,OFAP,1.0,330,610,,PILO,,0,,,0,,DAYL,UNK,0,800,OVC,,,3.0,-6,0,0,U,,F,T,0,0.0,,,,SERS,0,0,0,0,0,0,1,1,N,,,,,,2021-09-20 16:33:27,,VMC,,65.790061,-144.20018,Pre2008.mdb,2026-04-14 02:18:25.664087
20001211X13814,ANC94LA026,ACC,1993-12-12 00:00:00,Su,1500,UTC,PORT LIONS,AK,USA,99550,1993,12,,,575357N,0153224W,MEAS,PORT LIONS,ORI,ONAP,0.0,,52,,PILO,,0,,,0,,DAYL,UNK,0,1000,OVC,,,10.0,30,0,45,U,10,F,F,15,0.0,,,,NONE,0,0,0,0,0,5,0,5,N,,,,,,2021-09-20 16:33:27,,VMC,,57.899044,-153.040023,Pre2008.mdb,2026-04-14 02:18:25.664087
20001211X13815,ANC94LA027,ACC,1993-12-23 00:00:00,Th,1900,UTC,PORT ALSWORTH,AK,USA,99653,1993,12,,,060120N,1541646W,MEAS,,,OFAP,0.0,,,,PILO,,0,,,0,,DAYL,SCAT,3800,5000,BKN,,,40.0,36,0,90,U,,F,T,0,0.0,,,,MINR,0,0,0,0,1,0,0,1,N,,,,,,2021-09-20 16:33:28,,VMC,,60.200111,-154.279556,Pre2008.mdb,2026-04-14 02:18:25.664087
20001206X00575,ANC94LA028,ACC,1994-01-08 00:00:00,Sa,1815,UTC,BIG LAKE,AK,USA,99652,1994,1,,,612734N,0150527W,MEAS,BIG LAKE,BGQ,OFAP,1.0,240,150,,PILO,,0,,,0,,DAYL,CLER,0,0,NONE,,,99.0,-6,0,0,U,,F,T,0,0.0,,,,NONE,0,0,0,0,0,2,0,2,N,,,,,,2021-09-20 15:26:50,,VMC,,61.459484,-150.090881,Pre2008.mdb,2026-04-14 02:18:25.664087
20001206X00576,ANC94LA030,ACC,1994-01-22 00:00:00,Sa,1733,UTC,ANCHORAGE,AK,USA,99501,1994,1,,,611311N,1495057W,MEAS,MERRILL FIELD,MRI,ONAP,0.0,,137,,WFAC,1737,0,MRI,137,0,UTC,DAYL,SCAT,6500,9000,BKN,,,50.0,28,25,330,U,3,F,T,0,29.0,,,,MINR,0,0,0,0,2,2,0,4,N,,,,,,2021-09-20 15:26:50,,VMC,,61.219787,-149.849227,Pre2008.mdb,2026-04-14 02:18:25.664087
20001206X00690,ANC94LA031,ACC,1994-02-08 00:00:00,Tu,2100,UTC,KWIGILLINGOK,AK,USA,99622,1994,2,,,595215N,1631045W,MEAS,KWIGILLINGOK,AK85,ONAP,0.0,0,20,,PILO,2145,180,BET,123,75,UTC,DAYL,,0,800,BKN,,,1.0,30,0,0,U,,F,T,0,0.0,,,,NONE,0,0,0,0,0,6,0,6,N,,,,,,2021-09-20 15:26:51,,VMC,,59.870769,-163.179077,Pre2008.mdb,2026-04-14 02:18:25.664087
20001206X00691,ANC94LA033,ACC,1994-02-10 00:00:00,Th,1840,UTC,ANCHORAGE,AK,USA,99501,1994,2,,,611313N,1495057W,MEAS,MERRILL FIELD,MRI,ONAP,0.0,,137,,WFAC,1843,0,MRI,137,0,UTC,DAYL,,20000,0,NONE,,,80.0,21,10,230,U,4,F,T,0,29.0,,,,NONE,0,0,0,0,0,1,0,1,N,,,,,,2021-09-20 15:26:51,,VMC,,61.220317,-149.84909,Pre2008.mdb,2026-04-14 02:18:25.664087
20001206X00692,ANC94LA034,ACC,1994-02-11 00:00:00,Fr,2120,UTC,NEW KOLIGANEK,AK,USA,99576,1994,2,,,584915N,1575138W,MEAS,KOLIGINAK,KGK,ONAP,0.0,,240,,PILO,,0,,,0,,DAYL,CLER,0,0,NONE,,,20.0,16,0,320,U,25,F,F,30,0.0,,,,NONE,0,0,0,0,0,1,0,1,N,,,,,,2021-09-20 15:26:52,,VMC,,58.820804,-157.860534,Pre2008.mdb,2026-04-14 02:18:25.664087
20001206X00693,ANC94LA035,ACC,1994-02-27 00:00:00,Su,122,UTC,KIVALINA,AK,USA,99752,1994,2,,,671427N,1611124W,MEAS,KIVALINA,KVL,ONAP,0.0,,10,,PILO,,0,,,0,,NDRK,CLER,0,0,NONE,,,7.0,-6,0,20,U,20,F,F,0,0.0,,,,NONE,0,0,0,0,0,6,0,6,N,,,,,,2021-12-15 20:40:56,,VMC,,67.240875,-161.18991,Pre2008.mdb,2026-04-14 02:18:25.664087
20001206X00829,ANC94LA038,ACC,1994-03-05 00:00:00,Sa,1630,UTC,CHUGIAK,AK,USA,99567,1994,3,,,612436N,1491013W,MEAS,BIRCHWOOD,Z15,ONAP,0.0,,96,,PILO,,0,,,0,,DAYL,UNK,0,0,NONE,,,50.0,0,0,0,U,,F,T,0,0.0,,,,NONE,0,0,0,0,0,1,0,1,N,,,,,,2021-09-20 15:26:52,,VMC,,61.410049,-149.170181,Pre2008.mdb,2026-04-14 02:18:25.664087
20001206X00830,ANC94LA039,ACC,1994-03-07 00:00:00,Mo,1915,UTC,CHUGIAK,AK,USA,99567,1994,3,,,612439N,1491015W,MEAS,,,OFAP,0.0,,,,,1400,0,,,0,,DAYL,SCAT,8000,0,UNK,,,25.0,27,0,180,U,25,F,F,15,0.0,,,,NONE,0,0,0,0,0,4,0,4,N,,,,,,2021-09-20 15:26:53,,VMC,,61.410858,-149.170837,Pre2008.mdb,2026-04-14 02:18:25.664087
20001206X00831,ANC94LA040,ACC,1994-03-18 00:00:00,Fr,1250,UTC,EUREKA LODGE,AK,USA,99588,1994,3,,,062559N,1453151W,MEAS,,,OFAP,0.0,,,,PILO,1354,190,5GN,100,80,UTC,DAYL,SCAT,6500,0,UNK,,,30.0,5,0,60,U,9,F,T,0,29.0,,,,NONE,0,0,0,0,0,4,0,4,N,,,,,,2021-09-20 15:26:53,,VMC,,62.099781,-145.530914,Pre2008.mdb,2026-04-14 02:18:25.664087
20001206X00832,ANC94LA042,ACC,1994-03-26 00:00:00,Sa,1855,UTC,WRANGELL,AK,USA,99929,1994,3,,,562435N,1313635W,MEAS,,,OFAP,0.0,,,,PILO,,0,,,0,,DAYL,OVCT,1000,0,NONE,,,5.0,45,0,0,U,,F,T,0,0.0,,,,MINR,0,0,0,0,1,0,0,1,N,,,,,,2021-09-20 15:26:54,,VMC,,56.409652,-131.609649,Pre2008.mdb,2026-04-14 02:18:25.664087
20001206X00833,ANC94LA043,ACC,1994-03-12 00:00:00,Sa,2145,UTC,SOLDOTNA,AK,USA,99669,1994,3,,,601911N,1504724W,MEAS,SOLDOTNA,SXO,ONAP,0.0,,107,,PILO,,0,,,0,,DAYL,CLER,0,0,NONE,,,30.0,30,0,0,U,,F,T,0,0.0,,,,NONE,0,0,0,0,0,2,0,2,N,,,,,,2021-09-20 15:26:54,,VMC,,60.319835,-150.79013,Pre2008.mdb,2026-04-14 02:18:25.664087
20001206X01016,ANC94LA044,ACC,1994-04-10 00:00:00,Su,100,UTC,DENALI NAT'L PK,AK,USA,99755,1994,4,,,634648N,0148319W,MEAS,,,OFAP,0.0,,,,PILO,,0,,,0,,DAYL,UNK,1500,1500,OVC,,,10.0,37,34,230,U,6,F,T,0,29.0,,,,NONE,0,0,0,0,0,1,0,1,N,,,,,,2021-09-20 15:26:54,,VMC,,63.780075,-148.51918,Pre2008.mdb,2026-04-14 02:18:25.664087
20001206X01017,ANC94LA045,ACC,1994-04-09 00:00:00,Sa,2130,UTC,VALDEZ,AK,USA,99686,1994,4,,,061857N,1464835W,MEAS,,,OFAP,0.0,,,,PILO,,0,JNU,,0,,DAYL,UNK,5000,5000,OVC,,,10.0,25,0,135,U,10,F,T,0,0.0,,,,NONE,0,0,0,0,0,2,0,2,N,,,,,,2021-09-20 15:26:55,,VMC,,61.14925,-146.80986,Pre2008.mdb,2026-04-14 02:18:25.664087
20001206X01018,ANC94LA046,ACC,1994-04-08 00:00:00,Fr,1755,UTC,MANLEY HOT SPRG,AK,USA,99756,1994,4,,,064393N,0150540W,MEAS,,,OFAP,0.0,,,,PILO,,0,FAI,,0,,DAYL,UNK,0,0,,,,3.0,19,0,315,U,8,F,F,10,29.0,,,,NONE,0,0,0,0,0,2,0,2,N,,,,,,2021-09-20 15:26:55,,VMC,,64.650749,-150.900115,Pre2008.mdb,2026-04-14 02:18:25.664087
20001206X01019,ANC94LA048,ACC,1994-04-08 00:00:00,Fr,1900,UTC,PAXSON,AK,USA,99737,1994,4,,,063421N,1445323W,MEAS,,,ONAP,0.0,,,,PILO,,0,,,0,,DAYL,UNK,5500,5500,OVC,,,5.0,30,0,0,U,,F,T,0,0.0,,,,NONE,0,0,0,0,0,1,0,1,N,,,,,,2021-09-20 15:26:56,,VMC,,63.700355,-144.889694,Pre2008.mdb,2026-04-14 02:18:25.664087
20001206X01020,ANC94LA050,ACC,1994-04-17 00:00:00,Su,2220,UTC,FAIRBANKS,AK,USA,99709,1994,4,,,064540N,0148938W,MEAS,FAIRBANKS INTERNATIONAL,FAI,ONAP,0.0,,439,,PILO,,0,,,0,,DAYL,CLER,0,0,NONE,,,50.0,45,0,360,U,,F,T,0,0.0,,,,NONE,0,0,0,0,0,1,0,1,N,,,,,,2021-09-20 15:26:56,,VMC,,64.899925,-148.160446,Pre2008.mdb,2026-04-14 02:18:25.664087
20001206X01191,ANC94LA053,ACC,1994-05-02 00:00:00,Mo,15,UTC,GUSTAVUS,AK,USA,99826,1994,5,,,582513N,1354649W,MEAS,,,OFAP,0.0,,,,,1916,270,GST,36,5,UTC,DAYL,SCAT,3000,0,UNK,,,10.0,50,34,0,U,,F,F,0,29.0,,,,NONE,0,0,0,0,0,2,0,2,N,,,,,,2021-12-15 20:40:58,,VMC,,58.420314,-135.78041,Pre2008.mdb,2026-04-14 02:18:25.664087
20001206X01192,ANC94LA055,ACC,1994-05-07 00:00:00,Sa,845,UTC,ALLAKAKET,AK,USA,99720,1994,5,,,663410N,0152571W,MEAS,ALLAKAKET,AET,ONAP,0.0,,350,,,,0,,,0,,NDRK,UNK,0,12000,BKN,,,50.0,50,0,0,Y,,T,F,0,29.0,,,,NONE,0,0,0,0,0,6,0,6,N,,,,,,2021-12-15 20:40:59,,VMC,,66.569442,-152.950149,Pre2008.mdb,2026-04-14 02:18:25.664087
20001206X01193,ANC94LA056,ACC,1994-05-09 00:00:00,Mo,130,UTC,CIRCLE HOT SPRI,AK,USA,99701,1994,5,,,644833N,1474311W,MEAS,CIRCLE HOT SPRINGS,CHP,ONAP,0.0,,980,,PILO,,0,,,0,,DAYL,SCAT,4500,0,BKN,,,30.0,0,0,180,U,15,F,T,0,0.0,,,,NONE,0,0,0,0,0,1,0,1,N,,,,,,2021-12-15 20:41:00,,VMC,,64.809295,-147.719726,Pre2008.mdb,2026-04-14 02:18:25.664087
20001206X01194,ANC94LA057,ACC,1994-05-24 00:00:00,Tu,2056,UTC,KENAI,AK,USA,99611,1994,5,,,603933N,1505357W,MEAS,,,OFAP,0.0,,,,,1257,0,ENA,,0,,DAYL,UNK,0,4700,BKN,,,50.0,52,30,0,U,,F,F,0,29.0,,,,MINR,0,0,0,0,1,0,0,1,N,,,,,,2021-09-20 15:26:57,,VMC,,60.659236,-150.899078,Pre2008.mdb,2026-04-14 02:18:25.664087
20001206X01195,ANC94LA058,ACC,1994-05-24 00:00:00,Tu,1900,UTC,LAKE GEORGE,AK,USA,99645,1994,5,,,613710N,1485850W,MEAS,LAKE GEORGE STRIP,,ONAP,0.0,,1500,,PILO,1100,0,,,0,,DAYL,CLER,0,0,NONE,,,50.0,45,0,0,U,,F,F,0,0.0,,,,NONE,0,0,0,0,0,1,0,1,N,,,,,,2021-09-20 15:26:57,,VMC,,61.619323,-148.980667,Pre2008.mdb,2026-04-14 02:18:25.664087
20001206X01196,ANC94LA059,ACC,1994-05-29 00:00:00,Su,1954,UTC,FAIRBANKS,AK,USA,99709,1994,5,,,064540N,0148939W,MEAS,FAIRBANKS INTL,FAI,ONAP,1.0,190,434,,PILO,,0,FAI,,0,,DAYL,SCAT,8000,10000,BKN,,,100.0,57,28,290,U,5,F,T,0,29.0,,,,NONE,0,0,0,0,0,2,0,2,N,,,,,,2021-09-20 15:26:58,,VMC,,64.900123,-148.160964,Pre2008.mdb,2026-04-14 02:18:25.664087
20001206X01197,ANC94LA060,ACC,1994-05-23 00:00:00,Mo,2000,UTC,PILOT POINT,AK,USA,99649,1994,5,,,057300N,1571646W,MEAS,UPPER OLDS CREEK STRIP,,ONAP,0.0,,300,,PILO,1200,0,,,0,,DAYL,UNK,0,1000,OVC,,,10.0,50,45,180,U,8,F,F,12,29.0,,,,NONE,0,0,0,0,0,1,0,1,N,,,,,,2021-09-20 15:26:58,,VMC,,57.49998,-157.279388,Pre2008.mdb,2026-04-14 02:18:25.664087
20001206X01198,ANC94LA061,ACC,1994-05-28 00:00:00,Sa,2235,UTC,ANCHORAGE,AK,USA,99510,1994,5,,,007060N,1495212W,MEAS,ANCHORAGE INTERNATIONAL,ANC,ONAP,1.0,320,144,,PILO,,0,,,0,,DAYL,SCAT,5000,0,NONE,,,30.0,61,50,320,U,5,F,F,0,0.0,,,,NONE,0,0,0,0,0,2,0,2,N,,,,,,2021-09-20 15:26:59,,VMC,,70.099899,-149.870056,Pre2008.mdb,2026-04-14 02:18:25.664087
20001206X01199,ANC94LA062,ACC,1994-06-01 00:00:00,We,630,UTC,KOTZEBUE,AK,USA,99752,1994,6,,,671426N,1611127W,MEAS,KOTZEBUE AIRPORT,OTZ,ONAP,0.0,,8,,PILO,,0,,,0,,DAYL,CLER,0,0,NONE,,,60.0,34,19,260,U,10,F,T,0,29.0,,,,NONE,0,0,0,0,0,2,0,2,N,,,,,,2021-09-20 15:26:59,,VMC,,67.240486,-161.190902,Pre2008.mdb,2026-04-14 02:18:25.664087
20001206X01414,ANC94LA063,ACC,1994-06-01 00:00:00,We,2200,UTC,FAIRBANKS,AK,USA,99708,1994,6,,,,,,,,OFAP,0.0,,,,,,0,,,0,,DAYL,UNK,0,4500,BKN,,,90.0,66,54,10,U,8,F,T,0,29.0,,,,NONE,0,0,0,0,0,1,0,1,N,,,,,,2021-09-20 15:27:00,,VMC,,,,Pre2008.mdb,2026-04-14 02:18:25.664087
20001206X01415,ANC94LA064,ACC,1994-06-04 00:00:00,Sa,430,UTC,TYONEK,AK,USA,99682,1994,6,,,061451N,0151939W,MEAS,,,OFAP,0.0,,,,,,0,,,0,,DAYL,CLER,0,0,NONE,,,90.0,0,0,0,U,,F,T,0,0.0,,,,NONE,0,0,0,0,0,4,0,4,N,,,,,,2021-09-20 15:27:00,,VMC,,61.080879,-151.160934,Pre2008.mdb,2026-04-14 02:18:25.664087
20001206X01416,ANC94LA065,ACC,1994-06-06 00:00:00,Mo,200,UTC,WASSILA-CHERI,AK,USA,99687,1994,6,,,,,,,,OFAP,0.0,,,,,,0,,,0,,DAYL,CLER,0,0,NONE,,,90.0,50,0,360,U,4,F,F,0,0.0,,,,NONE,0,0,0,0,0,1,0,1,N,,,,,,2021-09-20 15:27:01,,VMC,,,,Pre2008.mdb,2026-04-14 02:18:25.664087
20001206X01417,ANC94LA066,ACC,1994-06-04 00:00:00,Sa,2300,UTC,NAKNEK,AK,USA,99633,1994,6,,,058480N,1565359W,MEAS,,,OFAP,0.0,,,,,,0,,,0,,DAYL,CLER,0,0,NONE,,,80.0,70,36,0,U,,F,T,0,0.0,,,,MINR,0,0,0,0,1,0,0,1,N,,,,,,2021-09-20 15:27:01,,VMC,,58.80001,-156.899826,Pre2008.mdb,2026-04-14 02:18:25.664087
20001206X01418,ANC94LA067,ACC,1994-06-08 00:00:00,We,2215,UTC,KASSAN BAY,AK,USA,99901,1994,6,,,553633N,1313450W,MEAS,,,OFAP,0.0,,,,,,0,,,0,,DAYL,SCAT,3000,0,UNK,,,20.0,55,0,135,U,10,F,F,20,0.0,,,,NONE,0,0,0,0,0,2,0,2,N,,,,,,2021-12-15 20:41:01,,VMC,,55.609283,-131.580657,Pre2008.mdb,2026-04-14 02:18:25.664087
20001206X01419,ANC94LA068,ACC,1994-06-06 00:00:00,Mo,2200,UTC,BETHEL,AK,USA,99559,1994,6,,,604834N,0161511W,MEAS,BETHEL,BET,ONAP,0.0,,123,,PILO,,0,,,0,,DAYL,CLER,0,0,NONE,,,50.0,55,0,260,U,11,F,T,0,0.0,,,,NONE,0,0,0,0,0,2,0,2,N,,,,,,2021-09-20 15:27:02,,VMC,,60.809307,-161.85025,Pre2008.mdb,2026-04-14 02:18:25.664087
20001206X01420,ANC94LA069,ACC,1994-06-13 00:00:00,Mo,2345,UTC,ANCHORAGE,AK,USA,99501,1994,6,,,611310N,1495058W,MEAS,MERRILL FIELD,MRI,ONAP,0.0,,137,,PILO,,0,,,0,,DAYL,CLER,0,0,NONE,,,100.0,61,0,270,U,4,F,T,0,29.0,,,,NONE,0,0,0,0,0,2,0,2,N,,,,,,2021-09-20 15:27:02,,VMC,,61.219459,-149.849456,Pre2008.mdb,2026-04-14 02:18:25.664087
20001206X01421,ANC94LA071,ACC,1994-06-25 00:00:00,Sa,2030,UTC,FAIRBANKS,AK,USA,99705,1994,6,,,644610N,1471951W,MEAS,,,ONAP,0.0,,1600,,,,0,,,0,,DAYL,CLER,0,0,NONE,,,60.0,64,0,240,U,15,F,F,25,0.0,,,,NONE,0,0,0,0,0,2,0,2,N,,,,,,2021-12-15 20:41:03,,VMC,,64.769577,-147.330825,Pre2008.mdb,2026-04-14 02:18:25.664087
20001206X01422,ANC94LA072,ACC,1994-06-29 00:00:00,We,0,UTC,SHELDON POINT,AK,USA,99666,1994,6,,,622622N,0165859W,MEAS,SHELDON POINT,SXP,ONAP,0.0,,0,,,,0,,,0,,DAYL,UNK,0,1500,BKN,,,10.0,50,0,230,U,15,F,F,0,0.0,,,,NONE,0,0,0,0,0,1,0,1,N,,,,,,2021-09-20 15:27:03,,VMC,,62.439319,-165.149826,Pre2008.mdb,2026-04-14 02:18:25.664087
20001206X01423,ANC94LA073,ACC,1994-07-01 00:00:00,Fr,55,UTC,ANCHORAGE,AK,USA,99502,1994,7,,,061938N,1495924W,MEAS,LAKE HOOD,Z41,ONAP,0.0,,73,,PILO,,0,,,0,,DAYL,CLER,0,0,NONE,,,90.0,72,43,230,U,7,F,T,0,30.0,,,,NONE,0,0,0,0,0,3,0,3,N,,,,,,2021-09-20 15:27:03,,VMC,,61.160686,-149.990081,Pre2008.mdb,2026-04-14 02:18:25.664087
20001206X01637,ANC94LA076,ACC,1994-07-07 00:00:00,Th,2115,UTC,NORTHWAY,AK,USA,99764,1994,7,,,625958N,1414125W,MEAS,NORTHWAY,ORT,ONAP,0.0,,1716,,WFAC,1554,0,ORT,1716,0,UTC,DAYL,UNK,5000,5000,BKN,,,35.0,57,37,290,U,9,F,F,15,29.0,,,,NONE,0,0,0,0,0,3,0,3,N,,,,,,2021-09-20 15:27:04,,VMC,,62.999408,-141.690277,Pre2008.mdb,2026-04-14 02:18:25.664087
20001206X01638,ANC94LA077,ACC,1994-07-08 00:00:00,Fr,330,UTC,FT RICHARDSON,AK,USA,99505,1994,7,,,611533N,0149363W,MEAS,,,OFAP,0.0,,,,WFAC,2355,180,EDF,213,5,UTC,DAYL,SCAT,5000,0,NONE,,,50.0,66,41,0,U,,F,F,0,29.0,,,,NONE,0,0,0,0,0,1,0,1,N,,,,,,2021-12-15 20:41:04,,VMC,,61.259201,-149.600891,Pre2008.mdb,2026-04-14 02:18:25.664087
20001206X01639,ANC94LA078,ACC,1994-07-09 00:00:00,Sa,115,UTC,KENAI,AK,USA,99611,1994,7,,,603933N,0150540W,MEAS,ARNESS LAKE,6Z1,OFAP,0.0,210,125,,WFAC,,0,,,0,,DAYL,CLER,0,0,NONE,,,50.0,64,0,180,U,12,F,T,0,0.0,,,,SERS,0,0,0,0,0,0,1,1,N,,,,,,2021-09-20 15:27:04,,VMC,,60.659107,-150.900115,Pre2008.mdb,2026-04-14 02:18:25.664087
20001206X01640,ANC94LA079,ACC,1994-07-09 00:00:00,Sa,2015,UTC,NONDALTON,AK,USA,99640,1994,7,,,595733N,1545213W,MEAS,,,OFAP,0.0,,,,PILO,,0,,,0,,DAYL,UNK,2500,2500,OVC,,,25.0,45,46,0,Y,25,T,F,35,0.0,,,,NONE,0,0,0,0,0,6,0,6,N,,,,,,2021-09-20 15:27:05,,VMC,,59.95914,-154.870208,Pre2008.mdb,2026-04-14 02:18:25.664087
20001206X01641,ANC94LA081,ACC,1994-07-13 00:00:00,We,615,UTC,NEWTOK,AK,USA,99559,1994,7,,,604839N,0161512W,MEAS,,,OFAP,0.0,,,,,,0,,,0,,DAYL,CLER,0,0,NONE,,,40.0,61,0,45,U,5,F,T,0,0.0,,,,NONE,0,0,0,0,0,1,0,1,N,,,,,,2021-09-20 15:27:05,,VMC,,60.810863,-161.850662,Pre2008.mdb,2026-04-14 02:18:25.664087
20001206X01642,ANC94LA082,ACC,1994-07-16 00:00:00,Sa,725,UTC,KENAI,AK,USA,99611,1994,7,,,603937N,0150543W,MEAS,,,OFAP,0.0,,,,PILO,,0,,,0,,DAYL,CLER,0,0,NONE,,,50.0,55,0,0,U,,F,T,0,30.0,,,,NONE,0,0,0,0,0,3,0,3,N,,,,,,2021-09-20 15:27:06,,VMC,,60.660182,-150.900955,Pre2008.mdb,2026-04-14 02:18:25.664087
20001206X01643,ANC94LA083,ACC,1994-07-16 00:00:00,Sa,2000,UTC,NOATAK,AK,USA,99761,1994,7,,,673411N,0016300W,MEAS,,,OFAP,0.0,,,,,,0,,,0,,DAYL,UNK,0,10000,BKN,,,90.0,75,0,270,U,11,F,F,0,29.0,,,,NONE,0,0,0,0,0,2,0,2,N,,,,,,2021-12-15 20:41:05,,VMC,,67.569686,-162.999908,Pre2008.mdb,2026-04-14 02:18:25.664087
20001206X01644,ANC94LA084,ACC,1994-07-16 00:00:00,Sa,1730,UTC,TALKEETNA,AK,USA,99676,1994,7,,,622659N,1494721W,MEAS,HIGH LAKE LODGE AIRSTRIP,,ONAP,0.0,,2300,,PILO,,0,,,0,,DAYL,SCAT,5000,0,NONE,,,50.0,64,0,270,U,5,F,F,0,0.0,,,,NONE,0,0,0,0,0,3,0,3,N,,,,,,2021-12-15 20:41:06,,VMC,,62.449596,-149.789169,Pre2008.mdb,2026-04-14 02:18:25.664087
20001206X01645,ANC94LA086,ACC,1994-07-18 00:00:00,Mo,450,UTC,PALMER,AK,USA,99645,1994,7,,,613715N,1485850W,MEAS,PALMER,PAQ,ONAP,0.0,,232,,,2350,0,PAQ,232,0,UTC,DAYL,SCAT,3000,0,NONE,,,30.0,61,39,120,U,8,F,F,0,29.0,,,,NONE,0,0,0,0,0,1,0,1,N,,,,,,2021-12-15 20:41:07,,VMC,,61.620922,-148.980529,Pre2008.mdb,2026-04-14 02:18:25.664087
20001206X01646,ANC94LA088,ACC,1994-07-18 00:00:00,Mo,2045,UTC,ANCHORAGE,AK,USA,99513,1994,7,,,611236N,1495327W,MEAS,,,OFAP,0.0,,,,PILO,1430,0,ENA,,0,UTC,DAYL,UNK,5000,5000,BKN,,,35.0,55,0,90,U,7,F,F,10,0.0,,,,NONE,0,0,0,0,0,3,0,3,N,,,,,,2021-09-20 15:27:06,,VMC,,61.210006,-149.890792,Pre2008.mdb,2026-04-14 02:18:25.664087
20001206X01647,ANC94LA090,ACC,1994-07-17 00:00:00,Su,1830,UTC,FAIRBANKS,AK,USA,99701,1994,7,,,644836N,1474314W,MEAS,,,OFAP,0.0,,,,PILO,,0,,,0,,DAYL,CLER,0,0,NONE,,,60.0,64,0,45,U,15,F,F,25,0.0,,,,MINR,0,0,0,0,1,1,0,2,N,,,,,,2021-09-20 15:27:07,,VMC,,64.809997,-147.720474,Pre2008.mdb,2026-04-14 02:18:25.664087
20001206X01648,ANC94LA091,ACC,1994-07-21 00:00:00,Th,2345,UTC,HAINES,AK,USA,99827,1994,7,,,059939N,1355136W,MEAS,,,OFAP,0.0,,,,PILO,,0,,,0,,DAYL,CLER,0,0,NONE,,,6.0,16,0,225,U,5,F,T,0,0.0,,,,NONE,0,0,0,0,0,7,0,7,N,,,,,,2021-09-20 15:27:07,,VMC,,59.160797,-135.860107,Pre2008.mdb,2026-04-14 02:18:25.664087
20001206X01649,ANC94LA092,ACC,1994-07-24 00:00:00,Su,1740,UTC,ANCHORAGE,AK,USA,99513,1994,7,,,611234N,1495328W,MEAS,,,OFAP,0.0,,,,PILO,,0,EEN,,0,,DAYL,CLER,0,0,NONE,,,75.0,64,0,0,U,,F,T,0,0.0,,,,NONE,0,0,0,0,0,2,0,2,N,,,,,,2021-09-20 15:27:08,,VMC,,61.209434,-149.890975,Pre2008.mdb,2026-04-14 02:18:25.664087
20001206X01650,ANC94LA093,ACC,1994-07-23 00:00:00,Sa,2130,UTC,MELOZZI HOT SPS,AK,USA,99777,1994,7,,,651047N,0152413W,MEAS,MELOZI HOT SPRINGS,,ONAP,0.0,,900,,PILO,,0,,,0,,DAYL,SCAT,6000,0,NONE,,,50.0,61,0,90,U,10,F,T,0,29.0,,,,NONE,0,0,0,0,0,2,0,2,N,,,,,,2021-09-20 15:27:08,,VMC,,65.179634,-152.070404,Pre2008.mdb,2026-04-14 02:18:25.664087
20001206X01651,ANC94LA094,ACC,1994-07-30 00:00:00,Sa,200,UTC,KENAI,AK,USA,99611,1994,7,,,603938N,1505357W,MEAS,,,OFAP,0.0,,,,PILO,,0,,,0,,DAYL,CLER,0,0,NONE,,,100.0,0,0,0,Y,,T,F,0,0.0,,,,SERS,0,0,0,0,0,3,2,5,N,,,,,,2021-09-20 15:27:09,,VMC,,60.660457,-150.899291,Pre2008.mdb,2026-04-14 02:18:25.664087
20001206X01652,ANC94LA095,ACC,1994-07-31 00:00:00,Su,2200,UTC,NORTH POLE,AK,USA,99705,1994,7,,,644614N,1471946W,MEAS,,,OFAP,0.0,,,,PILO,,0,,,0,,DAYL,CLER,0,0,NONE,,,40.0,81,0,0,U,,F,T,0,0.0,,,,NONE,0,0,0,0,0,1,0,1,N,,,,,,2021-09-20 15:27:09,,VMC,,64.770484,-147.329452,Pre2008.mdb,2026-04-14 02:18:25.664087
20001206X01902,ANC94LA096,ACC,1994-08-02 00:00:00,Tu,2230,UTC,WHITTIER,AK,USA,99693,1994,8,,,060510N,0148149W,MEAS,,,OFAP,0.0,,,,,,0,,,0,,DAYL,UNK,0,100,,,,0.25,52,0,0,Y,,T,F,0,0.0,,,,NONE,0,0,0,0,0,2,0,2,N,,,,,,2021-12-15 20:41:09,,IMC,,60.849945,-148.030349,Pre2008.mdb,2026-04-14 02:18:25.664087
20001206X01903,ANC94LA097,ACC,1994-08-05 00:00:00,Fr,2250,UTC,MOSQUITO FLATS,AK,USA,99780,1994,8,,,631048N,0014361W,MEAS,,,OFAP,0.0,,,,,,0,,,0,,DAYL,CLER,0,0,NONE,,,40.0,84,50,0,U,,F,T,0,29.0,,,,NONE,0,0,0,0,0,2,0,2,N,,,,,,2021-12-15 20:41:10,,VMC,,63.17995,-143.10028,Pre2008.mdb,2026-04-14 02:18:25.664087
20001206X01904,ANC94LA098,ACC,1994-08-05 00:00:00,Fr,1900,UTC,JUNEAU,AK,USA,99801,1994,8,,,583449N,1344610W,MEAS,,,OFAP,0.0,,,,,1324,150,JNU,19,1,UTC,DAYL,SCAT,4000,7000,BKN,,,20.0,64,57,80,U,5,F,T,0,30.0,,,,NONE,0,0,0,0,0,4,0,4,N,,,,,,2021-12-15 20:41:11,,VMC,,58.580234,-134.769485,Pre2008.mdb,2026-04-14 02:18:25.664087
20001206X01905,ANC94LA099,ACC,1994-08-06 00:00:00,Sa,45,UTC,KING SALMON,AK,USA,99613,1994,8,,,058453N,1563221W,MEAS,,,OFAP,0.0,,,,WIT,,0,,,0,,DAYL,UNK,0,0,UNK,,,50.0,64,0,150,U,8,F,F,0,0.0,,,,NONE,0,0,0,0,0,4,0,4,N,,,,,,2021-12-15 20:41:12,,VMC,,58.750801,-156.539291,Pre2008.mdb,2026-04-14 02:18:25.664087
20001206X01906,ANC94LA101,ACC,1994-08-04 00:00:00,Th,535,UTC,NORTH POLE,AK,USA,99705,1994,8,,,644613N,1471949W,MEAS,,,OFAP,0.0,,,,PILO,,0,,,0,,DAYL,CLER,0,0,NONE,,,30.0,70,0,0,U,,F,T,0,0.0,,,,NONE,0,0,0,0,0,1,0,1,N,,,,,,2021-09-20 15:27:10,,VMC,,64.770378,-147.330368,Pre2008.mdb,2026-04-14 02:18:25.664087
20001206X01907,ANC94LA102,ACC,1994-08-09 00:00:00,Tu,2054,UTC,BETHEL,AK,USA,99709,1994,8,,,645358N,0148934W,MEAS,STOYAHUK,,ONAP,0.0,,,,PILO,,0,,,0,,DAYL,UNK,1500,1500,OVC,,,10.0,55,0,60,U,15,F,T,0,0.0,,,,MINR,0,0,0,0,1,0,0,1,N,,,,,,2021-09-20 15:27:10,,VMC,,64.899414,-148.159347,Pre2008.mdb,2026-04-14 02:18:25.664087
20001206X01908,ANC94LA103,ACC,1994-08-09 00:00:00,Tu,2030,UTC,CHUIT RIVER,AK,USA,99682,1994,8,,,061450N,0151935W,MEAS,,,OFAP,0.0,,,,,,0,,,0,,DAYL,UNK,0,0,UNK,,,50.0,61,0,0,Y,,T,F,0,0.0,,,,NONE,0,0,0,0,0,5,0,5,N,,,,,,2021-12-15 20:41:13,,VMC,,61.08057,-151.159805,Pre2008.mdb,2026-04-14 02:18:25.664087
20001206X01909,ANC94LA107,ACC,1994-08-13 00:00:00,Sa,100,UTC,TOK,AK,USA,99780,1994,8,,,631051N,0014360W,MEAS,,,OFAP,0.0,,,,PILO,,0,,,0,,DAYL,UNK,0,4000,BKN,,,30.0,61,0,0,Y,,T,F,0,0.0,,,,NONE,0,0,0,0,0,4,0,4,N,,,,,,2021-12-15 20:41:14,,VMC,,63.180698,-143.09996,Pre2008.mdb,2026-04-14 02:18:25.664087
20001206X01910,ANC94LA108,ACC,1994-08-04 00:00:00,Th,200,UTC,SALCHA,AK,USA,99714,1994,8,,,642214N,1463523W,MEAS,,,ONAP,0.0,,,,PILO,,0,,,0,,DAYL,CLER,0,0,NONE,,,7.0,81,0,0,U,,F,T,0,30.0,,,,NONE,0,0,0,0,0,2,0,2,N,,,,,,2021-09-20 15:27:11,,VMC,,64.370422,-146.589614,Pre2008.mdb,2026-04-14 02:18:25.664087
20001206X01911,ANC94LA110,ACC,1994-08-31 00:00:00,We,530,UTC,GUSTAVUS,AK,USA,99826,1994,8,,,582510N,1354650W,MEAS,,,OFAP,0.0,,,,,,0,,,0,,DUSK,UNK,0,3500,OVC,,,10.0,50,0,180,U,5,F,F,0,0.0,,,,NONE,0,0,0,0,0,1,0,1,N,,,,,,2021-09-20 15:27:11,,VMC,,58.419414,-135.780609,Pre2008.mdb,2026-04-14 02:18:25.664087
20001206X01653,ANC94LA111,ACC,1994-07-26 00:00:00,Tu,2100,UTC,DEADHORSE,AK,USA,99734,1994,7,,,702546N,1491725W,MEAS,,,OFAP,0.0,,,,PILO,,0,,,0,,DAYL,SCAT,3500,0,NONE,,,30.0,52,0,0,Y,,T,T,0,0.0,,,,NONE,0,0,0,0,0,1,0,1,N,,,,,,2021-09-20 15:27:12,,VMC,,70.429313,-149.290206,Pre2008.mdb,2026-04-14 02:18:25.664087
20001206X01912,ANC94LA112,ACC,1994-08-20 00:00:00,Sa,150,UTC,KOLIGANEK,AK,USA,99576,1994,8,,,584914N,1575135W,MEAS,,,OFAP,0.0,,,,PILO,,0,,,0,,DAYL,SCAT,3000,0,NONE,,,20.0,70,0,200,U,3,F,T,0,0.0,,,,NONE,0,0,0,0,0,2,0,2,N,,,,,,2021-09-20 15:27:12,,VMC,,58.820549,-157.859649,Pre2008.mdb,2026-04-14 02:18:25.664087
20001206X01913,ANC94LA113,ACC,1994-08-19 00:00:00,Fr,230,UTC,SKWENTA,AK,USA,99667,1994,8,,,615551N,1514348W,MEAS,,,OFAP,0.0,,,,PILO,,0,,,0,,DAYL,CLER,0,0,NONE,,,30.0,61,0,0,Y,,T,F,0,0.0,,,,NONE,0,0,0,0,0,2,0,2,N,,,,,,2021-09-20 15:27:13,,VMC,,61.930736,-151.730072,Pre2008.mdb,2026-04-14 02:18:25.664087
20001206X01914,ANC94LA114,ACC,1994-08-08 00:00:00,Mo,2230,UTC,DEADHORSE,AK,USA,99734,1994,8,,,702548N,1491721W,MEAS,GRASSER AIRSTRIP,,ONAP,0.0,,2200,,PILO,,0,,,0,,DAYL,CLER,0,0,NONE,,,60.0,70,0,315,U,10,F,T,0,0.0,,,,NONE,0,0,0,0,0,2,0,2,N,,,,,,2021-09-20 15:27:13,,VMC,,70.429862,-149.289199,Pre2008.mdb,2026-04-14 02:18:25.664087
20001206X01915,ANC94LA115,ACC,1994-08-09 00:00:00,Tu,2300,UTC,SKWENTNA,AK,USA,99667,1994,8,,,615548N,1514350W,MEAS,RIVER STRIP,,ONAP,0.0,,2000,,PILO,,0,,,0,,DAYL,UNK,0,6000,BKN,,,50.0,64,0,90,U,24,F,F,28,0.0,,,,NONE,0,0,0,0,0,1,0,1,N,,,,,,2021-09-20 15:27:14,,VMC,,61.929912,-151.730621,Pre2008.mdb,2026-04-14 02:18:25.664087
20001206X01916,ANC94LA116,ACC,1994-08-29 00:00:00,Mo,2300,UTC,SKWENTNA,AK,USA,99606,1994,8,,,059513N,1543335W,MEAS,,,OFAP,0.0,,,,PILO,,0,,,0,,DAYL,CLER,0,0,NONE,,,99.0,50,0,0,U,,F,T,0,0.0,,,,NONE,0,0,0,0,0,1,0,1,N,,,,,,2021-09-20 15:27:14,,VMC,,59.850803,-154.559677,Pre2008.mdb,2026-04-14 02:18:25.664087
20001206X01917,ANC94LA117,ACC,1994-08-31 00:00:00,We,618,UTC,ANCHORAGE,AK,USA,99501,1994,8,,,611310N,1495058W,MEAS,,,OFAP,0.0,,,,PILO,,0,,,0,,DAYL,SCAT,6300,0,UNK,,,60.0,50,0,0,U,,F,T,0,0.0,,,,NONE,0,0,0,0,0,2,0,2,N,,,,,,2021-09-20 15:27:15,,VMC,,61.219409,-149.849578,Pre2008.mdb,2026-04-14 02:18:25.664087
20001206X01918,ANC94LA118,ACC,1994-08-22 00:00:00,Mo,2116,UTC,TALKEENTNA,AK,USA,99676,1994,8,,,062274N,1494722W,MEAS,,,ONAP,0.0,,700,,,,0,,,0,,DAYL,SCAT,1000,0,UNK,,,40.0,61,0,0,Y,10,T,T,0,0.0,,,,NONE,0,0,0,0,0,2,0,2,N,,,,,,2021-09-20 15:27:15,,VMC,,62.451,-149.789413,Pre2008.mdb,2026-04-14 02:18:25.664087
20001206X01919,ANC94LA119,ACC,1994-08-21 00:00:00,Su,1745,UTC,DELTA JUNCTION,AK,USA,99737,1994,8,,,063423N,1445321W,MEAS,JOHNSON RIVER AIRSTRIP,,ONAP,0.0,,2125,,,,0,,,0,,DAYL,CLER,0,0,NONE,,,90.0,50,0,0,U,,F,T,0,0.0,,,,NONE,0,0,0,0,0,2,0,2,N,,,,,,2021-09-20 15:27:16,,VMC,,63.700778,-144.889236,Pre2008.mdb,2026-04-14 02:18:25.664087
20001206X01920,ANC94LA120,ACC,1994-08-21 00:00:00,Su,2030,UTC,NORTHWAY,AK,USA,99764,1994,8,,,006302N,1414124W,MEAS,,,OFAP,0.0,,,,PILO,,0,,,0,,DAYL,,800,800,OVC,,,1.0,39,39,180,U,10,F,F,30,0.0,,,,SERS,0,0,0,0,0,1,1,2,N,,,,,,2021-09-20 15:27:16,,IMC,,63.000587,-141.689987,Pre2008.mdb,2026-04-14 02:18:25.664087
20001206X01921,ANC94LA121,ACC,1994-08-18 00:00:00,Th,1906,UTC,WRANGELL,AK,USA,99929,1994,8,,,562439N,1313637W,MEAS,,,OFAP,0.0,,,,,1347,360,PSG,107,12,UTC,DAYL,,8000,0,UNK,,,20.0,61,54,0,U,,F,F,0,30.0,,,,NONE,0,0,0,0,0,1,0,1,N,,,,,,2021-09-20 15:27:17,,VMC,,56.410774,-131.610183,Pre2008.mdb,2026-04-14 02:18:25.664087
20001206X01922,ANC94LA122,ACC,1994-08-20 00:00:00,Sa,1800,UTC,CHICKALOON,AK,USA,99674,1994,8,,,614424N,1481310W,MEAS,,,ONAP,0.0,,4500,,PILO,,0,,,0,,DAYL,SCAT,8000,0,UNK,,,30.0,50,0,180,U,5,F,F,10,0.0,,,,NONE,0,0,0,0,0,2,0,2,N,,,,,,2021-09-20 15:27:17,,VMC,,61.739971,-148.219421,Pre2008.mdb,2026-04-14 02:18:25.664087
20001206X01923,ANC94LA123,ACC,1994-08-20 00:00:00,Sa,400,UTC,ARTIC VILLAGE,AK,USA,99722,1994,8,,,068522N,0145362W,MEAS,,,OFAP,0.0,,3000,,PILO,,0,,,0,,DAYL,SCAT,4000,8000,BKN,,,5.0,50,0,45,U,5,F,T,0,0.0,,,,NONE,0,0,0,0,0,1,0,1,N,,,,,,2021-09-20 15:27:18,,VMC,,68.089317,-145.600509,Pre2008.mdb,2026-04-14 02:18:25.664087
20001206X01924,ANC94LA124,ACC,1994-08-28 00:00:00,Su,600,UTC,GLENALLEN,AK,USA,99588,1994,8,,,006262N,1453149W,MEAS,,,OFAP,0.0,,,,WIT,,0,,,0,,DUSK,UNK,0,1000,OVC,,,5.0,50,0,360,U,10,F,F,50,0.0,,,,FATL,0,0,0,2,0,0,0,2,N,,,,,,2021-09-20 15:27:18,,VMC,,62.100463,-145.530181,Pre2008.mdb,2026-04-14 02:18:25.664087
20001206X01925,ANC94LA125,ACC,1994-08-31 00:00:00,We,2010,UTC,FORT YUKON,AK,USA,99722,1994,8,,,068524N,1453559W,MEAS,UPPER COLEEN RIVER,,ONAP,0.0,,2000,,PILO,,0,,,0,,DAYL,CLER,0,0,NONE,,,30.0,55,0,0,U,,F,T,0,30.0,,,,NONE,0,0,0,0,0,1,0,1,N,,,,,,2021-09-20 15:27:19,,VMC,,68.090026,-145.59967,Pre2008.mdb,2026-04-14 02:18:25.664087
20001206X01926,ANC94LA126,ACC,1994-09-01 00:00:00,Th,230,UTC,CAPE SABINE,AK,USA,99752,1994,9,,,671424N,1611120W,MEAS,CAPE SABINE,Z53,ONAP,0.0,,50,,,,0,,,0,,DAYL,UNK,0,1200,OVC,,,2.0,45,0,290,U,20,F,F,25,0.0,,,,NONE,0,0,0,0,0,2,0,2,N,,,,,,2021-09-20 15:27:19,,VMC,,67.240051,-161.189025,Pre2008.mdb,2026-04-14 02:18:25.664087
20001206X01654,ANC94LA127,ACC,1994-07-30 00:00:00,Sa,2100,UTC,EAGLE,AK,USA,99738,1994,7,,,642550N,0141139W,MEAS,,,OFAP,0.0,,,,,,0,,,0,,NR,UNK,0,0,UNK,,,,0,0,0,U,,F,F,0,0.0,,,,NONE,0,0,0,0,0,1,0,1,N,,,,,,2021-09-20 15:27:20,,Unk,,64.430427,-141.219268,Pre2008.mdb,2026-04-14 02:18:25.664087
20001206X02159,ANC94LA128,ACC,1994-09-03 00:00:00,Sa,300,UTC,PORT ALSWORTH,AK,USA,99653,1994,9,,,060120N,1541651W,MEAS,,,OFAP,0.0,,1000,,PILO,,0,,,0,,DUSK,CLER,0,0,NONE,,,10.0,50,0,0,U,,F,T,0,29.0,,,,NONE,0,0,0,0,0,3,0,3,N,,,,,,2021-09-20 15:27:20,,VMC,,60.200008,-154.280761,Pre2008.mdb,2026-04-14 02:18:25.664087
20001206X02160,ANC94LA129,ACC,1994-09-02 00:00:00,Fr,1926,UTC,TOK,AK,USA,99780,1994,9,,,631044N,0014360W,MEAS,NATAHONA CREEK,,ONAP,0.0,,3700,,PILO,,0,,,0,,DAYL,SCAT,2000,4500,OVC,,,3.0,34,0,0,U,,F,T,0,0.0,,,,NONE,0,0,0,0,0,2,0,2,N,,,,,,2021-09-20 15:27:21,,VMC,,63.179012,-143.100082,Pre2008.mdb,2026-04-14 02:18:25.664087
20001206X02161,ANC94LA131,ACC,1994-09-02 00:00:00,Fr,1900,UTC,FORT YUKON,AK,USA,99740,1994,9,,,663335N,0145153W,MEAS,,,OFAP,0.0,,1000,,PILO,,0,,,0,,DAYL,SCAT,5000,0,NONE,,,30.0,61,0,0,U,,F,T,0,0.0,,,,NONE,0,0,0,0,0,2,0,2,N,,,,,,2021-09-20 15:27:21,,VMC,,66.559837,-145.250854,Pre2008.mdb,2026-04-14 02:18:25.664087
20001206X02162,ANC94LA132,ACC,1994-09-07 00:00:00,We,2100,UTC,FAIRBANKS,AK,USA,99709,1994,9,,,064542N,0148934W,MEAS,,,ONAP,0.0,,846,,PILO,,0,,,0,,DAYL,CLER,0,0,NONE,,,40.0,61,0,0,U,,F,T,0,0.0,,,,NONE,0,0,0,0,0,1,0,1,N,,,,,,2021-09-20 15:27:22,,VMC,,64.900543,-148.159378,Pre2008.mdb,2026-04-14 02:18:25.664087
20001206X02163,ANC94LA133,ACC,1994-09-10 00:00:00,Sa,800,UTC,FAIRBANKS,AK,USA,99709,1994,9,,,064541N,0148934W,MEAS,POTTS STRIP,,ONAP,0.0,,,,,,0,,,0,,NR,UNK,0,0,UNK,,,,0,0,0,U,,F,F,0,0.0,,,,NONE,0,0,0,0,0,1,0,1,N,,,,,,2021-09-20 15:27:22,,Unk,,64.900154,-148.15953,Pre2008.mdb,2026-04-14 02:18:25.664087
20001206X02164,ANC94LA134,ACC,1994-09-10 00:00:00,Sa,345,UTC,GULKANA,AK,USA,99695,1994,9,,,055559N,1592926W,MEAS,,,OFAP,0.0,,2100,,PILO,,0,,,0,,DAYL,CLER,0,0,NONE,,,30.0,64,0,0,Y,,T,F,0,0.0,,,,NONE,0,0,0,0,0,2,0,2,N,,,,,,2021-09-20 15:27:23,,VMC,,55.919155,-159.490631,Pre2008.mdb,2026-04-14 02:18:25.664087
20001206X02165,ANC94LA135,ACC,1994-09-08 00:00:00,Th,200,UTC,NONDALTON,AK,USA,99640,1994,9,,,595738N,1545210W,MEAS,,,ONAP,0.0,,275,,PILO,,0,,,0,,DUSK,UNK,0,1000,OVC,,,5.0,46,45,90,U,5,F,F,10,28.0,,,,NONE,0,0,0,0,0,2,0,2,N,,,,,,2021-09-20 15:27:23,,VMC,,59.960662,-154.869323,Pre2008.mdb,2026-04-14 02:18:25.664087
20001206X02166,ANC94LA136,ACC,1994-09-13 00:00:00,Tu,305,UTC,WILLOW,AK,USA,99682,1994,9,,,061446N,0151937W,MEAS,DESHKA LANDING,,ONAP,0.0,,200,,PILO,,0,,,0,,DAYL,CLER,0,0,NONE,,,100.0,61,0,0,U,,F,T,0,0.0,,,,NONE,0,0,0,0,0,1,0,1,N,,,,,,2021-09-20 15:27:24,,VMC,,61.079498,-151.160339,Pre2008.mdb,2026-04-14 02:18:25.664087
20001206X02167,ANC94LA137,ACC,1994-09-15 00:00:00,Th,415,UTC,PORT ALSWORTH,AK,USA,99653,1994,9,,,601157N,1541645W,MEAS,,,OFAP,0.0,,,,PILO,,0,,,0,,DAYL,UNK,0,3000,OVC,,,20.0,50,0,0,U,,F,T,0,0.0,,,,NONE,0,0,0,0,0,2,0,2,N,,,,,,2021-09-20 15:27:24,,VMC,,60.199131,-154.27919,Pre2008.mdb,2026-04-14 02:18:25.664087
20001206X02168,ANC94LA138,ACC,1994-09-13 00:00:00,Tu,1730,UTC,KODIAK,AK,USA,99615,1994,9,,,574724N,1522358W,MEAS,,,OFAP,0.0,,15,,PILO,,0,,,0,,DAYL,SCAT,4000,0,NONE,,,20.0,45,0,180,U,15,F,T,0,0.0,,,,NONE,0,0,0,0,0,2,0,2,N,,,,,,2021-09-20 15:27:25,,VMC,,57.789871,-152.399368,Pre2008.mdb,2026-04-14 02:18:25.664087
20001206X01927,ANC94LA139,ACC,1994-08-19 00:00:00,Fr,430,UTC,KETCHIKAN,AK,USA,99901,1994,8,,,553638N,1313446W,MEAS,KETCHIKAN INTERNATIONAL,KTN,ONAP,1.0,110,88,,WFAC,2205,110,KTN,88,1,UTC,DUSK,SCAT,1500,2500,BKN,,,15.0,66,61,290,U,10,F,T,0,30.0,,,,NONE,0,0,0,0,0,3,0,3,N,,,,,,2021-09-20 15:27:26,,VMC,,55.610488,-131.579452,Pre2008.mdb,2026-04-14 02:18:25.664087
20001206X02169,ANC94LA140,ACC,1994-09-17 00:00:00,Sa,2125,UTC,WASILLA,AK,USA,99687,1994,9,,,,,,,,OFAP,0.0,,,,,,0,,,0,,DAYL,UNK,0,0,UNK,,,,0,0,0,U,,F,F,0,0.0,,,,SERS,0,0,0,0,0,0,1,1,N,,,,,,2021-09-20 15:27:26,,VMC,,,,Pre2008.mdb,2026-04-14 02:18:25.664087
20001206X02170,ANC94LA141,ACC,1994-09-18 00:00:00,Su,1807,UTC,WASILLA,AK,USA,99687,1994,9,,,,,,BIG LAKE,BGQ,OFAP,1.0,360,150,,,,0,,,0,,DAYL,UNK,0,0,UNK,,,,0,0,0,Y,,T,F,0,0.0,,,,SERS,0,0,0,0,0,0,1,1,N,,,,,,2021-09-20 15:27:27,,VMC,,,,Pre2008.mdb,2026-04-14 02:18:25.664087
20001206X02171,ANC94LA142,ACC,1994-09-17 00:00:00,Sa,2000,UTC,WHITTIER,AK,USA,99693,1994,9,,,060510N,0148149W,MEAS,CULROSS PASSAGE,,OFAP,0.0,,0,,PILO,,0,,,0,,DAYL,SCAT,1000,1700,BKN,,,15.0,45,0,0,Y,15,T,F,0,0.0,,,,NONE,0,0,0,0,0,6,0,6,N,,,,,,2021-09-20 15:27:27,,VMC,,60.849987,-148.030303,Pre2008.mdb,2026-04-14 02:18:25.664087
20001211X13512,ANC94T#A01,ACC,1993-10-13 00:00:00,We,205,UTC,COLD BAY,AK,USA,99571,1993,10,,,551312N,1624646W,MEAS,,,,0.0,0,0,,,1750,0,CDB,,0,,NR,SCAT,400,14000,BKN,,,9.0,48,46,150,U,32,F,F,40,29.0,,,,,0,0,0,0,0,0,0,,N,,,,,,2021-09-20 16:33:28,,VMC,,55.219944,-162.779479,Pre2008.mdb,2026-04-14 02:18:25.664087
20001206X01928,ANC94T#A02,ACC,1994-08-10 00:00:00,We,1915,UTC,KOTZEBUE,AK,USA,99752,1994,8,,,671422N,1611123W,MEAS,,,,0.0,,,,,1054,0,OTZ,,0,,NR,SCAT,3200,4300,BKN,,,15.0,57,50,140,U,23,F,F,29,29.0,,,,,0,0,0,0,0,0,0,,,,,,,,2021-09-20 15:27:28,,VMC,,67.239517,-161.189651,Pre2008.mdb,2026-04-14 02:18:25.664087
20001206X02536,ANC95FA008,ACC,1994-11-04 00:00:00,Fr,1525,UTC,ANCHORAGE,AK,USA,99501,1994,11,,,061139N,0149510W,MEAS,ANCHORAGE INTERNATIONAL,ANC,ONAP,0.0,,124,,WFAC,1450,0,ANC,124,0,UTC,DAYL,SCAT,8000,11000,BKN,,,20.0,28,18,160,U,3,F,T,0,28.0,,,,NONE,0,0,0,0,0,2,0,2,N,,,,,,2021-09-20 15:27:28,,VMC,,61.219058,-149.850082,Pre2008.mdb,2026-04-14 02:18:25.664087
20001206X02666,ANC95FA016,ACC,1994-12-10 00:00:00,Sa,2300,UTC,ELIM,AK,USA,99739,1994,12,,,643749N,1622023W,MEAS,,,OFAP,0.0,,,,WFAC,2152,238,OME,37,77,UTC,NDRK,UNK,0,0,UNK,,,,27,19,50,U,19,F,F,0,29.0,,,,FATL,0,0,0,5,0,0,0,5,N,,,,,,2021-09-20 15:27:29,,IMC,,64.630256,-162.339675,Pre2008.mdb,2026-04-14 02:18:25.664087
20001206X02667,ANC95FA019,ACC,1994-12-11 00:00:00,Su,1835,UTC,ANCHORAGE,AK,USA,99502,1994,12,,,061932N,1495925W,MEAS,,,OFAP,0.0,,,,,,0,,,0,,DAYL,UNK,0,0,UNK,,,,0,0,0,U,,F,F,0,0.0,,,,SERS,0,0,0,0,0,120,1,121,N,,,,,,2021-09-20 15:27:29,,VMC,,61.159,-149.990356,Pre2008.mdb,2026-04-14 02:18:25.664087
20001207X03204,ANC95FA044,ACC,1995-04-15 00:00:00,Sa,1510,UTC,CANTWELL,AK,USA,99729,1995,4,,,063038N,0149240W,MEAS,,,OFAP,0.0,,,,WIT,,0,,,0,,DAYL,UNK,0,4000,OVC,,,1.0,32,0,360,U,20,F,F,0,0.0,,,,FATL,0,0,0,2,0,0,0,2,N,,,,,,2021-09-20 13:49:09,,IMC,,63.010551,-149.399887,Pre2008.mdb,2026-04-14 02:18:25.664087
20001207X03392,ANC95FA056,ACC,1995-05-21 00:00:00,Su,2030,UTC,WASILLA,AK,USA,99687,1995,5,,,,,,,,OFAP,0.0,,,,WIT,,0,,,0,,DAYL,UNK,0,0,BKN,,,,50,0,0,U,,F,T,0,0.0,,,,FATL,0,0,0,1,0,0,0,1,N,,,,,,2021-09-20 13:49:10,,IMC,,,,Pre2008.mdb,2026-04-14 02:18:25.664087
20001207X03573,ANC95FA063,ACC,1995-06-03 00:00:00,Sa,2200,UTC,PALMER,AK,USA,99645,1995,6,,,613710N,1485851W,MEAS,,,OFAP,0.0,,,,PILO,,0,,,0,,DAYL,CLER,0,0,NONE,,,30.0,64,0,0,Y,,T,T,0,0.0,,,,SERS,0,0,0,0,0,0,1,1,N,,,,,,2021-09-20 13:49:11,,VMC,,61.619388,-148.980895,Pre2008.mdb,2026-04-14 02:18:25.664087
20001207X03393,ANC95FA073,ACC,1995-05-08 00:00:00,Mo,1705,UTC,CHUGIAK,AK,USA,99567,1995,5,,,612437N,1491013W,MEAS,,,OFAP,0.0,,,,WFAC,1152,225,MRI,137,20,UTC,DAYL,SCAT,5500,7000,BKN,,,50.0,45,39,0,U,,F,T,0,29.0,,,,FATL,0,0,0,2,0,0,0,2,N,,,,,,2021-09-20 13:49:11,,VMC,,61.410232,-149.170196,Pre2008.mdb,2026-04-14 02:18:25.664087
20001207X03574,ANC95FA078,ACC,1995-06-21 00:00:00,We,45,UTC,NONDALTON,AK,USA,99640,1995,6,Y,N,595735N,1545215W,MEAS,,,OFAP,0.0,,,,WFAC,1950,165,ILI,207,11,UTC,DAYL,SCAT,3500,0,NONE,,,25.0,57,43,190,U,8,F,T,0,30.0,,,,FATL,0,0,0,5,0,0,0,5,N,,,,,,2021-09-20 13:49:12,,VMC,,59.959598,-154.870834,Pre2008.mdb,2026-04-14 02:18:25.664087
20001207X03575,ANC95FA086,ACC,1995-06-25 00:00:00,Su,2357,UTC,VALDEZ,AK,USA,99686,1995,6,,,061858N,1464833W,MEAS,,,OFAP,0.0,,,,WFAC,245,230,VDZ,120,6,UTC,DAYL,UNK,0,0,,,,,52,45,240,U,11,F,T,0,30.0,,,,FATL,0,0,0,4,0,0,0,4,N,,,,,,2021-09-20 13:49:12,,IMC,,61.149318,-146.809265,Pre2008.mdb,2026-04-14 02:18:25.664087
20001207X03576,ANC95FA090,ACC,1995-07-01 00:00:00,Sa,400,UTC,KODIAK,AK,USA,99615,1995,7,,,574726N,0152242W,MEAS,,,OFAP,0.0,,,,WFAC,2252,120,ADQ,10,5,UTC,DAYL,SCAT,100,1100,BKN,,,7.0,50,48,110,U,4,F,F,0,29.0,,,,FATL,0,0,0,4,0,0,0,4,N,,,,,,2021-09-20 13:49:13,,IMC,,57.790691,-152.400451,Pre2008.mdb,2026-04-14 02:18:25.664087
20001207X03827,ANC95FA095,ACC,1995-07-06 00:00:00,Th,520,UTC,NULATO,AK,USA,99765,1995,7,,,644315N,0158639W,MEAS,,,OFAP,0.0,,,,PILO,,0,,,0,,DAYL,CLER,0,0,NONE,,,50.0,64,0,360,U,5,F,T,0,0.0,,,,FATL,0,0,0,1,0,0,2,3,N,,,,,,2021-09-20 13:49:13,,VMC,,64.720932,-158.110733,Pre2008.mdb,2026-04-14 02:18:25.664087
20001207X03828,ANC95FA101,ACC,1995-07-07 00:00:00,Fr,2256,UTC,HAINES,AK,USA,99827,1995,7,,,059933N,1355133W,MEAS,,,OFAP,0.0,,,,WFAC,2200,30,HNS,,3,UTC,DAYL,SCAT,3400,4500,OVC,,,10.0,66,59,140,U,5,F,T,0,30.0,,,,FATL,0,0,0,6,0,0,0,6,N,,,,,,2021-09-20 13:49:13,,VMC,,59.15921,-135.85913,Pre2008.mdb,2026-04-14 02:18:25.664087
20001207X03829,ANC95FA104,ACC,1995-07-15 00:00:00,Sa,150,UTC,NAKNEK,AK,USA,99633,1995,7,Y,N,058482N,1565358W,MEAS,,,OFAP,0.0,,,,WFAC,2055,90,ANK,70,5,UTC,DAYL,SCAT,2400,20000,BKN,,,30.0,57,50,30,U,4,F,T,0,30.0,,,,FATL,0,0,0,2,0,0,0,2,N,,,,,,2021-09-20 13:49:14,,VMC,,58.800464,-156.899551,Pre2008.mdb,2026-04-14 02:18:25.664087
20001207X04114,ANC95FA129,ACC,1995-08-05 00:00:00,Sa,300,UTC,COLDFOOT,AK,USA,99701,1995,8,,,644838N,1474312W,MEAS,,,OFAP,0.0,,,,WFAC,2255,243,AKP,2110,50,UTC,DAYL,UNK,0,1000,OVC,,,10.0,37,30,50,U,12,F,F,17,29.0,,,,FATL,0,0,0,2,0,0,0,2,N,,,,,,2021-09-20 13:49:14,,VMC,,64.810585,-147.720077,Pre2008.mdb,2026-04-14 02:18:25.664087
20001207X04115,ANC95FA147,ACC,1995-08-22 00:00:00,Tu,1925,UTC,PALMER,AK,USA,99645,1995,8,,,613713N,1485849W,MEAS,,,OFAP,0.0,,,,WIT,,0,,,0,,DAYL,UNK,0,12000,BKN,,,60.0,70,0,340,U,5,F,T,0,0.0,,,,FATL,0,0,0,2,0,0,0,2,N,,,,,,2021-09-20 13:49:15,,VMC,,61.620342,-148.980178,Pre2008.mdb,2026-04-14 02:18:25.664087
20001207X04116,ANC95FA150,ACC,1995-08-26 00:00:00,Sa,1900,UTC,DEADHORSE,AK,USA,99734,1995,8,,,702547N,1491725W,MEAS,,,OFAP,0.0,,,,WIT,,0,,,0,,DAYL,CLER,0,0,NONE,,,99.0,48,0,180,U,5,F,T,0,0.0,,,,FATL,0,0,0,2,0,0,0,2,N,,,,,,2021-09-20 13:49:15,,VMC,,70.429595,-149.290298,Pre2008.mdb,2026-04-14 02:18:25.664087
20001207X04117,ANC95FA157,ACC,1995-08-18 00:00:00,Fr,2230,UTC,KAKTOVIK,AK,USA,99747,1995,8,,,070714N,1433934W,MEAS,,,OFAP,0.0,,,,WIT,,0,,,0,,DAYL,CLER,0,0,NONE,,,90.0,55,0,0,U,,F,T,0,0.0,,,,FATL,0,0,0,1,0,0,0,1,N,,,,,,2021-09-20 13:49:15,,VMC,,70.120452,-143.6595,Pre2008.mdb,2026-04-14 02:18:25.664087
20001207X04397,ANC95FA167,ACC,1995-09-14 00:00:00,Th,2200,UTC,PETERSBURG,AK,USA,99833,1995,9,,,057258N,1323711W,MEAS,,,OFAP,0.0,,,,WIT,,0,,,0,,DAYL,UNK,0,4000,BKN,,,10.0,55,0,0,U,,F,F,0,0.0,,,,FATL,0,0,0,2,0,0,0,2,N,,,,,,2021-09-20 13:49:16,,Unk,,57.049316,-132.619842,Pre2008.mdb,2026-04-14 02:18:25.664087
20001207X04118,ANC95FA169,ACC,1995-08-21 00:00:00,Mo,245,UTC,ANCHORAGE,AK,USA,99501,1995,8,,,611311N,1495057W,MEAS,,,OFAP,0.0,,,,WFAC,1951,90,ANC,144,27,UTC,DAYL,,20000,0,NONE,,,90.0,70,48,250,U,4,F,T,0,30.0,,,,FATL,0,0,0,1,0,0,0,1,N,,,,,,2021-09-20 13:49:16,,VMC,,61.219768,-149.849029,Pre2008.mdb,2026-04-14 02:18:25.664087
20001206X02668,ANC95FAMS1,ACC,1994-12-03 00:00:00,Sa,1130,UTC,KENAI,AK,USA,99611,1994,12,,,603934N,1505358W,MEAS,,,OFAP,0.0,,,,WFAC,955,80,HOM,78,15,UTC,NDRK,SCAT,1500,4500,OVC,,,12.0,37,30,160,U,12,F,T,0,0.0,,,,FATL,0,0,0,1,0,0,0,1,N,,,,,,2021-09-20 15:27:30,,IMC,,60.659519,-150.899414,Pre2008.mdb,2026-04-14 02:18:25.664087
20001207X03205,ANC95GA048,ACC,1995-04-12 00:00:00,We,1315,UTC,BUMPING LAKE,WA,USA,98929,1995,4,,,465245N,1211723W,MEAS,,,OFAP,0.0,,,,WFAC,1256,330,SMP,3800,28,UTC,DAYL,UNK,0,0,OVC,,,,93,79,110,U,10,F,F,19,29.0,,,,FATL,0,0,0,1,0,0,0,1,N,,,,,,2021-09-20 13:49:17,,Unk,,46.87923,-121.289634,Pre2008.mdb,2026-04-14 02:18:25.664087
20001207X03206,ANC95GA083,ACC,1995-04-10 00:00:00,Mo,230,UTC,COPPER CENTER 2,AK,USA,99588,1995,4,,,006263N,1453146W,MEAS,COPPER CENTER II,Z93,ONAP,0.0,,1150,,PILO,,0,,,0,,DAYL,UNK,0,8000,OVC,,,30.0,45,0,240,U,5,F,T,0,29.0,,,,NONE,0,0,0,0,0,1,0,1,N,,,,,,2021-09-20 13:49:17,,VMC,,62.1007,-145.52951,Pre2008.mdb,2026-04-14 02:18:25.664087
20001207X04119,ANC95IA151,INC,1995-08-26 00:00:00,Sa,1745,UTC,JUNEAU,AK,USA,99801,1995,8,,,583447N,1344614W,MEAS,,,OFAP,0.0,,,,PILO,,0,,,0,,DAYL,CLER,0,0,NONE,,,99.0,63,0,0,U,,F,T,0,0.0,,,,NONE,0,0,0,0,0,3,0,3,N,,,,,,2021-09-20 13:49:17,,VMC,,58.579612,-134.770538,Pre2008.mdb,2026-04-14 02:18:25.664087
20001207X04398,ANC95IA173,INC,1995-09-22 00:00:00,Fr,135,UTC,GUSTAVUS,AK,USA,99826,1995,9,,,582510N,1354647W,MEAS,,,,0.0,,,,PILO,,0,,,0,,DAYL,UNK,0,5500,OVC,,,10.0,55,0,130,U,13,F,T,0,0.0,,,,NONE,0,0,0,0,0,1,0,1,N,,,,,,2021-09-20 13:49:18,,VMC,,58.41941,-135.779754,Pre2008.mdb,2026-04-14 02:18:25.664087
20001206X02367,ANC95LA001,ACC,1994-10-04 00:00:00,Tu,30,UTC,ANCHORAGE,AK,USA,99501,1994,10,,,611313N,0149510W,MEAS,,,OFAP,1.0,330,,,WFAC,2028,180,MRI,137,1,UTC,DAYL,UNK,0,6500,BKN,0.0,,50.0,52,46,240,U,8,F,F,0,29.0,,,,NONE,0,0,0,0,0,1,0,1,N,,,,,,2021-09-16 13:01:55,,VMC,,61.220321,-149.850097,Pre2008.mdb,2026-04-14 02:18:25.664087
20001206X02368,ANC95LA002,ACC,1994-10-01 00:00:00,Sa,2300,UTC,ANIAK,AK,USA,99557,1994,10,,,611157N,0158360W,MEAS,,,ONAP,0.0,,,,PILO,,0,,,0,,DAYL,UNK,0,3500,OVC,,,2.0,36,0,90,U,12,F,F,15,0.0,,,,NONE,0,0,0,0,0,2,0,2,N,,,,,,2021-09-20 15:27:31,,VMC,,61.199302,-158.600082,Pre2008.mdb,2026-04-14 02:18:25.664087
20001206X02369,ANC95LA003,ACC,1994-10-15 00:00:00,Sa,1940,UTC,KOTZEBUE,AK,USA,99752,1994,10,,,671425N,1611123W,MEAS,KOTZEBUE,OTZ,ONAP,0.0,,11,,PILO,,0,,,0,,DAYL,UNK,0,0,UNK,,,10.0,0,0,360,U,6,F,F,0,0.0,,,,NONE,0,0,0,0,0,3,0,3,N,,,,,,2021-09-20 15:27:31,,VMC,,67.240364,-161.189849,Pre2008.mdb,2026-04-14 02:18:25.664087
20001206X02370,ANC95LA005,ACC,1994-10-21 00:00:00,Fr,2130,UTC,NIKOLAI,AK,USA,99691,1994,10,,,625210N,1535212W,MEAS,,,OFAP,0.0,,,,PILO,,0,,,0,,DAYL,UNK,0,4000,OVC,,,5.0,0,0,0,Y,,T,T,0,0.0,,,,NONE,0,0,0,0,0,1,0,1,N,,,,,,2021-09-20 15:27:32,,VMC,,62.86956,-153.869979,Pre2008.mdb,2026-04-14 02:18:25.664087
20001206X02371,ANC95LA007,ACC,1994-10-19 00:00:00,We,2200,UTC,PALMER,AK,USA,99645,1994,10,,,061379N,1485847W,MEAS,,,ONAP,0.0,,,,PILO,,0,,,0,,DAYL,CLER,0,0,NONE,,,60.0,37,0,0,U,,F,T,0,0.0,,,,NONE,0,0,0,0,0,1,0,1,N,,,,,,2021-09-20 15:27:32,,VMC,,61.619228,-148.979644,Pre2008.mdb,2026-04-14 02:18:25.664087
20001206X02537,ANC95LA009,ACC,1994-11-08 00:00:00,Tu,1730,UTC,KENAI,AK,USA,99611,1994,11,,,603937N,0150542W,MEAS,,,ONAP,0.0,,,,PILO,,0,,,0,,DAYL,CLER,0,0,NONE,,,15.0,18,0,0,U,,F,F,0,0.0,,,,NONE,0,0,0,0,0,1,0,1,N,,,,,,2021-09-20 15:27:33,,VMC,,60.660228,-150.900573,Pre2008.mdb,2026-04-14 02:18:25.664087
20001206X02538,ANC95LA010,ACC,1994-11-12 00:00:00,Sa,1950,UTC,BETHEL,AK,USA,99559,1994,11,,,604839N,0161513W,MEAS,BETHEL,BET,ONAP,0.0,,123,,WFAC,1950,180,BET,123,1,UTC,DAYL,,900,900,OVC,,,1.0,19,18,310,U,18,F,F,25,29.0,,,,NONE,0,0,0,0,0,3,0,3,N,,,,,,2021-09-20 15:27:33,,IMC,,60.81097,-161.850738,Pre2008.mdb,2026-04-14 02:18:25.664087
20001206X02539,ANC95LA011,ACC,1994-11-19 00:00:00,Sa,1919,UTC,ANCHORAGE,AK,USA,99502,1994,11,,,061935N,1495921W,MEAS,LAKE HOOD SEAPLANE,LHD,ONAP,0.0,,71,,WFAC,1850,270,ANC,144,1,UTC,DAYL,UNK,0,2300,OVC,,,35.0,28,19,180,U,7,F,T,0,29.0,,,,NONE,0,0,0,0,0,1,0,1,N,,,,,,2021-09-20 15:27:34,,VMC,,61.159793,-149.989212,Pre2008.mdb,2026-04-14 02:18:25.664087
20001206X02540,ANC95LA012,ACC,1994-11-20 00:00:00,Su,1700,UTC,JUNEAU,AK,USA,99801,1994,11,,,583447N,1344614W,MEAS,,,ONAP,0.0,,,,PILO,,0,,,0,,DAYL,UNK,0,1000,,,,5.0,27,0,0,U,,F,T,0,0.0,,,,,1,0,0,0,0,0,0,,N,,,,,,2021-09-20 15:27:34,,VMC,,58.579757,-134.77069,Pre2008.mdb,2026-04-14 02:18:25.664087
20001206X02541,ANC95LA013,ACC,1994-11-18 00:00:00,Fr,2130,UTC,AKIACHAK,AK,USA,99551,1994,11,,,605357N,1612514W,MEAS,AKIAKCHAK,Z13,ONAP,0.0,,25,,PILO,,0,,,0,,DAYL,SCAT,6000,0,NONE,,,15.0,18,16,200,U,18,F,T,0,0.0,,,,NONE,0,0,0,0,0,3,0,3,N,,,,,,2021-09-20 15:27:35,,VMC,,60.899219,-161.420455,Pre2008.mdb,2026-04-14 02:18:25.664087
20001206X02669,ANC95LA014,ACC,1994-12-04 00:00:00,Su,1630,UTC,KENAI,AK,USA,99611,1994,12,,,603933N,0150540W,MEAS,,,OFAP,0.0,,,,PILO,,0,,,0,,DAYL,UNK,0,7000,OVC,,,3.0,34,0,360,U,10,F,T,0,0.0,,,,NONE,0,0,0,0,0,3,0,3,N,,,,,,2021-09-20 15:27:36,,VMC,,60.659107,-150.900024,Pre2008.mdb,2026-04-14 02:18:25.664087
20001206X02670,ANC95LA015,ACC,1994-12-05 00:00:00,Mo,1700,UTC,ANGOON,AK,USA,99820,1994,12,,,572624N,1342846W,MEAS,,,OFAP,0.0,,,,WIT,,0,,,0,,DAYL,UNK,0,0,,,,0.5,30,0,0,U,,F,F,0,0.0,,,,SERS,0,0,0,0,0,0,1,1,N,,,,,,2021-09-20 15:27:36,,IMC,,57.439918,-134.479461,Pre2008.mdb,2026-04-14 02:18:25.664087
20001206X02671,ANC95LA017,ACC,1994-12-12 00:00:00,Mo,1530,UTC,TAKOTNA,AK,USA,99675,1994,12,,,,,,TAKOTNA,TCT,OFAP,1.0,240,825,,WFAC,1450,40,MCG,337,13,UTC,DAYL,SCAT,1500,4700,BKN,,,6.0,10,7,110,U,6,F,T,0,29.0,,,,SERS,0,0,0,0,1,1,1,3,N,,,,,,2021-09-20 15:27:37,,VMC,,,,Pre2008.mdb,2026-04-14 02:18:25.664087
20001206X02672,ANC95LA018,ACC,1994-12-12 00:00:00,Mo,1730,UTC,PALMER,AK,USA,99645,1994,12,,,061379N,1485851W,MEAS,,,OFAP,0.0,,,,PILO,,0,,,0,,DAYL,UNK,0,3000,OVC,,,20.0,23,0,0,U,,F,T,0,0.0,,,,NONE,0,0,0,0,0,1,0,1,N,,,,,,2021-09-20 15:27:37,,VMC,,61.619293,-148.980819,Pre2008.mdb,2026-04-14 02:18:25.664087
20001206X02673,ANC95LA020,ACC,1994-12-13 00:00:00,Tu,1710,UTC,SAINT MARY'S,AK,USA,99658,1994,12,,,062337N,1631725W,MEAS,,,OFAP,0.0,,,,PILO,,0,,,0,,DAYL,,0,300,,,,,25,0,135,U,5,F,T,0,0.0,,,,NONE,0,0,0,0,0,2,0,2,N,,,,,,2021-09-20 15:27:38,,IMC,,62.060375,-163.290161,Pre2008.mdb,2026-04-14 02:18:25.664087
20001206X02674,ANC95LA021,ACC,1994-12-17 00:00:00,Sa,1430,UTC,JUNEAU,AK,USA,99801,1994,12,,,583447N,1344614W,MEAS,,,OFAP,0.0,,,,PILO,,0,,,0,,DAYL,SCAT,500,4000,OVC,,,50.0,36,0,0,U,,F,T,0,0.0,,,,NONE,0,0,0,0,0,2,0,2,N,,,,,,2021-09-20 15:27:38,,VMC,,58.57978,-134.770568,Pre2008.mdb,2026-04-14 02:18:25.664087
20001206X02675,ANC95LA022,ACC,1994-12-26 00:00:00,Mo,1530,UTC,TOK,AK,USA,99780,1994,12,,,631051N,0014361W,MEAS,TOK,TKJ,ONAP,0.0,,1630,,WIT,,0,,,0,,DAYL,UNK,0,1000,OVC,,,5.0,30,0,0,Y,,T,T,0,0.0,,,,NONE,0,0,0,0,0,2,0,2,N,,,,,,2021-09-20 13:49:18,,VMC,,63.180873,-143.100402,Pre2008.mdb,2026-04-14 02:18:25.664087
20001207X02806,ANC95LA023,ACC,1995-01-02 00:00:00,Mo,1435,UTC,CRAIG,AK,USA,99921,1995,1,,,552734N,1324947W,MEAS,,,OFAP,0.0,,,,PILO,,0,,,0,,DAYL,CLER,0,0,NONE,,,50.0,28,0,0,U,,F,T,0,0.0,,,,NONE,0,0,0,0,0,8,0,8,N,,,,,,2021-09-20 13:49:19,,VMC,,55.45956,-132.829803,Pre2008.mdb,2026-04-14 02:18:25.664087
20001206X02676,ANC95LA024,ACC,1994-12-25 00:00:00,Su,1830,UTC,UNALAKLEET,AK,USA,99684,1994,12,,,064522N,1602134W,MEAS,UNALAKLEET,UNK,ONAP,0.0,,21,,PILO,,0,,,0,,DAYL,CLER,0,0,NONE,,,10.0,25,0,90,U,25,F,F,0,0.0,,,,NONE,0,0,0,0,0,1,0,1,N,,,,,,2021-09-20 13:49:19,,VMC,,64.0895,-160.359375,Pre2008.mdb,2026-04-14 02:18:25.664087
20001207X02807,ANC95LA025,ACC,1995-01-04 00:00:00,We,1415,UTC,AKIAK,AK,USA,99552,1995,1,,,060542N,1611346W,MEAS,AKIAK,AKI,ONAP,0.0,,22,,PILO,,0,,,0,,DAYL,CLER,0,0,NONE,,,100.0,36,0,45,U,15,F,T,0,0.0,,,,NONE,0,0,0,0,0,1,0,1,N,,,,,,2021-09-20 13:49:20,,VMC,,60.900669,-161.229476,Pre2008.mdb,2026-04-14 02:18:25.664087
20001207X02808,ANC95LA026,ACC,1995-01-06 00:00:00,Fr,2215,UTC,DUTCH HARBOR,AK,USA,99692,1995,1,,,535322N,1663224W,MEAS,DUTCH HARBOR,DUT,ONAP,0.0,,22,,PILO,,0,,,0,,DAYL,UNK,0,1800,OVC,,,10.0,36,0,340,U,5,F,T,0,29.0,,,,NONE,0,0,0,0,0,2,0,2,N,,,,,,2021-09-20 13:49:20,,VMC,,53.88948,-166.539871,Pre2008.mdb,2026-04-14 02:18:25.664087
20001207X02809,ANC95LA027,ACC,1995-01-08 00:00:00,Su,1430,UTC,WASILLA,AK,USA,99654,1995,1,,,061319N,1493410W,MEAS,,,OFAP,1.0,,,,PILO,,0,,,0,,DAYL,CLER,0,0,NONE,,,50.0,5,0,0,U,,F,T,0,0.0,,,,NONE,0,0,0,0,0,1,0,1,N,,,,,,2021-09-20 13:49:21,,VMC,,61.51926,-149.569351,Pre2008.mdb,2026-04-14 02:18:25.664087
20001207X02810,ANC95LA028,ACC,1995-01-15 00:00:00,Su,1730,UTC,ANVIK,AK,USA,99558,1995,1,,,623747N,0160121W,MEAS,,,OFAP,0.0,,,,PILO,,0,,,0,,DAYL,SCAT,10000,6000,BKN,,,30.0,-9,0,0,Y,,T,T,0,0.0,,,,NONE,0,0,0,0,0,2,0,2,N,,,,,,2021-09-20 13:49:21,,VMC,,62.62976,-160.200195,Pre2008.mdb,2026-04-14 02:18:25.664087
20001207X02811,ANC95LA029,ACC,1995-01-20 00:00:00,Fr,1433,UTC,AKIAK,AK,USA,99552,1995,1,,,060542N,1611347W,MEAS,AKIAK,AKI,ONAP,0.0,,22,,PILO,,0,,,0,,DUSK,UNK,0,1500,OVC,,,5.0,12,9,240,U,3,F,T,0,29.0,,,,NONE,0,0,0,0,0,7,0,7,N,,,,,,2021-09-20 13:49:22,,VMC,,60.900447,-161.229614,Pre2008.mdb,2026-04-14 02:18:25.664087
20001207X02920,ANC95LA030,ACC,1995-02-01 00:00:00,We,1634,UTC,W.POINT VILLAGE,AK,USA,99615,1995,2,,,574723N,0152243W,MEAS,W. POINT VILLAGE SEAPLANE,KWP,ONAP,0.0,,0,,PILO,,0,,,0,,DAWN,UNK,0,2000,OVC,,,10.0,0,0,90,U,5,F,F,10,0.0,,,,NONE,0,0,0,0,0,1,0,1,N,,,,,,2021-09-20 13:49:22,,VMC,,57.789661,-152.400848,Pre2008.mdb,2026-04-14 02:18:25.664087
20001206X02677,ANC95LA031,ACC,1994-12-31 00:00:00,Sa,1450,UTC,NEW STUYAHOK,AK,USA,99636,1994,12,,,592924N,1571724W,MEAS,NEW STUYAHOK,KNW,ONAP,0.0,,325,,PILO,,0,,,0,,DAYL,CLER,0,0,NONE,,,30.0,25,0,90,U,20,F,F,25,0.0,,,,NONE,0,0,0,0,0,1,0,1,N,,,,,,2021-09-20 13:49:23,,VMC,,59.489929,-157.290054,Pre2008.mdb,2026-04-14 02:18:25.664087
20001207X03049,ANC95LA032,ACC,1995-03-04 00:00:00,Sa,1700,UTC,PORT ALSWORTH,AK,USA,99653,1995,3,,,060123N,1541647W,MEAS,PORT ALSWORTH,,ONAP,0.0,,280,,PILO,,0,,,0,,DAYL,CLER,0,0,NONE,,,50.0,34,0,0,U,,F,T,0,0.0,,,,NONE,0,0,0,0,0,3,0,3,N,,,,,,2021-09-20 13:49:23,,VMC,,60.200786,-154.279724,Pre2008.mdb,2026-04-14 02:18:25.664087
20001207X03050,ANC95LA033,ACC,1995-03-09 00:00:00,Th,1700,UTC,FAIRBANKS,AK,USA,99710,1995,3,,,,,,,,OFAP,0.0,,,,WIT,,0,,,0,,DAYL,CLER,0,0,NONE,,,50.0,0,0,0,Y,20,T,F,0,0.0,,,,NONE,0,0,0,0,0,1,0,1,N,,,,,,2021-09-20 13:49:23,,VMC,,,,Pre2008.mdb,2026-04-14 02:18:25.664087
20001207X03051,ANC95LA034,ACC,1995-03-10 00:00:00,Fr,1145,UTC,KETCHIKAN,AK,USA,99903,1995,3,,,554050N,1321126W,MEAS,,,OFAP,0.0,,,,WFAC,1151,135,KTN,88,28,UTC,DAYL,SCAT,1000,1900,OVC,,,5.0,36,0,0,U,,F,T,0,28.0,,,,SERS,0,0,0,0,0,0,3,3,N,,,,,,2021-09-20 13:49:24,,IMC,,55.680534,-132.190673,Pre2008.mdb,2026-04-14 02:18:25.664087
20001207X03052,ANC95LA035,ACC,1995-03-18 00:00:00,Sa,1820,UTC,GLENNALLEN,AK,USA,99588,1995,3,,,006262N,1453150W,MEAS,SKELTON,Z37,ONAP,0.0,,3289,,PILO,,0,,,0,,DAYL,CLER,0,0,NONE,,,30.0,36,0,30,U,3,F,F,6,0.0,,,,NONE,0,0,0,0,0,1,0,1,N,,,,,,2021-09-20 13:49:24,,VMC,,62.100479,-145.530563,Pre2008.mdb,2026-04-14 02:18:25.664087
20001207X03053,ANC95LA036,ACC,1995-03-20 00:00:00,Mo,1555,UTC,BETHEL,AK,USA,99599,1995,3,,,,,,BETHEL,BET,OFAP,5.0,7,,,WFAC,1551,187,BET,123,5,UTC,DAYL,,1000,1000,BKN,,,2.0,5,0,280,U,20,F,T,0,30.0,,,,NONE,0,0,0,0,0,2,0,2,N,,,,,,2021-09-20 13:49:25,,IMC,,,,Pre2008.mdb,2026-04-14 02:18:25.664087
20001207X03054,ANC95LA037,ACC,1995-03-10 00:00:00,Fr,2100,UTC,SKWENTNA,AK,USA,99667,1995,3,,,615548N,1514350W,MEAS,,,OFAP,0.0,,,,PILO,,0,,,0,,DAYL,CLER,0,0,NONE,,,50.0,19,0,0,U,,F,F,0,0.0,,,,NONE,0,0,0,0,0,1,0,1,N,,,,,,2021-09-20 13:49:25,,VMC,,61.930114,-151.730651,Pre2008.mdb,2026-04-14 02:18:25.664087
20001207X03055,ANC95LA038,ACC,1995-03-25 00:00:00,Sa,1654,UTC,ANCHORAGE,AK,USA,99501,1995,3,,,611313N,0149510W,MEAS,MERRILL FIELD,MRI,ONAP,0.0,,137,,WFAC,1656,0,MRI,137,0,UTC,DAYL,SCAT,20000,0,NONE,,,75.0,21,0,340,U,5,F,T,0,30.0,,,,NONE,0,0,0,0,0,2,0,2,N,,,,,,2021-09-20 13:49:26,,VMC,,61.220378,-149.849975,Pre2008.mdb,2026-04-14 02:18:25.664087
20001207X03056,ANC95LA039,ACC,1995-03-26 00:00:00,Su,2044,UTC,DEADHORSE,AK,USA,99734,1995,3,,,702547N,1491721W,MEAS,DEADHORSE,SCC,ONAP,0.0,,57,,WFAC,2045,0,SCC,57,0,UTC,DAYL,CLER,0,0,NONE,,,20.0,-8,0,130,U,6,F,T,0,30.0,,,,NONE,0,0,0,0,0,4,0,4,N,,,,,,2021-09-20 13:49:26,,VMC,,70.429832,-149.289093,Pre2008.mdb,2026-04-14 02:18:25.664087
20001207X03057,ANC95LA040,ACC,1995-03-29 00:00:00,We,1350,UTC,CHEVAK,AK,USA,99563,1995,3,,,613150N,0165363W,MEAS,CHEVAK,VAK,ONAP,0.0,,75,,PILO,,0,,,0,,DAYL,SCAT,10000,0,NONE,,,20.0,28,0,330,U,5,F,F,25,0.0,,,,NONE,0,0,0,0,0,1,0,1,N,,,,,,2021-09-20 13:49:26,,VMC,,61.530551,-165.600936,Pre2008.mdb,2026-04-14 02:18:25.664087
20001207X03058,ANC95LA041,ACC,1995-03-29 00:00:00,We,2100,UTC,ANCHORAGE,AK,USA,99519,1995,3,,,691312N,1464726W,MEAS,GOOSE BAY,Z40,ONAP,0.0,,78,,PILO,,0,,,0,,DAYL,SCAT,6000,0,NONE,,,10.0,39,0,0,Y,5,T,T,0,0.0,,,,NONE,0,0,0,0,0,1,0,1,N,,,,,,2021-09-20 13:49:27,,VMC,,69.219902,-146.790466,Pre2008.mdb,2026-04-14 02:18:25.664087
20001207X03059,ANC95LA042,ACC,1995-03-20 00:00:00,Mo,1736,UTC,ANCHORAGE,AK,USA,99501,1995,3,,,611310N,0149513W,MEAS,MERRILL FIELD,MRI,ONAP,0.0,,137,,WFAC,1738,0,MRI,137,0,UTC,DAYL,SCAT,7500,0,NONE,,,80.0,25,0,300,U,8,F,T,0,29.0,,,,NONE,0,0,0,0,0,1,0,1,N,,,,,,2021-09-20 13:49:27,,VMC,,61.219535,-149.850952,Pre2008.mdb,2026-04-14 02:18:25.664087
20001207X03207,ANC95LA043,ACC,1995-04-15 00:00:00,Sa,200,UTC,BETHEL,AK,USA,99559,1995,4,,,604836N,0161510W,MEAS,BETHEL,BET,ONAP,0.0,,120,,WFAC,2055,0,BET,123,0,UTC,DAYL,SCAT,8000,0,NONE,,,40.0,43,28,70,U,11,F,F,0,29.0,,,,NONE,0,0,0,0,0,1,0,1,N,,,,,,2021-09-20 13:49:28,,VMC,,60.809997,-161.849884,Pre2008.mdb,2026-04-14 02:18:25.664087
20001207X03208,ANC95LA045,ACC,1995-04-15 00:00:00,Sa,2000,UTC,KOLIGANEK,AK,USA,99576,1995,4,,,584915N,1575134W,MEAS,KOLIGANEK,,ONAP,0.0,,240,,PILO,,0,,,0,,DAYL,UNK,0,2000,OVC,,,20.0,37,0,90,U,35,F,F,0,0.0,,,,NONE,0,0,0,0,0,3,0,3,N,,,,,,2021-09-20 13:49:28,,VMC,,58.820934,-157.859558,Pre2008.mdb,2026-04-14 02:18:25.664087
20001213X29277,ANC89LA168,ACC,1989-09-19 00:00:00,Tu,2010,UTC,SLEEPY BAY,AK,USA,,1989,9,,,,,,,,OFAP,0.0,0,0,,PILO,,0,,,0,,DAYL,SCAT,700,2000,OVC,,,15.0,54,0,75,U,10,F,F,15,0.0,,,,NONE,0,0,0,0,0,5,0,5,N,,,,,,2021-09-23 12:30:26,,VMC,,,,Pre2008.mdb,2026-04-14 02:18:25.664087
20001207X03209,ANC95LA046,ACC,1995-04-17 00:00:00,Mo,2100,UTC,KIVALINA,AK,USA,99750,1995,4,,,674348N,1643258W,MEAS,KIVALINA,KVL,ONAP,0.0,,10,,PILO,,0,,,0,,DAYL,CLER,0,0,NONE,,,10.0,10,7,45,U,12,F,T,0,29.0,,,,NONE,0,0,0,0,0,2,0,2,N,,,,,,2021-09-20 13:49:28,,VMC,,67.729942,-164.549362,Pre2008.mdb,2026-04-14 02:18:25.664087
20001207X03210,ANC95LA047,ACC,1995-04-07 00:00:00,Fr,0,UTC,SOLDOTNA,AK,USA,99669,1995,4,,,601910N,1504724W,MEAS,SOLDOTNA,SXQ,ONAP,0.0,,107,,PILO,,0,,,0,,DAYL,SCAT,6000,0,NONE,,,20.0,46,0,360,U,,F,T,0,0.0,,,,NONE,0,0,0,0,0,2,0,2,N,,,,,,2021-09-20 13:49:29,,VMC,,60.319381,-150.789916,Pre2008.mdb,2026-04-14 02:18:25.664087
20001207X03211,ANC95LA049,ACC,1995-04-26 00:00:00,We,340,UTC,OLD HARBOR,AK,USA,99643,1995,4,,,571239N,1531913W,MEAS,,,OFAP,0.0,,,,PILO,,0,,,0,,DAYL,UNK,0,1500,BKN,,,2.0,39,0,180,U,10,F,T,0,0.0,,,,SERS,0,0,0,0,0,0,1,1,N,,,,,,2021-09-20 13:49:29,,IMC,,57.21088,-153.320358,Pre2008.mdb,2026-04-14 02:18:25.664087
20001207X03394,ANC95LA050,ACC,1995-05-08 00:00:00,Mo,2142,UTC,DILLINGHAM,AK,USA,99576,1995,5,,,584910N,1575135W,MEAS,DILLINGHAM,DLG,ONAP,0.0,,86,,WFAC,1545,0,DLG,86,0,UTC,DAYL,SCAT,4900,6000,BKN,,,50.0,45,37,60,U,9,F,T,0,29.0,,,,NONE,0,0,0,0,0,6,0,6,N,,,,,,2021-09-20 13:49:30,,VMC,,58.819404,-157.85968,Pre2008.mdb,2026-04-14 02:18:25.664087
20001207X03212,ANC95LA051,ACC,1995-04-30 00:00:00,Su,1615,UTC,KETCHIKAN,AK,USA,99901,1995,4,,,553639N,1313450W,MEAS,,,OFAP,0.0,,,,PILO,,0,,,0,,DAYL,SCAT,3000,0,UNK,,,35.0,61,0,120,U,10,F,F,0,0.0,,,,NONE,0,0,0,0,0,1,0,1,N,,,,,,2021-09-20 13:49:30,,VMC,,55.610706,-131.58049,Pre2008.mdb,2026-04-14 02:18:25.664087
20001207X03395,ANC95LA052,ACC,1995-05-04 00:00:00,Th,515,UTC,ANCHORAGE,AK,USA,99502,1995,5,,,061933N,1495927W,MEAS,,,OFAP,0.0,,,,PILO,,0,,,0,,DUSK,UNK,0,5000,OVC,,,90.0,61,0,60,U,8,F,T,0,29.0,,,,NONE,0,0,0,0,0,4,0,4,N,,,,,,2021-09-20 13:49:31,,VMC,,61.159137,-149.990814,Pre2008.mdb,2026-04-14 02:18:25.664087
20001207X03396,ANC95LA053,ACC,1995-05-12 00:00:00,Fr,115,UTC,CHICKALOON,AK,USA,99674,1995,5,,,614425N,1481313W,MEAS,,,OFAP,0.0,,,,PILO,,0,,,0,,DAYL,CLER,0,0,NONE,,,35.0,55,0,270,U,20,F,F,0,0.0,,,,NONE,0,0,0,0,0,1,0,1,N,,,,,,2021-09-20 13:49:31,,VMC,,61.740409,-148.220306,Pre2008.mdb,2026-04-14 02:18:25.664087
20001207X03397,ANC95LA055,ACC,1995-05-18 00:00:00,Th,149,UTC,ANCHORAGE,AK,USA,99502,1995,5,,,061939N,1495923W,MEAS,LAKE HOOD SEA PLANE BASE,LHD,ONAP,1.0,360,71,,WFAC,2035,20,ANC,144,2,UTC,DAYL,SCAT,2700,10000,BKN,,,90.0,52,34,180,U,14,F,F,20,30.0,,,,NONE,0,0,0,0,0,1,0,1,N,,,,,,2021-09-20 13:49:32,,VMC,,61.160964,-149.989776,Pre2008.mdb,2026-04-14 02:18:25.664087
20001207X03398,ANC95LA057,ACC,1995-05-22 00:00:00,Mo,1720,UTC,HOPE,AK,USA,99605,1995,5,,,605027N,0149240W,MEAS,HOPE,5HO,ONAP,0.0,,200,,PILO,,0,,,0,,DAYL,CLER,0,0,NONE,,,30.0,48,0,360,U,5,F,F,0,30.0,,,,NONE,0,0,0,0,0,1,0,1,N,,,,,,2021-09-20 13:49:32,,VMC,,60.840877,-149.4001,Pre2008.mdb,2026-04-14 02:18:25.664087
20001207X03399,ANC95LA058,ACC,1995-05-25 00:00:00,Th,1800,UTC,BETHEL,AK,USA,99559,1995,5,,,604834N,0161510W,MEAS,,,OFAP,0.0,,,,PILO,,0,,,0,,DAYL,UNK,0,700,OVC,,,5.0,43,0,170,U,12,F,T,0,0.0,,,,NONE,0,0,0,0,0,1,0,1,N,,,,,,2021-09-20 13:49:33,,VMC,,60.809337,-161.849914,Pre2008.mdb,2026-04-14 02:18:25.664087
20001207X03400,ANC95LA059,ACC,1995-05-26 00:00:00,Fr,248,UTC,TALKEETNA,AK,USA,99676,1995,5,,,062272N,1494727W,MEAS,,,OFAP,0.0,,,,PILO,,0,,,0,,DAYL,UNK,0,2500,OVC,,,10.0,36,0,0,U,,F,T,0,0.0,,,,MINR,0,0,0,0,3,0,0,3,N,,,,,,2021-09-20 13:49:33,,VMC,,62.450523,-149.790939,Pre2008.mdb,2026-04-14 02:18:25.664087
20001207X03401,ANC95LA060,ACC,1995-05-29 00:00:00,Mo,230,UTC,KOLIGANEK,AK,USA,99576,1995,5,,,584910N,1575138W,MEAS,,,OFAP,0.0,,,,PILO,,0,,,0,,DAYL,UNK,0,2500,BKN,,,20.0,50,0,180,U,5,F,F,7,0.0,,,,NONE,0,0,0,0,0,1,0,1,N,,,,,,2021-09-20 13:49:34,,VMC,,58.819385,-157.860595,Pre2008.mdb,2026-04-14 02:18:25.664087
20001207X03402,ANC95LA061,ACC,1995-05-29 00:00:00,Mo,530,UTC,GALENA,AK,USA,99741,1995,5,,,644428N,0156511W,MEAS,,,OFAP,0.0,,,,PILO,,0,,,0,,DAYL,SCAT,2500,0,UNK,,,50.0,50,0,0,Y,,T,T,0,0.0,,,,NONE,0,0,0,0,0,1,0,1,N,,,,,,2021-09-20 13:49:34,,VMC,,64.740989,-156.850143,Pre2008.mdb,2026-04-14 02:18:25.664087
20001207X03403,ANC95LA062,ACC,1995-05-31 00:00:00,We,1830,UTC,SKAGWAY,AK,USA,99840,1995,5,,,593414N,1352059W,MEAS,,,OFAP,0.0,,,,PILO,,0,,,0,,DAYL,UNK,0,3500,OVC,,,20.0,50,0,180,U,15,F,T,0,0.0,,,,NONE,0,0,0,0,0,7,0,7,N,,,,,,2021-09-20 13:49:35,,VMC,,59.570594,-135.349609,Pre2008.mdb,2026-04-14 02:18:25.664087
20001207X03577,ANC95LA064,ACC,1995-06-04 00:00:00,Su,200,UTC,BIG DELTA,AK,USA,99737,1995,6,,,063422N,1445327W,MEAS,,,ONAP,0.0,,,,WIT,,0,,,0,,DAYL,SCAT,6000,0,UNK,,,99.0,0,0,0,U,,F,F,0,0.0,,,,NONE,0,0,0,0,0,2,0,2,N,,,,,,2021-09-20 13:49:35,,VMC,,63.700523,-144.890945,Pre2008.mdb,2026-04-14 02:18:25.664087
20001207X03578,ANC95LA065,ACC,1995-06-05 00:00:00,Mo,145,UTC,MANLEY HOT SPRI,AK,USA,99756,1995,6,,,064393N,0150540W,MEAS,MANLEY HOT SPRINGS,MLY,ONAP,0.0,,270,,PILO,,0,,,0,,DAYL,SCAT,5500,0,UNK,,,60.0,61,0,20,U,10,F,F,15,0.0,,,,NONE,0,0,0,0,0,1,0,1,N,,,,,,2021-09-20 13:49:35,,VMC,,64.650955,-150.899932,Pre2008.mdb,2026-04-14 02:18:25.664087
20001207X03579,ANC95LA066,ACC,1995-06-07 00:00:00,We,708,UTC,FAIRBANKS,AK,USA,99701,1995,6,,,644836N,1474312W,MEAS,,,OFAP,0.0,,,,PILO,,0,,,0,,DAYL,CLER,0,0,NONE,,,60.0,64,0,0,U,,F,T,0,0.0,,,,NONE,0,0,0,0,0,1,0,1,N,,,,,,2021-09-20 13:49:36,,VMC,,64.809928,-147.719894,Pre2008.mdb,2026-04-14 02:18:25.664087
20001207X03580,ANC95LA069,ACC,1995-06-11 00:00:00,Su,300,UTC,TYONEK,AK,USA,99682,1995,6,,,061451N,0151935W,MEAS,,,OFAP,0.0,,,,PILO,,0,,,0,,DAYL,CLER,0,0,NONE,,,100.0,70,0,0,Y,,T,T,0,0.0,,,,NONE,0,0,0,0,0,2,0,2,N,,,,,,2021-09-20 13:49:36,,VMC,,61.080764,-151.159606,Pre2008.mdb,2026-04-14 02:18:25.664087
20001207X03581,ANC95LA070,ACC,1995-06-10 00:00:00,Sa,130,UTC,NIKISKI,AK,USA,99635,1995,6,,,,,,,,OFAP,0.0,,,,PILO,,0,,,0,,DAYL,CLER,0,0,NONE,,,40.0,70,0,90,U,3,F,T,0,0.0,,,,NONE,0,0,0,0,0,2,0,2,N,,,,,,2021-09-20 13:49:37,,VMC,,,,Pre2008.mdb,2026-04-14 02:18:25.664087
20001207X03582,ANC95LA071,ACC,1995-06-11 00:00:00,Su,500,UTC,DILLINGHAM,AK,USA,99576,1995,6,,,584914N,1575137W,MEAS,,,OFAP,0.0,,,,PILO,,0,,,0,,DAYL,CLER,0,0,NONE,,,100.0,70,0,0,Y,7,T,T,0,0.0,,,,NONE,0,0,0,0,0,3,0,3,N,,,,,,2021-09-20 13:49:37,,VMC,,58.820663,-157.860168,Pre2008.mdb,2026-04-14 02:18:25.664087
20001207X03583,ANC95LA072,ACC,1995-06-10 00:00:00,Sa,600,UTC,SKWENTNA,AK,USA,99840,1995,6,,,059349N,0135212W,MEAS,TALACHULITNA LODGE,NONE,ONAP,0.0,,,,PILO,,0,,,0,,DAYL,CLER,0,0,NONE,,,100.0,70,0,0,U,,F,T,0,0.0,,,,NONE,0,0,0,0,0,4,0,4,N,,,,,,2021-09-20 13:49:38,,VMC,,59.569259,-135.350479,Pre2008.mdb,2026-04-14 02:18:25.664087
20001207X03584,ANC95LA074,ACC,1995-06-11 00:00:00,Su,0,UTC,ANCHORAGE,AK,USA,99502,1995,6,,,061936N,1495927W,MEAS,,,OFAP,0.0,,,,PILO,,0,,,0,,DAYL,CLER,0,0,NONE,,,70.0,68,0,360,U,10,F,F,18,0.0,,,,SERS,0,0,0,0,0,1,1,2,N,,,,,,2021-09-20 13:49:38,,VMC,,61.16011,-149.990829,Pre2008.mdb,2026-04-14 02:18:25.664087
20001207X03585,ANC95LA075,ACC,1995-06-12 00:00:00,Mo,1315,UTC,KETCHIKAN,AK,USA,99901,1995,6,,,553635N,1313449W,MEAS,,,OFAP,0.0,,,,PILO,,0,,,0,,DAYL,SCAT,6000,0,NONE,,,15.0,52,0,0,U,,F,T,0,0.0,,,,MINR,0,0,0,0,4,0,0,4,N,,,,,,2021-09-20 13:49:39,,VMC,,55.609596,-131.580261,Pre2008.mdb,2026-04-14 02:18:25.664087
20001207X03586,ANC95LA076,ACC,1995-06-15 00:00:00,Th,2015,UTC,GULKANA,AK,USA,99588,1995,6,,,006263N,1453148W,MEAS,GULKANA,GKN,ONAP,0.0,,1579,,PILO,,0,,,0,,DAYL,UNK,0,8000,OVC,,,25.0,55,0,130,U,6,F,F,0,0.0,,,,NONE,0,0,0,0,0,3,0,3,N,,,,,,2021-09-20 13:49:39,,VMC,,62.100727,-145.530044,Pre2008.mdb,2026-04-14 02:18:25.664087
20001207X03587,ANC95LA077,ACC,1995-06-12 00:00:00,Mo,2330,UTC,TUNTUTULIAK,AK,USA,99680,1995,6,,,602433N,1623858W,MEAS,TUNTUTULIAK,AK61,ONAP,0.0,,16,,WIT,,0,,,0,,DAYL,CLER,0,0,NONE,,,39.0,55,0,310,U,10,F,T,0,0.0,,,,NONE,0,0,0,0,0,4,0,4,N,,,,,,2021-09-20 13:49:40,,VMC,,60.409229,-162.649307,Pre2008.mdb,2026-04-14 02:18:25.664087
20001207X03588,ANC95LA079,ACC,1995-06-22 00:00:00,Th,100,UTC,FAIRBANKS,AK,USA,99701,1995,6,,,644835N,1474312W,MEAS,CLEAR CREEK,2AK2,ONAP,0.0,,700,,PILO,,0,,,0,,DAYL,CLER,0,0,NONE,,,60.0,61,0,0,U,,F,F,0,0.0,,,,NONE,0,0,0,0,0,1,0,1,N,,,,,,2021-09-20 13:49:41,,VMC,,64.809822,-147.720138,Pre2008.mdb,2026-04-14 02:18:25.664087
20001207X03589,ANC95LA080,ACC,1995-06-23 00:00:00,Fr,230,UTC,MINTO,AK,USA,99578,1995,6,,,601233N,0162144W,MEAS,,,OFAP,0.0,,,,PILO,,0,,,0,,DAYL,CLER,0,0,NONE,,,100.0,70,0,0,Y,5,T,T,0,0.0,,,,NONE,0,0,0,0,0,2,0,2,N,,,,,,2021-09-20 13:49:41,,VMC,,60.20914,-162.029022,Pre2008.mdb,2026-04-14 02:18:25.664087
20001207X03590,ANC95LA081,ACC,1995-06-24 00:00:00,Sa,1845,UTC,GUSTAVUS,AK,USA,99826,1995,6,,,582515N,1354651W,MEAS,GUSTAVUS,GST,ONAP,0.0,,36,,WFAC,1234,0,GST,36,0,UTC,DAYL,SCAT,8500,0,NONE,,,10.0,52,43,110,U,3,F,T,0,30.0,,,,NONE,0,0,0,0,0,3,0,3,N,,,,,,2021-09-20 13:49:42,,VMC,,58.420936,-135.780731,Pre2008.mdb,2026-04-14 02:18:25.664087
20001207X03591,ANC95LA082,ACC,1995-06-25 00:00:00,Su,30,UTC,ANAKTUVUK,AK,USA,99721,1995,6,,,068858N,1514236W,MEAS,,,OFAP,0.0,,,,PILO,,0,,,0,,DAYL,UNK,0,0,BKN,,,1.0,19,0,0,U,,F,T,0,0.0,,,,MINR,0,0,0,0,2,2,0,4,N,,,,,,2021-09-20 13:49:43,,IMC,,68.149391,-151.709976,Pre2008.mdb,2026-04-14 02:18:25.664087
20001207X03592,ANC95LA084,ACC,1995-06-05 00:00:00,Mo,2200,UTC,MCGRATH,AK,USA,99627,1995,6,,,633636N,1544646W,MEAS,NIXON FORK MINE,,ONAP,0.0,,1490,,PILO,,0,,,0,,DAYL,SCAT,5500,0,UNK,,,10.0,0,0,360,U,5,F,T,0,0.0,,,,NONE,0,0,0,0,0,3,0,3,N,,,,,,2021-09-20 13:49:44,,VMC,,63.609951,-154.779525,Pre2008.mdb,2026-04-14 02:18:25.664087
20001207X03593,ANC95LA085,ACC,1995-06-27 00:00:00,Tu,650,UTC,DELTA JUNCTION,AK,USA,99737,1995,6,,,063421N,1445324W,MEAS,BLACK RAPIDS,5BK,ONAP,0.0,,2125,,PILO,,0,,,0,,DUSK,CLER,0,0,NONE,,,50.0,68,0,150,U,12,F,F,0,0.0,,,,NONE,0,0,0,0,0,4,0,4,N,,,,,,2021-09-20 13:49:44,,VMC,,63.700244,-144.889938,Pre2008.mdb,2026-04-14 02:18:25.664087
20001207X03594,ANC95LA087,ACC,1995-06-29 00:00:00,Th,515,UTC,FAIRBANKS,AK,USA,99701,1995,6,,,644835N,0147439W,MEAS,CHENA MARINA SEAPLANE,AK28,ONAP,0.0,,435,,WFAC,2354,90,FAI,434,3,UTC,DAYL,SCAT,6500,11000,BKN,,,80.0,72,52,120,U,4,F,T,0,30.0,,,,NONE,0,0,0,0,0,2,0,2,N,,,,,,2021-09-20 13:49:45,,VMC,,64.809661,-147.719192,Pre2008.mdb,2026-04-14 02:18:25.664087
20001207X03595,ANC95LA088,ACC,1995-06-29 00:00:00,Th,700,UTC,PALMER,AK,USA,99645,1995,6,,,613711N,1485849W,MEAS,GLACIER PARK RESORT,,ONAP,0.0,,1500,,PILO,,0,,,0,,DUSK,CLER,0,0,NONE,,,20.0,50,0,0,U,,F,T,0,0.0,,,,NONE,0,0,0,0,0,1,0,1,N,,,,,,2021-09-20 13:49:45,,VMC,,61.619682,-148.98027,Pre2008.mdb,2026-04-14 02:18:25.664087
20001207X03596,ANC95LA089,ACC,1995-06-28 00:00:00,We,1600,UTC,TALKEETNA,AK,USA,99676,1995,6,,,622658N,1494721W,MEAS,,,OFAP,0.0,,,,PILO,,0,,,0,,DAYL,UNK,0,750,BKN,,,30.0,50,0,180,U,5,F,F,10,29.0,,,,NONE,0,0,0,0,0,3,0,3,N,,,,,,2021-09-20 13:49:46,,VMC,,62.449447,-149.789169,Pre2008.mdb,2026-04-14 02:18:25.664087
20001207X03597,ANC95LA091,ACC,1995-07-01 00:00:00,Sa,530,UTC,SHISHMAREF,AK,USA,99772,1995,7,,,066115N,1655439W,MEAS,SERPENTINE HOT SPRINGS,,ONAP,0.0,,420,,PILO,,0,,,0,,DAYL,UNK,0,2300,BKN,,,15.0,61,0,160,U,7,F,F,12,0.0,,,,NONE,0,0,0,0,0,2,0,2,N,,,,,,2021-09-20 13:49:46,,VMC,,66.020935,-165.910919,Pre2008.mdb,2026-04-14 02:18:25.664087
20001207X03598,ANC95LA092,ACC,1995-07-01 00:00:00,Sa,0,UTC,TALKEETNA,AK,USA,99676,1995,7,,,622657N,1494725W,MEAS,,,OFAP,0.0,,,,PILO,,0,,,0,,DAYL,UNK,0,1000,OVC,,,5.0,39,0,300,U,30,F,F,60,0.0,,,,NONE,0,0,0,0,0,5,0,5,N,,,,,,2021-09-20 13:49:47,,VMC,,62.449237,-149.790206,Pre2008.mdb,2026-04-14 02:18:25.664087
20001207X03599,ANC95LA093,ACC,1995-06-28 00:00:00,We,100,UTC,TYONEK,AK,USA,99682,1995,6,,,061445N,0151938W,MEAS,,,OFAP,0.0,,,,PILO,,0,,,0,,DAYL,SCAT,4500,5000,OVC,,,40.0,64,0,0,U,,F,T,0,29.0,,,,NONE,0,0,0,0,0,1,0,1,N,,,,,,2021-09-20 13:49:47,,VMC,,61.079132,-151.160507,Pre2008.mdb,2026-04-14 02:18:25.664087
20001207X03830,ANC95LA094,ACC,1995-07-04 00:00:00,Tu,1900,UTC,CHITINA,AK,USA,99566,1995,7,,,061270N,0014390W,MEAS,MCCARTHY NO. 2,15Z,ONAP,0.0,,1581,,PILO,,0,,,0,,DAYL,SCAT,3500,0,NONE,,,10.0,64,0,0,Y,,T,T,0,0.0,,,,NONE,0,0,0,0,0,4,0,4,N,,,,,,2021-09-20 13:49:48,,VMC,,61.450107,-143.150009,Pre2008.mdb,2026-04-14 02:18:25.664087
20001207X03831,ANC95LA096,ACC,1995-07-05 00:00:00,We,2130,UTC,HOMER,AK,USA,99603,1995,7,,,592359N,1511910W,MEAS,,,OFAP,0.0,,,,PILO,,0,,,0,,DAYL,UNK,0,4000,BKN,,,60.0,0,0,0,U,,F,T,0,0.0,,,,NONE,0,0,0,0,0,2,0,2,N,,,,,,2021-09-20 13:49:48,,VMC,,59.399715,-151.319427,Pre2008.mdb,2026-04-14 02:18:25.664087
20001207X03832,ANC95LA097,ACC,1995-07-06 00:00:00,Th,230,UTC,NAKNEK,AK,USA,99633,1995,7,,,584758N,1565359W,MEAS,,,OFAP,0.0,,,,PILO,,0,,,0,,DAYL,CLER,0,0,NONE,,,15.0,70,0,260,U,8,F,T,0,0.0,,,,NONE,0,0,0,0,0,1,0,1,N,,,,,,2021-09-20 13:49:48,,VMC,,58.799568,-156.899642,Pre2008.mdb,2026-04-14 02:18:25.664087
20001207X03833,ANC95LA098,ACC,1995-07-05 00:00:00,We,2230,UTC,PALMER,AK,USA,99633,1995,7,,,058483N,1565358W,MEAS,,,OFAP,0.0,,,,PILO,,0,,,0,,DAYL,CLER,0,0,NONE,,,90.0,61,0,210,U,5,F,T,0,0.0,,,,NONE,0,0,0,0,0,2,0,2,N,,,,,,2021-09-20 13:49:49,,VMC,,58.800865,-156.899429,Pre2008.mdb,2026-04-14 02:18:25.664087
20001207X03834,ANC95LA099,ACC,1995-07-07 00:00:00,Fr,535,UTC,ANCHORAGE,AK,USA,99502,1995,7,,,061937N,1495921W,MEAS,LAKE HOOD AIRSTRIP,Z41,ONAP,0.0,,71,,WFAC,40,180,ANC,144,2,UTC,DAYL,SCAT,6000,0,UNK,,,35.0,64,52,310,U,4,F,F,0,29.0,,,,NONE,0,0,0,0,0,1,0,1,N,,,,,,2021-09-20 13:49:49,,VMC,,61.160175,-149.989105,Pre2008.mdb,2026-04-14 02:18:25.664087
20001207X03835,ANC95LA100,ACC,1995-07-13 00:00:00,Th,200,UTC,KING SALMON,AK,USA,99613,1995,7,,,058451N,1563222W,MEAS,,,OFAP,0.0,,,,PILO,,0,,,0,,DAYL,UNK,0,4000,BKN,,,30.0,61,0,90,U,15,F,F,20,0.0,,,,NONE,0,0,0,0,0,2,0,2,N,,,,,,2021-09-20 13:49:50,,VMC,,58.750148,-156.53955,Pre2008.mdb,2026-04-14 02:18:25.664087
20001207X03836,ANC95LA103,ACC,1995-07-14 00:00:00,Fr,230,UTC,KETCHIKAN,AK,USA,99901,1995,7,,,553638N,1313446W,MEAS,,,OFAP,0.0,,,,PILO,,0,,,0,,DAYL,UNK,0,4000,BKN,,,20.0,61,0,120,U,10,F,T,0,0.0,,,,NONE,0,0,0,0,0,8,0,8,N,,,,,,2021-09-20 13:49:51,,VMC,,55.610565,-131.57936,Pre2008.mdb,2026-04-14 02:18:25.664087
20001207X03837,ANC95LA105,ACC,1995-07-16 00:00:00,Su,2200,UTC,KALSKAG,AK,USA,99607,1995,7,,,613636N,0160120W,MEAS,KALSKAG,KLG,OFAP,2.0,200,49,,PILO,,0,,,0,,DAYL,SCAT,3000,0,NONE,,,50.0,55,0,360,U,4,F,T,0,0.0,,,,NONE,0,0,0,0,0,1,0,1,N,,,,,,2021-09-20 13:49:52,,VMC,,61.609943,-160.200042,Pre2008.mdb,2026-04-14 02:18:25.664087
20001207X03838,ANC95LA106,ACC,1995-07-17 00:00:00,Mo,600,UTC,ANCHORAGE,AK,USA,99502,1995,7,,,061933N,1495921W,MEAS,MERRILL FIELD,MRI,ONAP,0.0,,140,,WFAC,117,0,MRI,133,0,UTC,DAYL,SCAT,5000,14000,BKN,,,50.0,61,0,360,U,3,F,F,0,30.0,,,,NONE,0,0,0,0,0,2,0,2,N,,,,,,2021-09-20 13:49:52,,VMC,,61.159214,-149.989242,Pre2008.mdb,2026-04-14 02:18:25.664087
20001207X03839,ANC95LA107,ACC,1995-07-18 00:00:00,Tu,2030,UTC,PAXSON,AK,USA,99737,1995,7,,,063421N,1445322W,MEAS,,,OFAP,0.0,,,,PILO,,0,,,0,,DAYL,UNK,0,5500,OVC,,,20.0,43,0,225,U,5,F,T,0,29.0,,,,NONE,0,0,0,0,0,2,0,2,N,,,,,,2021-09-20 13:49:53,,VMC,,63.700344,-144.889419,Pre2008.mdb,2026-04-14 02:18:25.664087
20001207X03840,ANC95LA108,ACC,1995-07-19 00:00:00,We,1530,UTC,KING SALMON,AK,USA,99613,1995,7,,,058450N,1563221W,MEAS,,,OFAP,0.0,,,,WIT,,0,,,0,,DAYL,CLER,0,0,NONE,,,30.0,61,0,90,U,12,F,T,0,30.0,,,,NONE,0,0,0,0,0,6,0,6,N,,,,,,2021-09-20 13:49:54,,VMC,,58.750007,-156.539123,Pre2008.mdb,2026-04-14 02:18:25.664087
20001207X03841,ANC95LA109,ACC,1995-07-17 00:00:00,Mo,0,UTC,NENANA,AK,USA,99760,1995,7,,,642811N,1483415W,MEAS,TOLOVANA HOT SPRINGS,,ONAP,0.0,,1800,,PILO,,0,,,0,,DAYL,CLER,0,0,NONE,,,99.0,81,0,150,U,10,F,T,0,0.0,,,,NONE,0,0,0,0,0,1,0,1,N,,,,,,2021-09-20 13:49:54,,VMC,,64.469696,-148.570709,Pre2008.mdb,2026-04-14 02:18:25.664087
20001211X13069,BFO93WA145,ACC,1993-08-16 00:00:00,Mo,930,,VALENSOL,,FR,,1993,8,,,,,,,,,0.0,0,0,,,,0,,,0,,NR,UNK,0,0,UNK,,,,0,0,0,U,,F,F,0,0.0,,,,FATL,0,0,0,1,0,0,0,1,N,,,,,,2021-09-20 16:44:04,,Unk,,,,Pre2008.mdb,2026-04-14 02:18:25.664087
20001207X03600,ANC95LA110,ACC,1995-06-09 00:00:00,Fr,1500,UTC,KING SALMON,AK,USA,99613,1995,6,,,058451N,1563224W,MEAS,,,OFAP,0.0,,,,PILO,,0,,,0,,DAYL,CLER,0,0,NONE,,,60.0,61,0,90,U,15,F,F,20,0.0,,,,NONE,0,0,0,0,0,1,0,1,N,,,,,,2021-09-20 13:49:54,,VMC,,58.750156,-156.539916,Pre2008.mdb,2026-04-14 02:18:25.664087
20001207X03842,ANC95LA111,ACC,1995-07-21 00:00:00,Fr,2355,UTC,ANCHORAGE,AK,USA,99511,1995,7,,,,,,O'MALLY SKY HARBOR,,ONAP,0.0,,350,,WFAC,1852,300,ANC,144,7,UTC,DAYL,UNK,0,1700,BKN,,,20.0,59,57,260,U,10,F,F,0,30.0,,,,SERS,0,0,0,0,1,0,1,2,N,,,,,,2021-09-20 13:49:55,,VMC,,,,Pre2008.mdb,2026-04-14 02:18:25.664087
20001207X03843,ANC95LA112,ACC,1995-07-21 00:00:00,Fr,100,UTC,BETTLES,AK,USA,99726,1995,7,,,671425N,1521610W,MEAS,BETTLES,BET,ONAP,0.0,,643,,PILO,,0,,,0,,DAYL,UNK,0,2000,OVC,,,10.0,61,0,200,U,5,F,T,0,0.0,,,,NONE,0,0,0,0,0,1,0,1,N,,,,,,2021-09-20 13:49:56,,VMC,,67.240158,-152.269348,Pre2008.mdb,2026-04-14 02:18:25.664087
20001207X03844,ANC95LA114,ACC,1995-07-26 00:00:00,We,1530,UTC,TYONEK,AK,USA,99682,1995,7,,,061445N,0151937W,MEAS,KUSTATAN,,ONAP,0.0,,56,,WFAC,1046,170,ENA,92,13,UTC,DAYL,SCAT,1500,3500,BKN,,,30.0,54,52,0,U,,F,T,0,29.0,,,,NONE,0,0,0,0,0,2,0,2,N,,,,,,2021-09-20 13:49:56,,VMC,,61.079093,-151.160369,Pre2008.mdb,2026-04-14 02:18:25.664087
20001207X03845,ANC95LA115,ACC,1995-07-26 00:00:00,We,2100,UTC,TALKEETNA,AK,USA,99676,1995,7,,,062271N,1494723W,MEAS,,,OFAP,0.0,,,,WFAC,1550,0,TKA,,0,UTC,DAYL,SCAT,4000,0,NONE,,,30.0,64,46,240,U,8,F,T,0,29.0,,,,MINR,0,0,0,0,1,0,0,1,N,,,,,,2021-09-20 13:49:57,,VMC,,62.450393,-149.789611,Pre2008.mdb,2026-04-14 02:18:25.664087
20001207X03846,ANC95LA116,ACC,1995-07-09 00:00:00,Su,130,UTC,KOTZEBUE,AK,USA,99752,1995,7,,,671424N,1611121W,MEAS,,,OFAP,0.0,,,,PILO,,0,,,0,,DAYL,UNK,0,1500,OVC,,,5.0,55,0,180,U,3,F,T,0,0.0,,,,NONE,0,0,0,0,0,1,0,1,N,,,,,,2021-09-20 13:49:57,,VMC,,67.239959,-161.189086,Pre2008.mdb,2026-04-14 02:18:25.664087
20001207X03847,ANC95LA118,ACC,1995-07-30 00:00:00,Su,2000,UTC,NORTH POLE,AK,USA,99705,1995,7,,,644613N,1471950W,MEAS,,,OFAP,0.0,,,,PILO,,0,,,0,,DAYL,SCAT,5000,0,UNK,,,80.0,7,0,0,U,,F,F,0,0.0,,,,MINR,0,0,0,0,1,3,0,4,N,,,,,,2021-09-20 13:49:58,,VMC,,64.770294,-147.330459,Pre2008.mdb,2026-04-14 02:18:25.664087
20001207X03848,ANC95LA119,ACC,1995-07-29 00:00:00,Sa,1950,UTC,CORDOVA,AK,USA,99574,1995,7,,,604727N,1453638W,MEAS,MIDDLETON ISLAND,MDO,OFAP,4.0,160,87,,WFAC,1426,360,MDO,87,3,UTC,DAYL,UNK,0,600,BKN,,,5.0,54,43,117,U,17,F,F,25,29.0,,,,FATL,0,0,0,4,0,0,0,4,N,,,,,,2021-09-20 13:49:59,,IMC,,60.79071,-145.610519,Pre2008.mdb,2026-04-14 02:18:25.664087
20001207X03849,ANC95LA120,ACC,1995-07-29 00:00:00,Sa,350,UTC,KENAI,AK,USA,99611,1995,7,,,603935N,0150543W,MEAS,KUSTATAN AIRSTRIP,,ONAP,0.0,,50,,PILO,,0,,,0,,DAYL,UNK,0,3000,OVC,,,15.0,55,0,180,U,10,F,F,12,0.0,,,,NONE,0,0,0,0,0,3,0,3,N,,,,,,2021-09-20 13:49:59,,VMC,,60.659736,-150.900939,Pre2008.mdb,2026-04-14 02:18:25.664087
20001207X03850,ANC95LA121,ACC,1995-07-29 00:00:00,Sa,2300,UTC,PORT ALSWORTH,AK,USA,99653,1995,7,,,060122N,1541645W,MEAS,PORT ALSWORTH,,ONAP,0.0,,280,,PILO,,0,,,0,,DAYL,UNK,0,2500,OVC,,,5.0,64,0,240,U,10,F,F,25,0.0,,,,NONE,0,0,0,0,0,3,0,3,N,,,,,,2021-09-20 13:50:00,,VMC,,60.200584,-154.279296,Pre2008.mdb,2026-04-14 02:18:25.664087
20001207X03851,ANC95LA122,ACC,1995-08-01 00:00:00,Tu,240,UTC,KODIAK,AK,USA,99615,1995,8,,,574721N,0152242W,MEAS,KODIAK,ADQ,ONAP,0.0,,73,,PILO,,0,,,0,,DAYL,UNK,0,5000,OVC,,,15.0,52,0,110,U,12,F,T,0,0.0,,,,NONE,0,0,0,0,0,2,0,2,N,,,,,,2021-09-20 13:50:00,,VMC,,57.789028,-152.400604,Pre2008.mdb,2026-04-14 02:18:25.664087
20001207X04120,ANC95LA123,ACC,1995-08-02 00:00:00,We,0,UTC,NIKISKI,AK,USA,99634,1995,8,,,604048N,0016201W,MEAS,,,OFAP,0.0,,,,PILO,,0,,,0,,DAYL,UNK,0,4500,BKN,,,10.0,55,0,300,U,10,F,F,12,29.0,,,,NONE,0,0,0,0,0,4,0,4,N,,,,,,2021-09-20 13:50:01,,VMC,,60.680065,-162.000213,Pre2008.mdb,2026-04-14 02:18:25.664087
20001207X04121,ANC95LA124,ACC,1995-08-01 00:00:00,Tu,1945,UTC,CHICKALOON,AK,USA,99674,1995,8,,,614422N,0148139W,MEAS,,,OFAP,0.0,,,,PILO,,0,,,0,,DAYL,UNK,0,7500,BKN,,,20.0,50,0,135,U,15,F,F,20,29.0,,,,SERS,0,0,0,0,1,0,1,2,N,,,,,,2021-09-20 13:50:01,,VMC,,61.739555,-148.219116,Pre2008.mdb,2026-04-14 02:18:25.664087
20001207X03852,ANC95LA125,ACC,1995-07-23 00:00:00,Su,2000,UTC,SHISHMAREF,AK,USA,99772,1995,7,,,006618N,1655437W,MEAS,SERPENTINE HOT SPRINGS,NONE,ONAP,0.0,,400,,PILO,,0,,,0,,DAYL,SCAT,1500,2500,BKN,,,20.0,48,0,60,U,15,F,F,18,0.0,,,,NONE,0,0,0,0,0,6,0,6,N,,,,,,2021-09-20 13:50:02,,VMC,,66.019027,-165.910232,Pre2008.mdb,2026-04-14 02:18:25.664087
20001207X04122,ANC95LA126,ACC,1995-08-02 00:00:00,We,1710,UTC,SKWENTNA,AK,USA,99667,1995,8,,,615550N,1514346W,MEAS,,,OFAP,0.0,,,,PILO,,0,,,0,,DAYL,SCAT,600,0,NONE,,,20.0,57,0,0,U,,F,T,0,0.0,,,,NONE,0,0,0,0,0,4,0,4,N,,,,,,2021-09-20 13:50:03,,VMC,,61.930553,-151.729476,Pre2008.mdb,2026-04-14 02:18:25.664087
20001207X04123,ANC95LA127,ACC,1995-08-04 00:00:00,Fr,400,UTC,STERLING,AK,USA,99672,1995,8,Y,N,603222N,1504724W,MEAS,,,OFAP,0.0,,,,PILO,,0,,,0,,DAYL,SCAT,5000,0,NONE,,,10.0,61,0,180,U,7,F,T,0,0.0,,,,NONE,0,0,0,0,0,3,0,3,N,,,,,,2021-09-20 13:50:03,,VMC,,60.539474,-150.789886,Pre2008.mdb,2026-04-14 02:18:25.664087
20001207X04124,ANC95LA128,ACC,1995-08-04 00:00:00,Fr,2130,UTC,CIRCLE,AK,USA,99733,1995,8,,,654727N,0144120W,MEAS,,,OFAP,0.0,,,,PILO,,0,,,0,,DAYL,UNK,0,3000,BKN,,,50.0,64,0,225,U,1,F,T,0,0.0,,,,MINR,0,0,0,0,2,0,0,2,N,,,,,,2021-09-20 13:50:04,,VMC,,65.790756,-144.200057,Pre2008.mdb,2026-04-14 02:18:25.664087
20001207X04125,ANC95LA130,ACC,1995-08-05 00:00:00,Sa,200,UTC,KETCHIKAN,AK,USA,99901,1995,8,,,553638N,1313448W,MEAS,,,OFAP,0.0,,,,PILO,,0,,,0,,DAYL,CLER,0,0,NONE,,,20.0,0,0,220,U,20,F,T,0,0.0,,,,NONE,0,0,0,0,0,1,0,1,N,,,,,,2021-09-20 13:50:04,,VMC,,55.610462,-131.580017,Pre2008.mdb,2026-04-14 02:18:25.664087
20001207X04126,ANC95LA131,ACC,1995-08-06 00:00:00,Su,330,UTC,PORT ALSWORTH,AK,USA,99653,1995,8,,,601158N,1541651W,MEAS,,,OFAP,0.0,,,,PILO,,0,,,0,,DAYL,UNK,0,5500,BKN,,,30.0,50,0,0,Y,,T,T,0,0.0,,,,NONE,0,0,0,0,0,2,0,2,N,,,,,,2021-09-20 13:50:05,,VMC,,60.199329,-154.28096,Pre2008.mdb,2026-04-14 02:18:25.664087
20001207X04127,ANC95LA132,ACC,1995-08-08 00:00:00,Tu,1615,UTC,ILIAMNA,AK,USA,99606,1995,8,,,059513N,1543335W,MEAS,,,OFAP,0.0,,,,PILO,,0,,,0,,DAYL,UNK,0,1500,BKN,,,20.0,61,0,0,Y,,T,T,0,0.0,,,,NONE,0,0,0,0,0,8,0,8,N,,,,,,2021-09-20 13:50:05,,VMC,,59.850711,-154.559829,Pre2008.mdb,2026-04-14 02:18:25.664087
20001207X04128,ANC95LA134,ACC,1995-08-09 00:00:00,We,530,UTC,CORDOVA,AK,USA,99574,1995,8,,,604723N,1453636W,MEAS,,,OFAP,0.0,,,,PILO,,0,,,0,,DAYL,CLER,0,0,NONE,,,90.0,50,0,0,U,,F,T,0,0.0,,,,SERS,0,0,0,0,0,0,1,1,N,,,,,,2021-09-20 13:50:06,,VMC,,60.78981,-145.60997,Pre2008.mdb,2026-04-14 02:18:25.664087
20001207X04129,ANC95LA135,ACC,1995-08-10 00:00:00,Th,2200,UTC,CORDOVA,AK,USA,99574,1995,8,,,604726N,1453635W,MEAS,,,OFAP,0.0,,,,WIT,,0,,,0,,DAYL,UNK,0,0,UNK,,,25.0,55,0,0,U,,F,F,0,0.0,,,,NONE,0,0,0,0,0,3,0,3,N,,,,,,2021-09-20 13:50:06,,VMC,,60.790641,-145.609786,Pre2008.mdb,2026-04-14 02:18:25.664087
20001207X04130,ANC95LA136,ACC,1995-08-10 00:00:00,Th,1800,UTC,ANIAK,AK,USA,99557,1995,8,,,061121N,1583557W,MEAS,TAYLOR MOUNTAIN STRIP,,ONAP,0.0,,1000,,PILO,,0,,,0,,DAYL,CLER,0,0,NONE,,,30.0,50,0,360,U,5,F,T,0,29.0,,,,NONE,0,0,0,0,0,2,0,2,N,,,,,,2021-09-20 13:50:07,,VMC,,61.200347,-158.59909,Pre2008.mdb,2026-04-14 02:18:25.664087
20001207X04131,ANC95LA137,ACC,1995-08-11 00:00:00,Fr,2100,UTC,TALKEETNA,AK,USA,99676,1995,8,,,622659N,1494727W,MEAS,TALKEETNA,TKA,ONAP,0.0,,358,,WFAC,1557,10,TKA,358,1,UTC,DAYL,SCAT,3000,7000,BKN,,,30.0,63,48,250,U,5,F,T,0,29.0,,,,NONE,0,0,0,0,0,1,0,1,N,,,,,,2021-09-20 13:50:07,,VMC,,62.449699,-149.790924,Pre2008.mdb,2026-04-14 02:18:25.664087
20001208X05688,ANC96LA071,ACC,1996-05-14 00:00:00,Tu,2235,UTC,BIG LAKE,AK,USA,99652,1996,5,,,612734N,0150522W,MEAS,,,OFAP,0.0,,,,PILO,,0,,,0,,DAYL,CLER,0,0,NONE,,,50.0,63,0,330,U,12,F,F,30,0.0,,,,NONE,0,0,0,0,0,1,0,1,N,,,,,,2021-09-20 13:04:54,,VMC,,61.45935,-150.089401,Pre2008.mdb,2026-04-14 02:18:25.664087
20001207X04132,ANC95LA138,ACC,1995-08-14 00:00:00,Mo,1915,UTC,TOGIAK,AK,USA,99678,1995,8,,,591239N,1603222W,MEAS,TOGIAK FISHERIES,TFI,ONAP,0.0,,20,,PILO,,0,,,0,,DAYL,CLER,0,0,NONE,,,50.0,55,45,20,U,17,F,F,21,29.0,,,,NONE,0,0,0,0,0,1,0,1,N,,,,,,2021-09-20 13:50:07,,VMC,,59.210903,-160.539398,Pre2008.mdb,2026-04-14 02:18:25.664087
20001207X04133,ANC95LA139,ACC,1995-08-15 00:00:00,Tu,300,UTC,PORT ALSWORTH,AK,USA,99653,1995,8,,,601158N,1541648W,MEAS,HOOK MOUNTAIN LODGE,,ONAP,1.0,180,1400,,PILO,,0,,,0,,DAYL,UNK,0,5000,BKN,,,30.0,52,37,90,U,12,F,F,15,29.0,,,,SERS,0,0,0,0,0,0,2,2,N,,,,,,2021-09-20 13:50:08,,VMC,,60.199382,-154.279907,Pre2008.mdb,2026-04-14 02:18:25.664087
20001207X04134,ANC95LA140,ACC,1995-08-15 00:00:00,Tu,1830,UTC,TELLER,AK,USA,99778,1995,8,,,065151N,1662134W,MEAS,PORT CLARENCE CGS,KPC,ONAP,0.0,,10,,PILO,,0,,,0,,DAYL,CLER,0,0,NONE,,,50.0,55,0,0,U,,F,T,0,0.0,,,,NONE,0,0,0,0,0,4,0,4,N,,,,,,2021-09-20 13:50:08,,VMC,,65.250305,-166.359512,Pre2008.mdb,2026-04-14 02:18:25.664087
20001207X04135,ANC95LA141,ACC,1995-08-11 00:00:00,Fr,1830,UTC,NIKOLAI,AK,USA,99691,1995,8,,,625211N,0153529W,MEAS,,,OFAP,0.0,,,,WIT,,0,,,0,,DAYL,SCAT,4000,0,NONE,,,15.0,61,0,90,U,10,F,T,0,0.0,,,,NONE,0,0,0,0,0,1,0,1,N,,,,,,2021-09-20 13:50:09,,VMC,,62.869693,-153.869293,Pre2008.mdb,2026-04-14 02:18:25.664087
20001207X04136,ANC95LA142,ACC,1995-08-16 00:00:00,We,2115,UTC,GLENNALLEN,AK,USA,99588,1995,8,,,062557N,1453149W,MEAS,,,OFAP,0.0,,,,PILO,,0,,,0,,DAYL,CLER,0,0,NONE,,,50.0,66,0,125,U,3,F,T,0,0.0,,,,NONE,0,0,0,0,0,2,0,2,N,,,,,,2021-09-20 13:50:10,,VMC,,62.099094,-145.530319,Pre2008.mdb,2026-04-14 02:18:25.664087
20001207X04137,ANC95LA143,ACC,1995-08-18 00:00:00,Fr,605,UTC,ANCHORAGE,AK,USA,99502,1995,8,,,061938N,1495922W,MEAS,LAKE HOOD STRIP,Z41,OFAP,1.0,30,73,,WFAC,135,210,ANC,144,1,UTC,DUSK,CLER,0,0,NONE,,,40.0,55,52,150,U,3,F,T,0,29.0,,,,SERS,0,0,0,0,2,0,1,3,N,,,,,,2021-09-20 13:50:10,,VMC,,61.160614,-149.989425,Pre2008.mdb,2026-04-14 02:18:25.664087
20001207X04138,ANC95LA144,ACC,1995-08-18 00:00:00,Fr,600,UTC,ANCHORAGE,AK,USA,99502,1995,8,,,061934N,1495925W,MEAS,,,OFAP,0.0,,,,PILO,,0,,,0,,DUSK,CLER,0,0,NONE,,,50.0,55,45,0,U,,F,T,0,0.0,,,,NONE,0,0,0,0,0,3,0,3,N,,,,,,2021-09-20 13:50:11,,VMC,,61.159324,-149.990325,Pre2008.mdb,2026-04-14 02:18:25.664087
20001207X04139,ANC95LA145,ACC,1995-08-17 00:00:00,Th,1700,UTC,SKWENTNA,AK,USA,99667,1995,8,,,615549N,1514347W,MEAS,,,OFAP,0.0,,,,PILO,,0,,,0,,DAYL,CLER,0,0,NONE,,,50.0,50,0,270,U,4,F,T,0,0.0,,,,NONE,0,0,0,0,0,1,0,1,N,,,,,,2021-09-20 13:50:11,,VMC,,61.930236,-151.72966,Pre2008.mdb,2026-04-14 02:18:25.664087
20001207X04140,ANC95LA146,ACC,1995-08-21 00:00:00,Mo,200,UTC,FORT YUKON,AK,USA,99740,1995,8,,,663337N,1451458W,MEAS,,,OFAP,0.0,,,,PILO,,0,,,0,,DAYL,UNK,0,4500,BKN,,,60.0,61,0,240,U,5,F,T,0,30.0,,,,NONE,0,0,0,0,0,1,0,1,N,,,,,,2021-09-20 13:50:12,,VMC,,66.56034,-145.249542,Pre2008.mdb,2026-04-14 02:18:25.664087
20001207X04141,ANC95LA148,ACC,1995-08-23 00:00:00,We,420,UTC,KENAI,AK,USA,99611,1995,8,,,603933N,0150543W,MEAS,,,OFAP,0.0,,,,PILO,,0,,,0,,DAYL,SCAT,3000,5000,BKN,,,30.0,64,0,360,U,2,F,F,0,0.0,,,,NONE,0,0,0,0,0,3,0,3,N,,,,,,2021-09-20 13:50:12,,VMC,,60.659137,-150.900802,Pre2008.mdb,2026-04-14 02:18:25.664087
20001207X04142,ANC95LA149,ACC,1995-08-24 00:00:00,Th,530,UTC,SOLDOTNA,AK,USA,99669,1995,8,,,601915N,1504726W,MEAS,,,OFAP,0.0,,,,PILO,,0,,,0,,DAYL,UNK,0,5000,BKN,,,50.0,61,0,180,U,15,F,T,0,0.0,,,,SERS,0,0,0,0,0,3,1,4,N,,,,,,2021-09-20 13:50:13,,VMC,,60.320915,-150.790527,Pre2008.mdb,2026-04-14 02:18:25.664087
20001207X04143,ANC95LA153,ACC,1995-08-17 00:00:00,Th,2045,UTC,NIKISKI,AK,USA,99635,1995,8,,,,,,,,OFAP,0.0,,,,PILO,,0,,,0,,DAYL,CLER,0,0,NONE,,,50.0,55,0,0,Y,,T,T,0,0.0,,,,NONE,0,0,0,0,0,2,0,2,N,,,,,,2021-09-20 13:50:13,,VMC,,,,Pre2008.mdb,2026-04-14 02:18:25.664087
20001207X04144,ANC95LA154,ACC,1995-08-29 00:00:00,Tu,2100,UTC,SLEETMUTE,AK,USA,99668,1995,8,,,614045N,0157933W,MEAS,CRESENT LAKE LODGE,,ONAP,0.0,,250,,PILO,,0,,,0,,DAYL,CLER,0,0,NONE,,,50.0,50,0,180,U,7,F,T,0,0.0,,,,NONE,0,0,0,0,0,2,0,2,N,,,,,,2021-09-20 13:50:14,,VMC,,61.679264,-157.159255,Pre2008.mdb,2026-04-14 02:18:25.664087
20001207X04399,ANC95LA155,ACC,1995-09-02 00:00:00,Sa,2330,UTC,BIG LAKE,AK,USA,99652,1995,9,,,612738N,0150525W,MEAS,,,OFAP,0.0,,,,WFAC,2100,160,ANC,71,18,UTC,DAYL,SCAT,5500,0,NONE,,,90.0,63,46,180,U,9,F,T,0,29.0,,,,NONE,0,0,0,0,0,1,0,1,N,,,,,,2021-09-20 13:50:14,,VMC,,61.460666,-150.090393,Pre2008.mdb,2026-04-14 02:18:25.664087
20001207X04400,ANC95LA156,ACC,1995-09-03 00:00:00,Su,2100,UTC,IGIUGIG,AK,USA,99613,1995,9,,,058452N,1563222W,MEAS,,,OFAP,0.0,,,,PILO,,0,,,0,,DAYL,CLER,0,0,NONE,,,70.0,61,0,90,U,10,F,T,0,0.0,,,,NONE,0,0,0,0,0,4,0,4,N,,,,,,2021-09-20 13:50:15,,VMC,,58.750507,-156.539382,Pre2008.mdb,2026-04-14 02:18:25.664087
20001207X04401,ANC95LA158,ACC,1995-09-01 00:00:00,Fr,2000,UTC,SKWENTNA,AK,USA,99667,1995,9,,,615547N,1514347W,MEAS,,,OFAP,0.0,,,,WFAC,1437,35,Z42,1052,13,UTC,DAYL,,0,1800,OVC,,,12.0,48,46,270,U,7,F,T,0,29.0,,,,FATL,0,0,0,1,0,0,0,1,N,,,,,,2021-09-20 13:50:15,,IMC,,61.929687,-151.729629,Pre2008.mdb,2026-04-14 02:18:25.664087
20001207X04402,ANC95LA159,ACC,1995-09-06 00:00:00,We,1515,UTC,HOMER,AK,USA,99603,1995,9,,,592359N,1511911W,MEAS,BEAR COVE,,ONAP,0.0,,150,,PILO,,0,,,0,,DAWN,UNK,0,3000,OVC,,,10.0,50,46,0,Y,8,T,T,0,29.0,,,,NONE,0,0,0,0,0,1,0,1,N,,,,,,2021-09-20 13:50:16,,VMC,,59.399726,-151.319702,Pre2008.mdb,2026-04-14 02:18:25.664087
20001207X04403,ANC95LA160,ACC,1995-09-08 00:00:00,Fr,0,UTC,GLENNALLEN,AK,USA,99588,1995,9,,,006261N,1453150W,MEAS,,,OFAP,0.0,,,,PILO,,0,,,0,,DAYL,SCAT,700,4000,BKN,,,5.0,55,0,0,Y,,T,T,0,0.0,,,,SERS,0,0,0,0,0,1,1,2,N,,,,,,2021-09-20 13:50:16,,VMC,,62.100273,-145.530654,Pre2008.mdb,2026-04-14 02:18:25.664087
20001207X04404,ANC95LA161,ACC,1995-09-09 00:00:00,Sa,0,UTC,ANIAK,AK,USA,99557,1995,9,,,611157N,1583558W,MEAS,,,OFAP,0.0,,,,PILO,,0,,,0,,DAYL,UNK,0,5000,OVC,,,90.0,55,0,125,U,10,F,T,0,0.0,,,,NONE,0,0,0,0,0,3,0,3,N,,,,,,2021-09-20 13:50:17,,VMC,,61.19905,-158.599563,Pre2008.mdb,2026-04-14 02:18:25.664087
20001207X04405,ANC95LA162,ACC,1995-09-09 00:00:00,Sa,500,UTC,ANCHORAGE,AK,USA,99501,1995,9,,,611314N,1495059W,MEAS,,,OFAP,0.0,,,,PILO,,0,,,0,,DUSK,UNK,0,5000,OVC,,,20.0,50,0,150,U,5,F,T,0,29.0,,,,NONE,0,0,0,0,0,2,0,2,N,,,,,,2021-09-20 13:50:17,,VMC,,61.220657,-149.849685,Pre2008.mdb,2026-04-14 02:18:25.664087
20001207X04406,ANC95LA163,ACC,1995-09-10 00:00:00,Su,130,UTC,PALMER,AK,USA,99645,1995,9,,,613713N,1485850W,MEAS,,,OFAP,0.0,,,,PILO,,0,,,0,,DAYL,UNK,0,1500,OVC,,,10.0,45,0,0,U,10,F,F,14,0.0,,,,MINR,0,0,0,0,1,1,0,2,N,,,,,,2021-09-20 13:50:18,,VMC,,61.620323,-148.980529,Pre2008.mdb,2026-04-14 02:18:25.664087
20001207X04407,ANC95LA164,ACC,1995-09-10 00:00:00,Su,1800,UTC,GLENNALLEN,AK,USA,99588,1995,9,,,006262N,1453148W,MEAS,,,OFAP,0.0,,,,WIT,,0,,,0,,DAYL,UNK,0,5500,BKN,,,30.0,50,0,180,U,30,F,F,0,0.0,,,,NONE,0,0,0,0,0,1,0,1,N,,,,,,2021-09-20 13:50:19,,VMC,,62.100669,-145.530014,Pre2008.mdb,2026-04-14 02:18:25.664087
20001207X04408,ANC95LA165,ACC,1995-09-10 00:00:00,Su,100,UTC,ANCHORAGE,AK,USA,99501,1995,9,,,611315N,0149513W,MEAS,,,OFAP,0.0,,,,PILO,,0,,,0,,DAYL,UNK,0,5000,OVC,,,20.0,50,0,360,U,5,F,F,15,0.0,,,,NONE,0,0,0,0,0,1,0,1,N,,,,,,2021-09-20 13:50:19,,VMC,,61.220737,-149.850799,Pre2008.mdb,2026-04-14 02:18:25.664087
20001207X04409,ANC95LA168,ACC,1995-09-12 00:00:00,Tu,2200,UTC,KIVALINA,AK,USA,99750,1995,9,,,674345N,0164331W,MEAS,,,OFAP,0.0,,,,PILO,,0,,,0,,DAYL,CLER,0,0,NONE,,,90.0,55,0,360,U,3,F,T,0,0.0,,,,MINR,0,0,0,0,1,0,0,1,N,,,,,,2021-09-20 13:50:20,,VMC,,67.729232,-164.550277,Pre2008.mdb,2026-04-14 02:18:25.664087
20001207X04410,ANC95LA170,ACC,1995-09-15 00:00:00,Fr,200,UTC,PORT ALSWORTH,AK,USA,99653,1995,9,,,060121N,1541645W,MEAS,,,OFAP,0.0,,,,PILO,,0,,,0,,DAYL,UNK,0,7000,BKN,,,15.0,57,0,90,U,10,F,T,0,0.0,,,,NONE,0,0,0,0,0,1,0,1,N,,,,,,2021-09-20 13:50:20,,VMC,,60.20026,-154.279144,Pre2008.mdb,2026-04-14 02:18:25.664087
20001207X04411,ANC95LA171,ACC,1995-09-17 00:00:00,Su,2300,UTC,ANIAK,AK,USA,99557,1995,9,,,611158N,1583557W,MEAS,ANIAK,ANI,ONAP,0.0,,88,,WFAC,1815,0,ANI,88,0,UTC,DAYL,UNK,0,5000,OVC,,,10.0,61,52,0,U,,F,T,0,29.0,,,,NONE,0,0,0,0,0,1,0,1,N,,,,,,2021-09-20 13:50:21,,VMC,,61.199489,-158.59909,Pre2008.mdb,2026-04-14 02:18:25.664087
20001207X04412,ANC95LA172,ACC,1995-09-21 00:00:00,Th,0,UTC,ANIAK,AK,USA,99577,1995,9,,,611239N,1491459W,MEAS,,,OFAP,0.0,,,,PILO,,0,,,0,,DAYL,UNK,0,5000,BKN,,,30.0,55,0,135,U,10,F,F,40,0.0,,,,NONE,0,0,0,0,0,3,0,3,N,,,,,,2021-09-20 13:50:21,,VMC,,61.210781,-149.249725,Pre2008.mdb,2026-04-14 02:18:25.664087
20001207X04413,ANC95LA174,ACC,1995-09-12 00:00:00,Tu,300,UTC,BIG DELTA,AK,USA,99737,1995,9,,,634159N,1445327W,MEAS,,,,0.0,,,,PILO,,0,,,0,,DAYL,CLER,0,0,NONE,,,99.0,61,0,90,U,7,F,T,0,30.0,,,,NONE,0,0,0,0,0,1,0,1,N,,,,,,2021-09-20 13:50:22,,VMC,,63.699748,-144.890853,Pre2008.mdb,2026-04-14 02:18:25.664087
20001207X04414,ANC95LA175,ACC,1995-09-23 00:00:00,Sa,100,UTC,COLDFOOT,AK,USA,99711,1995,9,,,,,,,,OFAP,0.0,,,,PILO,,0,,,0,,DAYL,CLER,0,0,NONE,,,60.0,39,0,195,U,10,F,T,0,0.0,,,,NONE,0,0,0,0,0,1,0,1,N,,,,,,2021-09-20 13:50:22,,VMC,,,,Pre2008.mdb,2026-04-14 02:18:25.664087
20001207X04415,ANC95LA176,ACC,1995-09-23 00:00:00,Sa,2130,UTC,CRAIG,AK,USA,99921,1995,9,,,552738N,1324948W,MEAS,,,OFAP,0.0,,,,PILO,,0,,,0,,DAYL,SCAT,6000,0,NONE,,,10.0,61,0,150,U,10,F,F,15,0.0,,,,NONE,0,0,0,0,0,4,0,4,N,,,,,,2021-09-20 13:50:23,,VMC,,55.460601,-132.830047,Pre2008.mdb,2026-04-14 02:18:25.664087
20001207X03060,ANC95T#A01,ACC,1995-03-28 00:00:00,Tu,1345,UTC,SELAWIK,AK,USA,99770,1995,3,,,663525N,0160114W,MEAS,,,,0.0,,,,,953,0,WLK,,0,,NR,CLER,0,0,NONE,,,10.0,12,0,70,U,10,F,F,0,30.0,,,,,0,0,0,0,0,0,0,,N,,,,,,2021-09-20 13:50:23,,VMC,,66.590194,-160.02066,Pre2008.mdb,2026-04-14 02:18:25.664087
20001207X03404,ANC95TA054,ACC,1995-05-13 00:00:00,Sa,1945,UTC,FAIRBANKS,AK,USA,99701,1995,5,,,644837N,1474314W,MEAS,CHENA MARINA,AK28,ONAP,0.0,,435,,PILO,,0,,,0,,DAYL,CLER,0,0,NONE,,,99.0,64,0,0,Y,,T,T,0,0.0,,,,NONE,0,0,0,0,0,1,0,1,N,,,,,,2021-09-20 13:50:24,,VMC,,64.810317,-147.720535,Pre2008.mdb,2026-04-14 02:18:25.664087
20001207X03601,ANC95TA067,ACC,1995-06-03 00:00:00,Sa,340,UTC,SAND POINT,AK,USA,99661,1995,6,,,551537N,1603933W,MEAS,SAND POINT,SDP,ONAP,0.0,,21,,PILO,,0,,,0,,DAYL,SCAT,2500,0,NONE,,,20.0,50,0,310,U,5,F,T,0,0.0,,,,NONE,0,0,0,0,0,2,0,2,N,,,,,,2021-09-20 13:50:24,,VMC,,55.260269,-160.659255,Pre2008.mdb,2026-04-14 02:18:25.664087
20001207X03602,ANC95TA068,ACC,1995-06-04 00:00:00,Su,1745,UTC,TYONEK,AK,USA,99682,1995,6,,,061444N,0151936W,MEAS,,,OFAP,0.0,,,,PILO,,0,,,0,,DAYL,UNK,0,10000,OVC,,,25.0,50,0,170,U,5,F,F,8,0.0,,,,NONE,0,0,0,0,0,2,0,2,N,,,,,,2021-09-20 13:50:25,,VMC,,61.079017,-151.160018,Pre2008.mdb,2026-04-14 02:18:25.664087
20001207X03853,ANC95TA102,ACC,1995-07-12 00:00:00,We,1900,UTC,BETTLES,AK,USA,99726,1995,7,,,671426N,1521615W,MEAS,,,OFAP,0.0,,,,PILO,,0,,,0,,DAYL,SCAT,10000,0,NONE,,,20.0,61,0,0,U,,F,T,0,0.0,,,,NONE,0,0,0,0,0,3,0,3,N,,,,,,2021-09-20 13:50:25,,VMC,,67.240577,-152.270721,Pre2008.mdb,2026-04-14 02:18:25.664087
20001207X04416,ANC95TA166,ACC,1995-09-10 00:00:00,Su,2345,UTC,GLENNALLEN,AK,USA,99588,1995,9,,,006263N,1453151W,MEAS,,,OFAP,0.0,,,,PILO,,0,,,0,,DAYL,UNK,0,5500,BKN,,,30.0,50,45,180,U,30,F,T,0,29.0,,,,SERS,0,0,1,0,1,1,0,3,N,,,,,,2021-09-20 13:50:26,,VMC,,62.100814,-145.53096,Pre2008.mdb,2026-04-14 02:18:25.664087
20001208X05490,ANC96FA059,ACC,1996-04-28 00:00:00,Su,1611,UTC,PALMER,AK,USA,99645,1996,4,,,613710N,1485847W,MEAS,,,OFAP,0.0,,,,WIT,,0,,,0,,DAYL,CLER,0,0,NONE,,,50.0,45,0,0,U,,F,F,0,30.0,,,,FATL,0,0,0,1,0,0,0,1,N,,,,,,2021-09-20 13:04:29,,VMC,,61.619445,-148.979782,Pre2008.mdb,2026-04-14 02:18:25.664087
20001208X05677,ANC96FA072,ACC,1996-05-16 00:00:00,Th,1433,UTC,ANCHORAGE,AK,USA,99502,1996,5,,,061937N,1495922W,MEAS,ANCHORAGE INTERNATIONAL,ANC,ONAP,0.0,,144,,WFAC,938,0,ANC,144,0,UTC,DAYL,UNK,0,10000,BKN,,,60.0,46,30,150,U,5,F,T,0,29.0,,,,MINR,0,0,0,0,1,1,0,2,N,,,,,,2021-09-20 13:04:31,,VMC,,61.160198,-149.989562,Pre2008.mdb,2026-04-14 02:18:25.664087
20001208X05678,ANC96FA078,ACC,1996-05-24 00:00:00,Fr,2238,UTC,POINT HOPE,AK,USA,99766,1996,5,,,068423N,1644836W,MEAS,POINT HOPE,PHO,OFAP,1.0,270,14,,PILO,,0,,,0,,DAYL,CLER,0,0,NONE,,,10.0,36,0,330,U,10,F,T,0,0.0,,,,SERS,0,0,0,0,2,2,2,6,N,,,,,,2021-09-20 13:04:32,,VMC,,68.700714,-164.810012,Pre2008.mdb,2026-04-14 02:18:25.664087
20001208X05679,ANC96FA079,ACC,1996-05-25 00:00:00,Sa,200,UTC,KETCHIKAN,AK,USA,99903,1996,5,,,554044N,1321121W,MEAS,,,OFAP,0.0,,,,WIT,,0,,,0,,DAYL,UNK,0,8000,BKN,,,25.0,50,0,150,U,15,F,T,0,0.0,,,,FATL,0,0,0,2,0,0,0,2,N,,,,,,2021-09-20 13:04:32,,VMC,,55.679027,-132.189117,Pre2008.mdb,2026-04-14 02:18:25.664087
20001208X05886,ANC96FA081,ACC,1996-06-04 00:00:00,Tu,0,UTC,MEKORYUK,AK,USA,99630,1996,6,,,602215N,1661614W,MEAS,,,OFAP,0.0,,,,WFAC,1900,318,MYU,48,32,UTC,DAYL,UNK,0,400,OVC,,,3.5,37,34,320,U,13,F,T,0,30.0,,,,FATL,0,0,0,1,0,0,0,1,N,,,,,,2021-09-20 13:04:33,,VMC,,60.370922,-166.270599,Pre2008.mdb,2026-04-14 02:18:25.664087
20001208X06129,ANC96FA098,ACC,1996-07-13 00:00:00,Sa,2125,UTC,KETCHIKAN,AK,USA,99901,1996,7,,,553638N,1313447W,MEAS,,,OFAP,0.0,,,,WIT,,0,,,0,,DAYL,CLER,0,0,NONE,,,15.0,61,0,0,U,,F,T,0,0.0,,,,FATL,0,0,0,1,0,0,1,2,N,,,,,,2021-09-20 13:04:33,,VMC,,55.610633,-131.579589,Pre2008.mdb,2026-04-14 02:18:25.664087
20001208X06130,ANC96FA099,ACC,1996-07-16 00:00:00,Tu,707,UTC,ANCHORAGE,AK,USA,99502,1996,7,,,061933N,1495925W,MEAS,MERRILL FIELD,MRI,OFAP,2.0,90,137,,WIT,,0,,,0,,DAYL,CLER,0,0,NONE,,,90.0,64,0,0,U,,F,T,0,30.0,,,,FATL,0,0,0,1,0,0,0,1,N,,,,,,2021-09-20 13:04:34,,VMC,,61.159282,-149.990341,Pre2008.mdb,2026-04-14 02:18:25.664087
20001208X06131,ANC96FA101,ACC,1996-07-19 00:00:00,Fr,2330,UTC,ELFIN COVE,AK,USA,99825,1996,7,,,058934N,1354426W,MEAS,,,OFAP,0.0,,,,WFAC,1755,293,PAE,,13,UTC,DAYL,UNK,0,0,UNK,,,,52,48,0,U,,F,T,0,29.0,,,,FATL,0,0,0,1,0,0,0,1,N,,,,,,2021-09-20 13:04:34,,IMC,,58.159461,-135.740463,Pre2008.mdb,2026-04-14 02:18:25.664087
20001208X06132,ANC96FA102,ACC,1996-07-20 00:00:00,Sa,2306,UTC,RUSSIAN MISSION,AK,USA,99657,1996,7,,,614837N,1612626W,MEAS,RUSSIAN MISSION,RSH,OFAP,1.0,160,70,,WIT,,0,,,0,,DAYL,CLER,0,0,NONE,,,50.0,68,0,0,Y,,T,T,0,30.0,,,,FATL,0,0,0,4,0,0,0,4,N,,,,,,2021-09-20 13:04:35,,VMC,,61.810188,-161.440444,Pre2008.mdb,2026-04-14 02:18:25.664087
20001208X06133,ANC96FA109,ACC,1996-07-27 00:00:00,Sa,2305,UTC,ILIAMNA,AK,USA,99606,1996,7,,,059512N,1543336W,MEAS,,,OFAP,0.0,,,,WFAC,1814,72,ILI,207,37,UTC,DAYL,UNK,0,0,BKN,,,4.0,55,52,100,U,13,F,T,0,30.0,,,,FATL,0,0,0,2,0,0,0,2,N,,,,,,2021-09-20 13:04:35,,IMC,,59.850669,-154.560089,Pre2008.mdb,2026-04-14 02:18:25.664087
20001208X06387,ANC96FA118,ACC,1996-08-05 00:00:00,Mo,1600,UTC,NOME,AK,USA,99762,1996,8,,,644235N,0164379W,MEAS,,,OFAP,0.0,,,,WFAC,1050,170,OME,37,28,UTC,DAYL,SCAT,900,1400,OVC,,,6.0,52,45,70,U,5,F,T,0,30.0,,,,FATL,0,0,0,1,0,0,0,1,N,,,,,,2021-09-20 13:04:35,,Unk,,64.709747,-164.61914,Pre2008.mdb,2026-04-14 02:18:25.664087
20001208X06388,ANC96FA131,ACC,1996-08-24 00:00:00,Sa,430,UTC,BARROW,AK,USA,99723,1996,8,,,711644N,1564647W,MEAS,,,OFAP,0.0,,,,WIT,,0,,,0,,DAYL,SCAT,10000,0,UNK,,,50.0,50,0,280,U,80,F,F,100,0.0,,,,FATL,0,0,0,2,0,0,0,2,N,,,,,,2021-09-20 13:04:36,,VMC,,71.279022,-156.779785,Pre2008.mdb,2026-04-14 02:18:25.664087
20001208X06644,ANC96FA137,ACC,1996-09-02 00:00:00,Mo,156,UTC,HAINES,AK,USA,99827,1996,9,,,059936N,1355138W,MEAS,,,OFAP,0.0,,,,WFAC,2205,210,PAH,16,11,UTC,DAYL,SCAT,2000,4500,OVC,,,,54,48,30,U,7,F,T,0,30.0,,,,SERS,0,0,0,0,2,0,4,6,N,,,,,,2021-09-20 13:04:36,,Unk,,59.160114,-135.860626,Pre2008.mdb,2026-04-14 02:18:25.664087
20001208X06389,ANC96FA139,ACC,1996-08-31 00:00:00,Sa,2020,UTC,YAKUTAT,AK,USA,99689,1996,8,,,593038N,1394234W,MEAS,,,OFAP,0.0,,,,WFAC,1730,215,YAK,33,11,UTC,DAYL,SCAT,1700,3300,OVC,,,7.0,55,54,143,U,5,F,F,0,29.0,,,,FATL,0,0,0,1,0,0,0,1,N,,,,,,2021-09-20 13:04:37,,VMC,,59.51062,-139.709411,Pre2008.mdb,2026-04-14 02:18:25.664087
20001208X06645,ANC96FA141,ACC,1996-09-03 00:00:00,Tu,130,UTC,EAGLE RIVER,AK,USA,99577,1996,9,,,611235N,0149151W,MEAS,,,OFAP,0.0,,,,WFAC,2035,290,BCV,96,12,UTC,DAYL,UNK,0,0,UNK,,,10.0,63,45,280,U,3,F,T,0,30.0,,,,FATL,0,0,0,3,0,0,0,3,N,,,,,,2021-09-20 13:04:37,,VMC,,61.209835,-149.250167,Pre2008.mdb,2026-04-14 02:18:25.664087
20001208X06646,ANC96FA149,ACC,1996-09-08 00:00:00,Su,250,UTC,GLENNALLEN,AK,USA,99588,1996,9,,,006261N,1453144W,MEAS,,,OFAP,0.0,,,,WIT,,0,,,0,,DAYL,CLER,0,0,NONE,,,90.0,45,0,0,U,,F,T,0,0.0,,,,FATL,0,0,0,2,0,0,0,2,N,,,,,,2021-09-20 13:04:38,,VMC,,62.100193,-145.529022,Pre2008.mdb,2026-04-14 02:18:25.664087
20001208X06647,ANC96FA158,ACC,1996-09-13 00:00:00,Fr,200,UTC,MAY CREEK,AK,USA,99695,1996,9,,,555514N,1592925W,MEAS,,,OFAP,0.0,,,,WFAC,2145,270,PAM,1531,28,UTC,DAYL,UNK,0,7000,BKN,,,25.0,54,46,350,U,3,F,T,0,29.0,,,,FATL,0,0,0,2,0,0,0,2,N,,,,,,2021-09-20 13:04:38,,VMC,,55.920528,-159.490158,Pre2008.mdb,2026-04-14 02:18:25.664087
20001208X06648,ANC96FA161,ACC,1996-09-21 00:00:00,Sa,30,UTC,MINTO,AK,USA,99758,1996,9,,,006594N,1492214W,MEAS,,,OFAP,0.0,,,,WIT,,0,,,0,,DAYL,SCAT,8000,0,NONE,,,50.0,45,0,250,U,20,F,F,0,0.0,,,,FATL,0,0,0,1,0,0,0,1,N,,,,,,2021-09-20 13:04:38,,VMC,,65.150985,-149.370635,Pre2008.mdb,2026-04-14 02:18:25.664087
20001208X06649,ANC96FA162,ACC,1996-09-24 00:00:00,Tu,100,UTC,ANCHORAGE,AK,USA,99502,1996,9,,,061933N,1495921W,MEAS,LAKE HOOD SEAPLANE BASE,LHD,OFAP,3.0,350,100,,WIT,,0,,,0,,DAYL,SCAT,10000,0,NONE,,,99.0,39,0,0,U,,F,T,0,0.0,,,,FATL,0,0,0,3,0,0,2,5,N,,,,,,2021-09-20 13:04:39,,VMC,,61.159282,-149.989288,Pre2008.mdb,2026-04-14 02:18:25.664087
20001208X06390,ANC96FAMS1,ACC,1996-08-12 00:00:00,Mo,15,UTC,DUTCH HARBOR,AK,USA,99692,1996,8,,,535323N,1663224W,MEAS,,,OFAP,0.0,,,,WFAC,1914,0,PAD,22,0,UTC,DAYL,SCAT,2500,7000,BKN,,,10.0,55,43,236,U,11,F,F,0,29.0,,,,FATL,0,0,0,2,0,0,0,2,N,,,,,,2021-09-20 13:04:40,,Unk,,53.88964,-166.539993,Pre2008.mdb,2026-04-14 02:18:25.664087
20001208X05336,ANC96IA039,INC,1996-03-29 00:00:00,Fr,1250,UTC,ANGOON,AK,USA,99820,1996,3,,,572624N,1342845W,MEAS,,,OFAP,0.0,,,,PILO,,0,,,0,,DAYL,CLER,0,0,NONE,,,30.0,36,0,345,U,8,F,F,20,0.0,,,,NONE,0,0,0,0,0,2,0,2,N,,,,,,2021-09-20 13:04:40,,VMC,,57.439899,-134.479248,Pre2008.mdb,2026-04-14 02:18:25.664087
20001208X05680,ANC96IA065,INC,1996-05-02 00:00:00,Th,157,UTC,FAIRBANKS,AK,USA,99701,1996,5,,,644835N,1474310W,MEAS,FAIRBANKS INTERNATIONAL,FAI,ONAP,0.0,,434,,WFAC,1957,0,FAI,434,0,UTC,DAYL,CLER,0,0,NONE,0.0,,60.0,45,14,230,U,13,F,T,0,30.0,,,,NONE,0,0,0,0,0,1,0,1,N,,,,,,2021-09-16 13:01:59,,VMC,,64.809814,-147.719345,Pre2008.mdb,2026-04-14 02:18:25.664087
20001208X05887,ANC96IA077,INC,1996-06-01 00:00:00,Sa,2230,UTC,KODIAK,AK,USA,99615,1996,6,,,574722N,0152242W,MEAS,,,OFAP,0.0,,,,PILO,,0,,,0,,DAYL,CLER,0,0,NONE,,,60.0,50,0,270,U,5,F,T,0,0.0,,,,NONE,0,0,0,0,0,1,0,1,N,,,,,,2021-09-20 13:04:41,,VMC,,57.78934,-152.400665,Pre2008.mdb,2026-04-14 02:18:25.664087
20001208X05888,ANC96IA085,INC,1996-06-06 00:00:00,Th,600,UTC,NAKNEK,AK,USA,99633,1996,6,,,584757N,0156540W,MEAS,NAKNEK,5NK,ONAP,0.0,,70,,PILO,,0,,,0,,DAYL,SCAT,8000,0,UNK,,,60.0,50,0,160,U,5,F,F,7,0.0,,,,NONE,0,0,0,0,0,1,0,1,N,,,,,,2021-09-20 13:04:41,,VMC,,58.79911,-156.899917,Pre2008.mdb,2026-04-14 02:18:25.664087
20001207X04617,ANC96LA001,ACC,1995-10-06 00:00:00,Fr,2200,UTC,HOONAH,AK,USA,99829,1995,10,,,058638N,1352358W,MEAS,HOONAH,HNH,OFAP,1.0,,30,,WFAC,1649,125,Z49,30,1,UTC,DAYL,SCAT,2500,3500,OVC,,,7.0,54,46,360,U,3,F,T,0,29.0,,,,MINR,0,0,0,0,1,1,0,2,N,,,,,,2021-09-20 13:50:27,,VMC,,58.110527,-135.399581,Pre2008.mdb,2026-04-14 02:18:25.664087
20001207X04618,ANC96LA002,ACC,1995-10-06 00:00:00,Fr,2230,UTC,HEALY,AK,USA,99743,1995,10,,,634046N,0150146W,MEAS,HEALY RIVER,HRR,ONAP,0.0,,1294,,WIT,,0,,,0,,DAYL,CLER,0,0,NONE,,,50.0,48,0,0,U,,F,F,0,0.0,,,,MINR,0,0,0,0,1,1,0,2,N,,,,,,2021-09-20 13:50:27,,VMC,,63.679462,-150.029479,Pre2008.mdb,2026-04-14 02:18:25.664087
20001207X04619,ANC96LA003,ACC,1995-10-07 00:00:00,Sa,2000,UTC,COLD BAY,AK,USA,99571,1995,10,,,055139N,1624647W,MEAS,,,OFAP,0.0,,,,PILO,,0,,,0,,DAYL,UNK,0,1500,OVC,,,20.0,50,0,270,U,20,F,F,0,0.0,,,,NONE,0,0,0,0,0,1,0,1,N,,,,,,2021-09-20 13:50:28,,VMC,,55.219032,-162.779769,Pre2008.mdb,2026-04-14 02:18:25.664087
20001207X04620,ANC96LA004,ACC,1995-10-07 00:00:00,Sa,2200,UTC,TYONEK,AK,USA,99682,1995,10,,,061450N,0151933W,MEAS,,,OFAP,0.0,,,,PILO,,0,,,0,,DAYL,SCAT,5000,10000,BKN,,,20.0,45,0,270,U,3,F,T,0,0.0,,,,NONE,0,0,0,0,0,2,0,2,N,,,,,,2021-09-20 13:50:28,,VMC,,61.080615,-151.159088,Pre2008.mdb,2026-04-14 02:18:25.664087
20001207X04621,ANC96LA005,ACC,1995-10-18 00:00:00,We,130,UTC,RED DEVIL,AK,USA,99656,1995,10,,,615623N,1573715W,MEAS,,,OFAP,0.0,,,,PILO,,0,,,0,,DAYL,UNK,0,1800,OVC,,,15.0,19,0,315,U,5,F,T,0,0.0,,,,MINR,0,0,0,0,1,0,0,1,N,,,,,,2021-09-20 13:50:29,,VMC,,61.939598,-157.62091,Pre2008.mdb,2026-04-14 02:18:25.664087
20001207X04622,ANC96LA006,ACC,1995-10-19 00:00:00,Th,1745,UTC,NINILCHIK,AK,USA,99639,1995,10,,,060410N,1512514W,MEAS,,,OFAP,0.0,,,,PILO,,0,,,0,,DAYL,SCAT,2000,11000,OVC,,,5.0,30,25,45,U,35,F,F,50,29.0,,,,MINR,0,0,0,0,1,0,0,1,N,,,,,,2021-09-20 13:50:29,,VMC,,60.069335,-151.420425,Pre2008.mdb,2026-04-14 02:18:25.664087
20001207X04623,ANC96LA007,ACC,1995-10-20 00:00:00,Fr,200,UTC,GIRDWOOD,AK,USA,99587,1995,10,,,060543N,1485436W,MEAS,,,OFAP,0.0,,,,PILO,,0,,,0,,DAYL,UNK,0,6000,OVC,,,30.0,39,0,0,U,,F,T,0,0.0,,,,NONE,0,0,0,0,0,1,0,1,N,,,,,,2021-09-20 13:50:30,,VMC,,60.900833,-148.910049,Pre2008.mdb,2026-04-14 02:18:25.664087
20001207X04624,ANC96LA008,ACC,1995-10-22 00:00:00,Su,2300,UTC,YAKUTAT,AK,USA,99689,1995,10,,,593036N,1394238W,MEAS,FRANCIS STRIP,,ONAP,0.0,,20,,PILO,,0,,,0,,DAYL,SCAT,1500,2500,BKN,,,20.0,45,0,135,U,10,F,F,15,0.0,,,,NONE,0,0,0,0,0,1,0,1,N,,,,,,2021-09-20 13:50:30,,VMC,,59.510082,-139.710586,Pre2008.mdb,2026-04-14 02:18:25.664087
20001207X04625,ANC96LA009,ACC,1995-10-25 00:00:00,We,145,UTC,ANCHORAGE,AK,USA,99502,1995,10,,,061937N,1495924W,MEAS,,,OFAP,0.0,,,,PILO,,0,,,0,,DAYL,UNK,0,2000,OVC,,,40.0,32,0,0,U,,F,F,0,0.0,,,,NONE,0,0,0,0,0,1,0,1,N,,,,,,2021-09-20 13:50:31,,VMC,,61.160312,-149.98999,Pre2008.mdb,2026-04-14 02:18:25.664087
20001207X04626,ANC96LA010,ACC,1995-10-27 00:00:00,Fr,1930,UTC,KODIAK,AK,USA,99615,1995,10,,,574721N,0152240W,MEAS,,,OFAP,0.0,,,,PILO,,0,,,0,,DAYL,CLER,0,0,NONE,,,15.0,36,19,330,U,20,F,F,25,30.0,,,,NONE,0,0,0,0,0,2,0,2,N,,,,,,2021-09-20 13:50:31,,VMC,,57.789119,-152.400054,Pre2008.mdb,2026-04-14 02:18:25.664087
20001207X04796,ANC96LA012,ACC,1995-11-03 00:00:00,Fr,2047,UTC,TOKSOOK BAY,AK,USA,99637,1995,11,,,603222N,0165823W,MEAS,TOKSOOK BAY,OOK,OFAP,1.0,330,95,,PILO,,0,,,0,,DUSK,UNK,0,1500,BKN,,,20.0,0,0,0,U,,F,T,0,0.0,,,,NONE,0,0,0,0,0,7,0,7,N,,,,,,2021-09-20 13:50:32,,VMC,,60.539539,-165.139663,Pre2008.mdb,2026-04-14 02:18:25.664087
20001207X04797,ANC96LA013,ACC,1995-11-05 00:00:00,Su,2045,UTC,KODIAK,AK,USA,99615,1995,11,,,574726N,1522357W,MEAS,INNER HARBOR SEAPLANE,9Z4,ONAP,0.0,,0,,PILO,,0,,,0,,DAYL,CLER,0,0,NONE,,,20.0,34,18,215,U,9,F,F,16,29.0,,,,NONE,0,0,0,0,0,3,0,3,N,,,,,,2021-09-20 13:50:33,,VMC,,57.790634,-152.399291,Pre2008.mdb,2026-04-14 02:18:25.664087
20001207X04798,ANC96LA014,ACC,1995-11-12 00:00:00,Su,1345,UTC,YAKUTAT,AK,USA,99689,1995,11,,,593037N,1394238W,MEAS,,,OFAP,0.0,,,,WFAC,,90,YAK,33,6,,DAYL,UNK,0,400,,,,0.25,0,0,120,U,10,F,T,0,29.0,,,,NONE,0,0,0,0,0,2,0,2,N,,,,,,2021-09-20 13:50:33,,IMC,,59.510383,-139.710632,Pre2008.mdb,2026-04-14 02:18:25.664087
20001207X04799,ANC96LA015,ACC,1995-11-27 00:00:00,Mo,1900,UTC,KASILOF,AK,USA,99610,1995,11,,,601647N,1511534W,MEAS,,,OFAP,0.0,,,,PILO,,0,,,0,,DAYL,CLER,0,0,NONE,,,60.0,16,0,0,U,,F,T,0,0.0,,,,MINR,0,0,0,0,1,0,0,1,N,,,,,,2021-09-20 13:50:34,,VMC,,60.27975,-151.259475,Pre2008.mdb,2026-04-14 02:18:25.664087
20001207X04800,ANC96LA017,ACC,1995-11-18 00:00:00,Sa,1730,UTC,ANIAK,AK,USA,99557,1995,11,,,611158N,0158361W,MEAS,,,OFAP,0.0,,,,WIT,,0,,,0,,DAYL,CLER,0,0,NONE,,,10.0,32,0,0,U,,F,T,0,0.0,,,,NONE,0,0,0,0,0,2,0,2,N,,,,,,2021-09-20 13:50:34,,VMC,,61.199348,-158.60028,Pre2008.mdb,2026-04-14 02:18:25.664087
20001207X04935,ANC96LA018,ACC,1995-12-10 00:00:00,Su,1620,UTC,NANWALEK,AK,USA,99603,1995,12,,,592359N,1511913W,MEAS,NANWALEK,KEB,ONAP,0.0,,27,,PILO,,0,,,0,,DAYL,UNK,0,3500,BKN,,,20.0,0,0,0,Y,5,T,F,10,0.0,,,,SERS,0,0,0,0,3,2,1,6,N,,,,,,2021-09-20 13:50:35,,VMC,,59.399719,-151.320236,Pre2008.mdb,2026-04-14 02:18:25.664087
20001207X04936,ANC96LA019,ACC,1995-12-16 00:00:00,Sa,1930,UTC,NEWTOK,AK,USA,99559,1995,12,,,604837N,1615057W,MEAS,NEWTOK,WWT,ONAP,0.0,,25,,PILO,,0,,,0,,DAYL,UNK,0,800,OVC,,,3.0,16,10,90,U,15,F,F,25,0.0,,,,NONE,0,0,0,0,0,2,0,2,N,,,,,,2021-09-20 13:50:35,,VMC,,60.810348,-161.849166,Pre2008.mdb,2026-04-14 02:18:25.664087
