ev_id,ntsb_no,ev_type,ev_date,ev_dow,ev_time,ev_tmzn,ev_city,ev_state,ev_country,ev_site_zipcode,ev_year,ev_month,mid_air,on_ground_collision,latitude,longitude,latlong_acq,apt_name,ev_nr_apt_id,ev_nr_apt_loc,apt_dist,apt_dir,apt_elev,wx_brief_comp,wx_src_iic,wx_obs_time,wx_obs_dir,wx_obs_fac_id,wx_obs_elev,wx_obs_dist,wx_obs_tmzn,light_cond,sky_cond_nonceil,sky_nonceil_ht,sky_ceil_ht,sky_cond_ceil,vis_rvr,vis_rvv,vis_sm,wx_temp,wx_dew_pt,wind_dir_deg,wind_dir_ind,wind_vel_kts,wind_vel_ind,gust_ind,gust_kts,altimeter,wx_dens_alt,wx_int_precip,metar,ev_highest_injury,inj_f_grnd,inj_m_grnd,inj_s_grnd,inj_tot_f,inj_tot_m,inj_tot_n,inj_tot_s,inj_tot_t,invest_agy,ntsb_docket,ntsb_notf_from,ntsb_notf_date,ntsb_notf_tm,fiche_number,lchg_date,lchg_userid,wx_cond_basic,faa_dist_office,dec_latitude,dec_longitude,_source_file,_ingested_at
20080211X00175,DFW08RA039,ACC,2008-01-10 00:00:00,Th,1907,UTC,Pitt Meadows,,CA,,2008,1,,,049130N,0122412W,,,,,0.0,,,,,,0,,,0,,,,0,0,,,,,0,0,0,U,,F,F,0,0.0,,,,NONE,,,,0,0,2,0,2,O,,,,,,2025-09-23 18:50:18,dobn,,,49.216634,-122.68387,avall.mdb,2026-04-14 02:17:37.493608
20080107X00026,SEA08LA057,ACC,2008-01-01 00:00:00,Tu,2230,UTC,Sonoma,CA,USA,95476,2008,1,Y,N,381326N,1222659W,,Schellville/Sonoma,OQ3,ONAP,0.0,,10,,WFAC,2254,220,DVO,2,7,UTC,DAYL,CLER,0,0,NONE,,,10.0,57,32,80,U,10,F,T,0,30.190000534057617,,,,NONE,,,,0,0,3,0,3,N,,,,,,2020-09-25 18:05:31,,VMC,,38.223888,-122.449722,avall.mdb,2026-04-14 02:17:37.493608
20080109X00036,DFW08CA054,ACC,2008-01-01 00:00:00,Tu,2200,UTC,Arcola,TX,USA,77583,2008,1,,,293022N,0952836W,,HOUSTON-SOUTHWEST,AXH,ONAP,0.0,,68,,WFAC,1553,0,SGR,,0,,DAYL,CLER,0,0,NONE,,,10.0,55,14,360,U,15,F,F,20,30.6200008392334,,,,NONE,,,,0,0,1,0,1,N,,,,,,2020-09-25 18:05:31,,VMC,,29.506111,-95.476669,avall.mdb,2026-04-14 02:17:37.493608
20080107X00027,DFW08LA055,ACC,2008-01-03 00:00:00,Th,825,UTC,Oklahoma City,OK,USA,73008,2008,1,,,035321N,0973829W,,Wiley Post,PWA,ONAP,0.0,,1299,,WFAC,853,0,PWA,1299,0,UTC,NITE,CLER,0,0,NONE,,,10.0,0,0,170,U,16,F,T,0,30.639999389648438,,,,FATL,1,0,0,0,0,8,0,9,,,,,,,2020-09-25 18:04:02,,VMC,,35.533611,-97.641387,avall.mdb,2026-04-14 02:17:37.493608
20080115X00051,DEN08CA047,ACC,2008-01-02 00:00:00,We,2230,UTC,Loveland,CO,USA,80538,2008,1,,,040276N,0010504W,,Fort Collins Loveland,FNL,ONAP,1.0,,5016,,WFAC,2235,180,KFNL,,1,UTC,DAYL,CLER,0,0,NONE,,,10.0,19,7,150,U,5,F,T,0,30.260000228881836,,,,NONE,,,,0,0,1,0,1,N,,,,,,2020-09-25 18:06:16,,VMC,,40.451667,-105.001113,avall.mdb,2026-04-14 02:17:37.493608
20080115X00047,MIA08LA035,ACC,2008-01-05 00:00:00,Sa,2045,UTC,Spotsylvania,VA,USA,22551,2008,1,,,038128N,0773515W,,,,OFAP,0.0,,,,WFAC,2043,30,KEZF,85,12,UTC,DAYL,CLER,0,0,NONE,,,10.0,48,43,160,U,5,F,T,0,30.290000915527344,,,,MINR,,,,0,1,0,0,1,N,,,,,,2020-09-25 18:04:02,,VMC,,38.20222,-77.587501,avall.mdb,2026-04-14 02:17:37.493608
20080123X00096,NYC08LA075,ACC,2008-01-05 00:00:00,Sa,2115,UTC,Laurel,MD,USA,20724,2008,1,,,039436N,0764940W,,Suburban Airport,W18,OFAP,0.0,,148,,WFAC,2121,80,FME,150,3,UTC,DAYL,CLER,0,0,NONE,,,10.0,39,16,140,U,4,F,T,0,30.309999465942383,,,,MINR,,,,0,1,0,0,1,N,,,,,,2020-09-25 18:06:16,,VMC,,39.076667,-76.827774,avall.mdb,2026-04-14 02:17:37.493608
20080116X00063,ANC08MA038,ACC,2008-01-05 00:00:00,Sa,1743,UTC,Kodiak,AK,USA,99615,2008,1,,,057452N,0152287W,MEAS,Kodiak,ADQ,OFAP,0.0,,78,,WFAC,1753,0,ADQ,78,0,UTC,DAYL,FEW,1600,0,,,,10.0,25,14,300,U,17,F,F,26,28.959999084472656,,,,FATL,,,,6,1,0,3,10,N,,,,,,2020-09-25 18:04:46,,VMC,,57.750556,-152.468612,avall.mdb,2026-04-14 02:17:37.493608
20080114X00044,MIA08LA036,ACC,2008-01-06 00:00:00,Su,1510,UTC,Miami,FL,USA,33186,2008,1,,,253726N,0803426W,,,,OFAP,5.0,,8,,WFAC,1453,270,KTMB,8,5,UTC,DAYL,CLER,0,0,NONE,,,10.0,73,59,100,U,13,F,T,0,30.290000915527344,,,,NONE,,,,0,0,2,0,2,N,,,,,,2020-09-25 18:04:46,,VMC,,25.623888,-80.57389,avall.mdb,2026-04-14 02:17:37.493608
20080122X00087,NYC08LA077,ACC,2008-01-07 00:00:00,Mo,2345,UTC,DeLand,FL,USA,32763,2008,1,,,028594N,0811758W,,,,OFAP,0.0,,,,WFAC,2353,230,DAB,34,15,UTC,DAYL,FEW,2000,7000,BKN,,,10.0,66,61,70,U,4,F,T,0,30.299999237060547,,,,NONE,,,,0,0,2,0,2,N,,,,,,2020-09-25 18:07:03,,VMC,,28.984443,-81.299446,avall.mdb,2026-04-14 02:17:37.493608
20080220X00212,LAX08CA044,ACC,2008-01-07 00:00:00,Mo,1915,UTC,Exeter,CA,USA,93221,2008,1,,,361419N,0119835W,,THUNDERHAWK FIELD,O63,ONAP,0.0,,340,,WFAC,1915,90,VIS,,13,UTC,DAYL,CLER,0,0,NONE,,,10.0,52,43,340,U,8,F,T,0,30.09000015258789,,,,NONE,,,,0,0,2,0,2,N,,,,,,2020-09-25 18:06:16,,VMC,,36.238609,-119.143058,avall.mdb,2026-04-14 02:17:37.493608
20080210X00166,NYC08CA074,ACC,2008-01-02 00:00:00,We,1645,UTC,Brunswick,GA,USA,31522,2008,1,,,003196N,0812328W,,Malcolm McKinnon Airport,SSI,ONAP,0.0,,19,,WFAC,1753,0,SSI,19,0,UTC,DAYL,CLER,0,0,NONE,,,9.0,37,5,300,U,11,F,F,24,30.3700008392334,,,,NONE,,,,0,0,3,0,3,N,,,,,,2020-09-25 18:05:31,,VMC,,31.151666,-81.391113,avall.mdb,2026-04-14 02:17:37.493608
20080210X00162,NYC08LA078,ACC,2008-01-08 00:00:00,Tu,2123,UTC,North Palm Bch,FL,USA,33408,2008,1,,,264954N,0080218W,,,,OFAP,0.0,,,,WFAC,2153,195,PBI,19,10,UTC,DAYL,FEW,4000,0,NONE,,,10.0,73,55,90,U,9,F,T,0,30.170000076293945,,,,SERS,,,,0,0,0,1,1,N,,,,,,2020-09-25 18:07:03,,VMC,,26.831666,-80.03833,avall.mdb,2026-04-14 02:17:37.493608
20080312X00299,MIA08CA037,ACC,2008-01-06 00:00:00,Su,1815,UTC,Ellsworth,ME,USA,4605,2008,1,,,044387N,0683757W,,Philbrick Mountain,NONE,ONAP,0.0,,667,,WFAC,1753,0,KBGR,198,0,UTC,DAYL,,0,6500,OVC,,,10.0,36,28,200,U,3,F,T,0,30.1200008392334,,,,NONE,,,,0,0,2,0,2,N,,,,,,2020-09-25 18:06:16,,VMC,,44.635276,-68.632499,avall.mdb,2026-04-14 02:17:37.493608
20080111X00038,DCA08WA024,INC,2008-01-03 00:00:00,Th,745,UTC,Deauville Saint,,FR,,2008,1,,,482148N,0000922E,,,,,0.0,,,,,,0,,,0,,,,0,0,,,,,0,0,0,U,,F,F,0,0.0,,,,,,,,0,0,0,0,,O,,,,,,2020-09-25 18:07:50,,,,48.363334,0.156111,avall.mdb,2026-04-14 02:17:37.493608
20080111X00039,DCA08WA025,INC,2008-01-07 00:00:00,Mo,,,Bangkok,,TH,,2008,1,,,,,,,,,0.0,,,,,,0,,,0,,,,0,0,,,,,0,0,0,U,,F,F,0,0.0,,,,NONE,,,,0,0,334,0,334,O,,,,,,2020-09-25 18:07:50,,,,,,avall.mdb,2026-04-14 02:17:37.493608
20080117X00068,SEA08LA058,ACC,2008-01-10 00:00:00,Th,2215,UTC,Perris,CA,USA,92571,2008,1,,,033535N,0117158W,,,,OFAP,0.0,,,,WFAC,2155,20,RIV,1535,11,UTC,DAYL,CLER,0,0,NONE,,,10.0,64,37,0,U,,F,T,0,30.059999465942383,,,,FATL,,,,1,0,0,0,1,N,,,,,,2020-09-25 18:05:31,,VMC,,33.884723,-117.25222,avall.mdb,2026-04-14 02:17:37.493608
20080122X00081,DCA08WA026,INC,2008-01-10 00:00:00,Th,1535,UTC,Penicton,,CA,,2008,1,,,048510N,0119230W,,,,,0.0,,,,,,0,,,0,,,,0,0,,,,,0,0,0,U,,F,F,0,0.0,,,,MINR,,,,0,11,77,0,88,O,,,,,,2020-09-25 18:07:50,,,,48.849998,-119.383331,avall.mdb,2026-04-14 02:17:37.493608
20080219X00203,NYC08CA079,ACC,2008-01-10 00:00:00,Th,44,UTC,Sarasota,FL,USA,34239,2008,1,,,271535N,0821715W,,,,OFAP,0.0,,,,WFAC,53,270,SRQ,30,17,UTC,DUSK,CLER,0,0,NONE,,,10.0,64,55,0,U,,F,T,0,30.110000610351562,,,,NONE,,,,0,0,2,0,2,N,,,,,,2022-05-17 13:26:42,broda,VMC,,27.259721,-82.287498,avall.mdb,2026-04-14 02:17:37.493608
20080123X00090,MIA08FA038,ACC,2008-01-12 00:00:00,Sa,2038,UTC,Clearwater,FL,USA,33762,2008,1,,,275447N,0824029W,EST,St Petersburg-Clearwater Int'l,KPIE,OFAP,0.0,,11,,WFAC,2035,0,PIE,11,0,UTC,DAYL,FEW,2600,0,NONE,,,10.0,79,68,210,U,11,F,T,0,29.899999618530273,,,,FATL,,,,3,0,0,0,3,N,,,,,,2020-09-25 18:04:02,,VMC,,27.913055,-82.67472,avall.mdb,2026-04-14 02:17:37.493608
20080304X00261,MIA08CA039,ACC,2008-01-12 00:00:00,Sa,2000,UTC,Lapine,AL,USA,36046,2008,1,,,315817N,0861723W,,T W Spear Memorial Airport,4AL9,OFAP,0.0,,438,,WFAC,2000,22,KTOI,398,16,UTC,DAYL,CLER,0,0,NONE,,,10.0,61,36,0,Y,,T,T,0,29.950000762939453,,,,NONE,,,,0,0,1,0,1,N,,,,,,2020-09-25 18:05:31,,VMC,,31.971389,-86.289718,avall.mdb,2026-04-14 02:17:37.493608
20080207X00153,SEA08CA059,ACC,2008-01-13 00:00:00,Su,15,UTC,La Verna,CA,USA,91750,2008,1,,,035529N,1174654W,,BRACKETT FIELD,POC,ONAP,0.0,,,,WFAC,,0,,,0,,DAYL,CLER,0,0,NONE,,,30.0,72,0,0,Y,,T,T,0,0.0,,,,NONE,,,,0,0,2,0,2,,,,,,,2020-09-25 18:06:16,,VMC,,35.091388,-117.781669,avall.mdb,2026-04-14 02:17:37.493608
20080213X00179,SEA08LA060,ACC,2008-01-14 00:00:00,Mo,120,UTC,Santa Monica,CA,USA,90405,2008,1,,,034057N,0118274W,,SANTA MONICA MUNI,SMO,ONAP,0.0,,177,,PILO,,0,,,0,,DUSK,CLER,0,0,NONE,,,10.0,0,0,0,U,,F,T,0,0.0,,,,NONE,,,,0,0,3,0,3,N,,,,,,2020-09-25 18:05:31,,VMC,,34.015834,-118.45111,avall.mdb,2026-04-14 02:17:37.493608
20080116X00062,CHI08FA061,ACC,2008-01-12 00:00:00,Sa,1739,UTC,Port Clinton,OH,USA,43452,2008,1,,,413138N,0825212W,,CARL R KELLER FIELD,PCW,OFAP,1.0,,590,,WFAC,1715,290,TDZ,622,35,UTC,DAYL,SCAT,2400,0,NONE,,,10.0,36,25,0,Y,4,T,T,0,30.09000015258789,,,,FATL,,,,4,0,0,0,4,N,,,,,,2020-09-25 18:06:16,grol,VMC,,41.527221,-82.870002,avall.mdb,2026-04-14 02:17:37.493608
20250604200258,DCA25WA225,INC,2025-05-19 00:00:00,Mo,1331,UTC,Singapore,,SN,,2025,5,,,,,,,,,,,,,,,0,,,0,,,,,,,,,,,,0,U,,F,F,0,,,,,,,,,0,0,0,0,,O,,,,,,2025-06-04 14:42:37,lama1,,,,,avall.mdb,2026-04-14 02:17:37.493608
20080118X00073,SEA08LA061,ACC,2008-01-14 00:00:00,Mo,329,UTC,San Francisco,CA,USA,94128,2008,1,N,Y,037378N,1222229W,,San Francisco International,KSFO,ONAP,0.0,,13,,WFAC,356,0,KSFO,13,0,UTC,NITE,CLER,0,0,NONE,,,10.0,52,45,0,U,,F,T,0,30.270000457763672,,,,NONE,,,,0,0,61,0,61,N,,,,,,2020-09-25 18:06:16,,VMC,,37.618888,-122.374725,avall.mdb,2026-04-14 02:17:37.493608
20080219X00204,NYC08CA080,ACC,2008-01-11 00:00:00,Fr,1800,UTC,Labelle,FL,USA,34741,2008,1,,,264644N,0812556W,,,,OFAP,0.0,,,,WFAC,1753,240,RSW,,22,UTC,DAYL,,0,5000,BKN,,,10.0,79,63,170,U,10,F,T,0,29.950000762939453,,,,NONE,,,,0,0,1,0,1,N,,,,,,2020-09-25 18:04:02,,VMC,,26.778888,-81.43222,avall.mdb,2026-04-14 02:17:37.493608
20080117X00069,SEA08LA063,ACC,2008-01-13 00:00:00,Su,2334,UTC,Centerville,WA,USA,98613,2008,1,,,454259N,0120594W,,,,OFAP,0.0,,,,PILO,,0,,,0,,DAYL,CLER,0,0,NONE,,,10.0,48,43,0,U,,F,T,0,0.0,,,,MINR,,,,0,1,1,0,2,N,,,,,,2020-09-25 18:06:16,,VMC,,45.716388,-120.984443,avall.mdb,2026-04-14 02:17:37.493608
20080115X00046,MIA08LA034,ACC,2008-01-03 00:00:00,Th,2045,UTC,Stevensville,MD,USA,21666,2008,1,,,385821N,0761928W,,BAY BRIDGE,W29,ONAP,1.0,,15,,WFAC,2055,130,ESN,72,16,UTC,DAYL,SCAT,5000,0,NONE,,,10.0,30,12,320,U,11,F,F,20,30.649999618530273,,,,NONE,,,,0,0,1,0,1,N,,,,,,2020-09-25 18:04:46,,VMC,,38.972499,-76.324447,avall.mdb,2026-04-14 02:17:37.493608
20080220X00219,DEN08WA048,ACC,2008-01-07 00:00:00,Mo,800,UTC,Zuzenhausen,,GE,0,2008,1,,,049240N,0008420E,,,,,0.0,,,,WFAC,850,0,EDFM,,0,,,,600,600,BKN,,,2.0,43,43,200,U,7,F,F,0,29.860000610351562,,,,FATL,,,,1,1,0,0,2,O,,,,,,2020-09-25 18:07:50,,IMC,,49.400001,8.699999,avall.mdb,2026-04-14 02:17:37.493608
20080115X00052,DEN08LA049,ACC,2008-01-12 00:00:00,Sa,2200,UTC,Pine Bluffs,WY,USA,82082,2008,1,,,041912N,0104749W,,Pine Bluffs,82V,ONAP,0.0,,5152,,WFAC,1510,0,IBM,4926,0,,DAYL,SCAT,9500,0,NONE,,,10.0,34,21,340,U,10,F,F,15,30.030000686645508,,,,NONE,,,,0,0,2,0,2,N,,,,,,2020-09-25 18:05:31,,VMC,,41.153331,-104.130279,avall.mdb,2026-04-14 02:17:37.493608
20080213X00180,SEA08LA064,ACC,2008-01-12 00:00:00,Sa,215,UTC,Placerville,CA,USA,95667,2008,1,,,384327N,1204512W,,Placerville Airport,KPVF,ONAP,0.0,,2585,,PILO,,0,,,0,,NITE,CLER,0,0,NONE,,,10.0,0,0,0,U,,F,T,0,0.0,,,,NONE,,,,0,0,1,0,1,N,,,,,,2020-09-25 18:07:03,,VMC,,38.724166,-120.753334,avall.mdb,2026-04-14 02:17:37.493608
20080204X00131,SEA08CA065,ACC,2008-01-08 00:00:00,Tu,2105,UTC,Riverside,CA,USA,92507,2008,1,,,335118N,1172543W,,,,OFAP,0.0,,,,WFAC,2053,360,KRAL,819,7,UTC,DAYL,,20000,20000,BKN,,,10.0,149,0,280,U,8,F,T,0,30.149999618530273,,,,NONE,,,,0,0,2,0,2,N,,,,,,2020-09-25 18:06:16,,VMC,,33.854999,-117.428611,avall.mdb,2026-04-14 02:17:37.493608
20080118X00079,DCA08WA027,ACC,2008-01-11 00:00:00,Fr,1425,UTC,Windhoek,,WA,,2008,1,,,223642S,0017454E,,,,,0.0,,,,WFAC,,0,,,0,,,CLER,0,0,NONE,,,,0,0,0,U,,F,F,0,0.0,,,,FATL,,,,6,0,0,0,6,O,,,,,,2020-09-25 18:07:50,,VMC,,-22.611665,17.081666,avall.mdb,2026-04-14 02:17:37.493608
20080204X00132,NYC08WA081,ACC,2008-01-16 00:00:00,We,1850,UTC,Kiteni,,PE,,2008,1,,,121128S,0073010W,,,,,0.0,,,,,,0,,,0,,,,0,0,,,,,0,0,0,U,,F,F,0,0.0,,,,,,,,0,0,0,0,,O,,,,,,2020-09-25 18:07:50,,,,-12.191111,-73.002777,avall.mdb,2026-04-14 02:17:37.493608
20080129X00119,DFW08FA056,ACC,2008-01-17 00:00:00,Th,443,UTC,Tulsa,OK,USA,74115,2008,1,,,361333N,0955322W,,Tulsa International Airport,KTUL,OFAP,2.0,,677,,WFAC,446,150,KTUL,677,1,UTC,NITE,,0,800,OVC,,,3.0,32,34,300,U,18,F,F,21,30.0,,,,FATL,,,,1,0,0,0,1,N,,,,,,2020-09-25 18:04:46,,IMC,,36.225833,-95.889442,avall.mdb,2026-04-14 02:17:37.493608
20080214X00194,CHI08CA060,ACC,2008-01-04 00:00:00,Fr,2045,UTC,Whitmore Lake,MI,USA,48189,2008,1,,,422235N,0834734W,,,,,0.0,,,,,1953,0,ARB,839,0,UTC,DAYL,,0,7000,BKN,,,10.0,28,16,210,U,11,F,T,0,30.270000457763672,,,,NONE,,,,0,0,2,0,2,,,,,,,2020-09-25 18:05:31,,VMC,,42.376388,-83.792778,avall.mdb,2026-04-14 02:17:37.493608
20080129X00117,CHI08CA063,ACC,2008-01-12 00:00:00,Sa,2027,UTC,Newark,OH,USA,43056,2008,1,,,040148N,0822743W,,,,,0.0,,,,WFAC,1554,0,VTA,,0,,DAYL,CLER,0,0,NONE,,,10.0,43,28,0,U,0,F,F,0,30.049999237060547,,,,NONE,,,,0,0,2,0,2,N,,,,,,2020-09-25 18:04:46,,VMC,,40.029998,-82.461944,avall.mdb,2026-04-14 02:17:37.493608
20080117X00065,DCA08RA028,ACC,2008-01-17 00:00:00,Th,1,UTC,London,,UK,,2008,1,,,,,,,,,0.0,,,,,,0,,,0,,,,0,0,,,,,0,0,0,U,,F,F,0,0.0,,,,MINR,,,,0,2,191,0,193,O,,,,,,2024-07-14 18:16:10,andj,,,,,avall.mdb,2026-04-14 02:17:37.493608
20080117X00067,SEA08FA062,ACC,2008-01-14 00:00:00,Mo,1508,UTC,Lihue,HI,USA,96766,2008,1,,,021512N,1591927W,,Lihue,LIH,OFAP,0.0,,,,WFAC,1453,180,HLI,153,7,UTC,NDRK,SCAT,4100,5500,OVC,,,10.0,68,55,30,U,23,F,F,27,30.1200008392334,,,,FATL,,,,1,0,0,0,1,N,,,,,,2020-09-25 18:06:16,,VMC,,21.850555,-159.324172,avall.mdb,2026-04-14 02:17:37.493608
20080118X00075,ANC08LA032,ACC,2008-01-16 00:00:00,We,1615,UTC,Aniak,AK,USA,99557,2008,1,,,613454N,1593230W,,Aniak,PANI,OFAP,1.0,,88,,WFAC,1616,260,PANI,88,1,UTC,DAYL,,0,600,,,,0.5,32,30,190,U,5,F,T,0,29.790000915527344,,,,SERS,,,,0,0,0,1,1,N,,,,,,2020-09-25 18:04:02,,IMC,,61.581665,-159.541671,avall.mdb,2026-04-14 02:17:37.493608
20080122X00085,CHI08FA066,ACC,2008-01-17 00:00:00,Th,22,UTC,Cleveland,OH,USA,44114,2008,1,,,041313N,0081410W,MEAS,BURKE LAKEFRONT,BKL,OFAP,1.0,,583,,WFAC,2353,180,BKL,583,1,UTC,NITE,,0,25000,BKN,,,10.0,32,19,120,U,6,F,T,0,30.25,,,,FATL,,,,1,0,0,0,1,N,,,,,,2020-09-25 18:06:16,,VMC,,41.517501,-81.683334,avall.mdb,2026-04-14 02:17:37.493608
20080118X00074,ANC08LA031,ACC,2008-01-15 00:00:00,Tu,1839,UTC,Bethel,AK,USA,99559,2008,1,,,604647N,1615017W,,Bethel,PABE,ONAP,0.0,,126,,WFAC,1837,0,PABE,126,0,UTC,DAYL,SCAT,1400,3500,BKN,,,10.0,30,27,160,U,17,F,T,0,29.360000610351562,,,,MINR,,,,0,1,4,0,5,N,,,,,,2020-09-25 18:04:02,,VMC,,60.779724,-161.838058,avall.mdb,2026-04-14 02:17:37.493608
20080123X00091,MIA08LA041,ACC,2008-01-17 00:00:00,Th,1911,UTC,Norwood,MA,USA,2062,2008,1,,,421138N,0711040W,,Norwood Memorial Airport,OWD,ONAP,0.0,,49,,WFAC,1853,0,KOWD,49,0,UTC,DAYL,CLER,0,0,NONE,,,10.0,30,23,200,U,5,F,T,0,30.299999237060547,,,,NONE,,,,0,0,1,0,1,N,,,,,,2020-09-25 18:04:46,,VMC,,42.193889,-71.17778,avall.mdb,2026-04-14 02:17:37.493608
20080215X00202,NYC08CA083,ACC,2008-01-15 00:00:00,Tu,1715,UTC,Fenner,NY,USA,13035,2008,1,,,425952N,0754713W,,Syracuse International Airport,SYR,OFAP,18.0,,421,,WFAC,1215,310,SYR,421,18,,DAYL,SCAT,1000,1500,BKN,,,1.5,28,25,340,U,9,F,T,0,29.799999237060547,,,,MINR,,,,0,1,3,0,4,N,,,,,,2020-09-25 18:04:02,,IMC,,42.997776,-75.786941,avall.mdb,2026-04-14 02:17:37.493608
20080220X00218,DEN08CA051,ACC,2008-01-17 00:00:00,Th,2300,UTC,Taos,NM,USA,87571,2008,1,,,362729N,1054020W,,TAOS MUNI,SKX,ONAP,0.0,,,,,,0,,,0,,DUSK,,0,0,,,,,0,0,0,U,,F,F,0,0.0,,,,NONE,,,,0,0,4,0,4,,,,,,,2020-09-25 18:06:16,,VMC,,36.458057,-105.672225,avall.mdb,2026-04-14 02:17:37.493608
20080321X00354,NYC08CA084,ACC,2008-01-05 00:00:00,Sa,2210,UTC,Brooksville,FL,USA,34604,2008,1,,,282824N,0822718W,,Hernando County,BKV,ONAP,0.0,,,,,,0,,,0,,DAYL,,0,0,,,,,0,0,0,U,,F,F,0,0.0,,,,NONE,,,,0,0,2,0,2,N,,,,,,2025-05-27 19:15:54,dobn,VMC,,28.473333,-82.455001,avall.mdb,2026-04-14 02:17:37.493608
20080128X00111,DFW08FA057,ACC,2008-01-18 00:00:00,Fr,1830,UTC,San Antonio,TX,USA,78207,2008,1,,,292047N,0981740W,EST,San Antonio International,SAT,OFAP,17.0,,809,,WFAC,1804,230,SSF,577,6,UTC,DAYL,CLER,0,600,OVC,,,2.0,37,36,360,U,10,F,T,0,30.1299991607666,,,,FATL,,,,1,0,0,0,1,N,,,,,,2020-09-25 18:04:02,,IMC,,29.346389,-98.294441,avall.mdb,2026-04-14 02:17:37.493608
20080312X00302,MIA08CA042,ACC,2008-01-14 00:00:00,Mo,518,UTC,Atlanta,GA,USA,30341,2008,1,,,335232N,0084187W,,Dekalb-Peachtree Airport,PDK,ONAP,0.0,,1003,,WFAC,453,0,KPDK,1003,0,UTC,NITE,CLER,0,0,NONE,,,10.0,43,32,280,U,7,F,T,0,30.049999237060547,,,,NONE,,,,0,0,1,0,1,N,,,,,,2020-09-25 18:05:31,,VMC,,33.875556,-84.30194,avall.mdb,2026-04-14 02:17:37.493608
20091028X64340,DCA10WA003,INC,2009-10-19 00:00:00,Mo,,,Manchester,,UK,,2009,10,,,,,,Manchester Airport,RGCC,,0.0,,,,,,0,,,0,,,,0,0,,,,,0,0,0,U,,F,F,0,0.0,,,,NONE,,,,0,0,102,0,102,O,,,,,,2020-11-03 20:29:31,,,,,,avall.mdb,2026-04-14 02:17:37.493608
20080312X00300,NYC08CA085,ACC,2008-01-19 00:00:00,Sa,1900,UTC,Arley,AL,USA,35541,2008,1,,,034052N,0008778W,,,,OFAP,0.0,,,,WFAC,2000,45,3A1,969,19,UTC,DAYL,SCAT,6000,0,NONE,,,10.0,52,21,300,U,8,F,T,0,30.209999084472656,,,,NONE,,,,0,0,2,0,2,N,,,,,,2020-09-25 18:04:46,,VMC,,34.014446,-87.118888,avall.mdb,2026-04-14 02:17:37.493608
20080131X00125,MIA08LA043,ACC,2008-01-20 00:00:00,Su,2130,UTC,Kissimmee,FL,USA,34741,2008,1,,,281714N,0081268W,,KISSIMMEE MUNI,ISM,ONAP,0.0,,82,,WFAC,2130,16,ORL,113,20,UTC,DAYL,CLER,0,0,NONE,,,10.0,54,37,360,U,10,F,F,14,30.31999969482422,,,,NONE,,,,0,0,3,0,3,N,,,,,,2020-09-25 18:04:46,,VMC,,28.287221,-81.435554,avall.mdb,2026-04-14 02:17:37.493608
20080125X00104,NYC08WA082,ACC,2008-01-12 00:00:00,Sa,1037,UTC,Treviso,,IT,,2008,1,,,453855N,0121143E,,,,,0.0,,,,,,0,,,0,,,,0,0,,,,,0,0,0,U,,F,F,0,0.0,,,,FATL,,,,2,0,0,0,2,O,,,,,,2026-03-06 14:20:31,dobn,,,45.648612,12.195278,avall.mdb,2026-04-14 02:17:37.493608
20080128X00108,MIA08FA044,ACC,2008-01-22 00:00:00,Tu,1734,UTC,Ochopee,FL,USA,34141,2008,1,,,255141N,0805250W,,Dade-Collier T and T Airport,KTNT,ONAP,0.0,,13,,WFAC,1653,97,KMIA,10,33,UTC,DAYL,,0,2100,BKN,,,10.0,79,64,80,U,15,F,T,0,30.200000762939453,,,,FATL,,,,2,0,0,0,2,N,,,,,,2020-09-25 18:04:02,,VMC,,25.861389,-80.880554,avall.mdb,2026-04-14 02:17:37.493608
20080123X00098,LAX08FA047,ACC,2008-01-18 00:00:00,Fr,2200,UTC,Selma,CA,USA,93725,2008,1,,,363354N,1194326W,,Fresno Chandler Executive,KFCH,OFAP,12.0,,279,,WFAC,2153,360,KFAT,336,13,UTC,DAYL,CLER,0,0,NONE,,,5.0,55,34,290,U,3,F,T,0,30.200000762939453,,,,FATL,,,,1,0,0,0,1,N,,,,,,2020-09-25 18:06:16,,VMC,,36.564998,-119.723892,avall.mdb,2026-04-14 02:17:37.493608
20080220X00213,LAX08CA048,ACC,2008-01-19 00:00:00,Sa,2100,UTC,Vacaville,CA,USA,95687,2008,1,,,382240N,1215742W,,Nut Tree,VCB,ONAP,0.0,,117,,WIT,,0,,,0,,DAYL,CLER,0,0,NONE,,,10.0,0,0,0,U,,F,T,0,0.0,,,,MINR,,,,0,1,1,0,2,,,,,,,2020-09-25 18:06:16,,VMC,,38.377777,-121.961669,avall.mdb,2026-04-14 02:17:37.493608
20080130X00124,LAX08FA049,ACC,2008-01-20 00:00:00,Su,2334,UTC,Corona,CA,USA,92882,2008,1,Y,N,335256N,0117373W,EST,,,OFAP,0.0,,,,WFAC,2356,25,AJO,533,1,UTC,DAYL,CLER,0,0,NONE,,,10.0,61,36,270,U,7,F,T,0,29.899999618530273,,,,FATL,1,,,4,0,0,0,5,N,,,,,,2020-09-25 18:06:16,,VMC,,33.882221,-117.6175,avall.mdb,2026-04-14 02:17:37.493608
20080122X00084,DCA08WA030,ACC,2008-01-15 00:00:00,Tu,1120,UTC,Port Said,,EG,,2008,1,,,,,,,,,0.0,,,,WFAC,,0,,,0,,,CLER,0,0,,,,,0,0,0,U,,F,F,0,0.0,,,,FATL,,,,2,0,0,0,2,O,,,,,,2020-09-25 18:07:50,,VMC,,,,avall.mdb,2026-04-14 02:17:37.493608
20080122X00086,DCA08WA031,ACC,2008-01-19 00:00:00,Sa,732,UTC,Huambo,,AO,,2008,1,,,012466S,0155418E,,,,,0.0,,,,WIT,,0,,,0,,,,0,0,,,,,0,0,0,U,,F,F,0,0.0,,,,FATL,,,,13,0,0,0,13,O,,,,,,2020-09-25 18:07:50,,IMC,,-12.768333,15.904999,avall.mdb,2026-04-14 02:17:37.493608
20080122X00082,CHI08LA067,ACC,2008-01-12 00:00:00,Sa,1838,UTC,Garrison,MN,USA,56401,2008,1,,,461917N,0935025W,,,,OFAP,0.0,,,,WFAC,1806,270,BRD,1232,20,UTC,DAYL,,0,1100,OVC,,,8.0,21,16,360,U,5,F,T,0,30.010000228881836,,,,SERS,,,,0,0,0,1,1,N,,,,,,2020-09-25 18:07:03,,VMC,,46.321388,-93.840278,avall.mdb,2026-04-14 02:17:37.493608
20080122X00088,CHI08IA065,INC,2008-01-08 00:00:00,Tu,2345,UTC,Lincoln,NE,USA,68524,2008,1,,,040515N,0964555W,,LINCOLN MUNI,LNK,ONAP,0.0,,1219,,WFAC,2254,0,LNK,1219,0,UTC,NITE,CLER,0,0,NONE,,,10.0,37,23,280,U,6,F,F,0,30.049999237060547,,,,NONE,,,,0,0,38,0,38,N,,,,,,2020-09-25 18:06:16,,VMC,,40.851387,-96.765274,avall.mdb,2026-04-14 02:17:37.493608
20080411X00456,ANC08IA033,INC,2008-01-18 00:00:00,Fr,1645,UTC,Dutch Harbor,AK,USA,99692,2008,1,,,535425N,1663257W,,Dutch Harbor,L2G,ONAP,0.0,,,,WFAC,1636,0,PAUD,22,0,UTC,DAYL,SCAT,2500,3300,OVC,,,9.0,45,36,130,U,37,F,F,47,0.0,,,,NONE,,,,0,0,2,0,2,N,,,,,,2020-09-25 18:04:02,,VMC,,53.906944,-166.549163,avall.mdb,2026-04-14 02:17:37.493608
20080125X00103,CHI08LA071,ACC,2008-01-09 00:00:00,We,1249,UTC,Detroit,MI,USA,48242,2008,1,,,421245N,0832112W,,Detroit Metro,DTW,OFAP,1.0,,645,,WFAC,1253,270,DTW,645,1,UTC,DAYL,,0,3800,BKN,,,10.0,39,30,280,U,15,F,T,0,29.889999389648438,,,,NONE,,,,0,0,73,0,73,N,,,,,,2020-09-25 18:07:03,,VMC,,42.212501,-83.353332,avall.mdb,2026-04-14 02:17:37.493608
20080324X00374,SEA08LA067,ACC,2008-01-25 00:00:00,Fr,2000,UTC,Hollister,CA,USA,95023,2008,1,,,036540N,0121252W,,Hollister Municipal Airport,CVH,ONAP,0.0,,230,,WFAC,1953,210,SNS,85,15,UTC,DAYL,SCAT,3300,4900,BKN,,,10.0,55,48,110,U,30,F,F,37,29.790000915527344,,,,NONE,,,,0,0,2,0,2,N,,,,,,2020-09-25 18:06:16,,VMC,,36.900001,-121.417221,avall.mdb,2026-04-14 02:17:37.493608
20080210X00161,NYC08LA086,ACC,2008-01-25 00:00:00,Fr,1610,UTC,York,SC,USA,29745,2008,1,,,035155N,0811510W,MEAS,,,OFAP,0.0,,,,WFAC,1654,90,UZA,666,10,UTC,DAYL,CLER,0,0,NONE,,,10.0,30,3,100,U,3,F,T,0,30.510000228881836,,,,MINR,,,,0,2,0,0,2,N,,,,,,2020-09-25 18:07:03,,VMC,,35.031944,-81.252777,avall.mdb,2026-04-14 02:17:37.493608
20080214X00188,MIA08CA047,ACC,2008-01-28 00:00:00,Mo,1615,UTC,Dawson,GA,USA,39842,2008,1,,,314435N,0084259W,,Dawson Municipal Airport,16J,ONAP,0.0,,333,,WFAC,1053,137,KABY,197,17,,DAYL,CLER,0,0,NONE,,,10.0,52,36,80,U,6,F,T,0,30.280000686645508,,,,NONE,,,,0,0,1,0,1,N,,,,,,2020-09-25 18:06:16,,VMC,,31.743055,-84.419166,avall.mdb,2026-04-14 02:17:37.493608
20080210X00160,NYC08LA087,ACC,2008-01-27 00:00:00,Su,2230,UTC,McCullough,AL,USA,36502,2008,1,,,031100N,0873130W,,,NONE,OFAP,0.0,,,,WFAC,2253,70,GZH,259,20,UTC,DAYL,CLER,0,0,NONE,,,10.0,55,34,330,U,5,F,T,0,30.25,,,,FATL,,,,1,0,0,0,1,N,,,,,,2020-09-25 18:07:03,,VMC,,31.166666,-87.525001,avall.mdb,2026-04-14 02:17:37.493608
20080514X00667,DCA08IA033,INC,2008-01-25 00:00:00,Fr,1445,UTC,Newark,NJ,USA,7114,2008,1,,,404123N,0741028W,MEAS,Newark Liberty Intl,EWR,,0.0,238,17,,WFAC,,0,,,0,,DAYL,FEW,4700,5500,OVC,,,10.0,27,12,310,U,14,F,F,16,30.040000915527344,,,,NONE,,,,0,0,107,0,107,N,,,,,,2024-07-11 14:55:36,andj,VMC,,40.689723,-74.174446,avall.mdb,2026-04-14 02:17:37.493608
20080207X00144,DEN08WA052,ACC,2008-01-23 00:00:00,We,1030,UTC,Cherbourg,,FR,0,2008,1,,,049448N,0001316W,,,,,0.0,,,,WFAC,1130,0,LFRC,,0,,,,0,2800,OVC,,,6.199999809265137,54,46,220,U,8,F,F,0,30.360000610351562,,,,FATL,,,,2,0,0,1,3,O,,,,,,2025-11-21 15:35:16,dobn,VMC,,49.735553,-1.518333,avall.mdb,2026-04-14 02:17:37.493608
20080129X00115,DEN08LA053,ACC,2008-01-26 00:00:00,Sa,1930,UTC,Valley Center,KS,USA,67147,2008,1,,,374957N,0972212W,,Harrison/Redbird Airfield,,OFAP,1.0,,1379,,WFAC,1950,0,AAO,,0,UTC,DAYL,CLER,0,0,NONE,,,10.0,55,16,310,U,10,F,T,0,30.1200008392334,,,,SERS,,,,0,0,0,1,1,N,,,,,,2020-09-25 18:06:16,,VMC,,37.8325,-97.370002,avall.mdb,2026-04-14 02:17:37.493608
20080129X00116,DEN08LA054,ACC,2008-01-24 00:00:00,Th,2320,UTC,Rock Springs,WY,USA,82901,2008,1,,,415649N,0108586W,,,,OFAP,0.0,,,,WFAC,2354,360,RKS,,30,UTC,DAYL,CLER,0,0,NONE,,,10.0,10,1,0,U,,F,T,0,29.799999237060547,,,,NONE,,,,0,0,2,0,2,N,,,,,,2020-09-25 18:06:16,,VMC,,41.946945,-108.96833,avall.mdb,2026-04-14 02:17:37.493608
20080205X00136,DFW08LA058,ACC,2008-01-28 00:00:00,Mo,1315,UTC,Wiggins,MS,USA,39577,2008,1,,,304831N,0891129W,,,,OFAP,0.0,,,,PILO,,0,,,0,,DAYL,CLER,0,0,UNK,,,10.0,52,0,210,U,6,F,T,0,30.170000076293945,,,,NONE,,,,0,0,1,0,1,N,,,,,,2020-09-25 18:04:02,,VMC,,30.80861,-89.19139,avall.mdb,2026-04-14 02:17:37.493608
20080317X00317,DFW08CA059,ACC,2008-01-27 00:00:00,Su,1800,UTC,Sheffield,TX,USA,79781,2008,1,,,030260N,0101490W,,Canon Ranch Airport,9TX9,OFAP,22.0,,2380,,WFAC,1153,108,KFST,3011,64,,DAYL,CLER,0,0,NONE,,,10.0,72,45,160,U,10,F,F,17,30.200000762939453,,,,SERS,,,,0,0,0,1,1,N,,,,,,2020-09-25 18:05:31,,VMC,,30.433332,-101.816665,avall.mdb,2026-04-14 02:17:37.493608
20080305X00268,NYC08CA088,ACC,2008-01-30 00:00:00,We,515,UTC,Charlotte,NC,USA,28208,2008,1,N,Y,351250N,0805635W,,Charlotte/Douglas Internationa,CLT,ONAP,0.0,,748,,WFAC,452,0,CLT,748,0,UTC,NITE,SCAT,3800,6000,BKN,,,8.0,52,41,180,U,10,F,T,0,29.690000534057617,,,,NONE,,,,0,0,2,0,2,N,,,,,,2020-09-25 18:04:46,,VMC,,35.21389,-80.943054,avall.mdb,2026-04-14 02:17:37.493608
20080207X00148,MIA08LA048,ACC,2008-01-29 00:00:00,Tu,2223,UTC,Marathon,FL,USA,33050,2008,1,,,245229N,0811348W,MEAS,The Florida Keys Marathon Arpt,MTH,OFAP,5.0,,5,,WFAC,2153,0,MTH,5,0,UTC,DAYL,CLER,0,0,NONE,,,10.0,73,54,140,U,9,F,T,0,30.040000915527344,,,,SERS,,,,0,0,0,2,2,N,,,,,,2020-09-25 18:04:02,,VMC,,24.874721,-81.230003,avall.mdb,2026-04-14 02:17:37.493608
20080212X00178,ENG08IA011,INC,2008-01-31 00:00:00,Th,122,UTC,West Palm Beach,FL,USA,33401,2008,1,,,264059N,0080544W,,,,OFAP,0.0,,,,WFAC,153,0,KPBI,,0,UTC,NITE,CLER,0,0,NONE,,,10.0,72,63,150,U,5,F,T,0,30.1200008392334,,,,MINR,,,,0,6,140,0,146,N,,,,,,2020-09-25 18:04:02,,VMC,,26.683055,-80.095558,avall.mdb,2026-04-14 02:17:37.493608
20080312X00303,MIA08CA049,ACC,2008-01-30 00:00:00,We,2105,UTC,Jefferson,GA,USA,30529,2008,1,,,341019N,0833338W,,Jackson County Airport,19A,ONAP,0.0,,951,,WFAC,2105,0,19A,951,0,UTC,DAYL,CLER,0,0,NONE,,,10.0,52,10,310,U,5,F,T,0,30.030000686645508,,,,SERS,,,,0,0,0,1,1,N,,,,,,2024-11-05 12:31:16,broda,VMC,,34.171943,-83.560554,avall.mdb,2026-04-14 02:17:37.493608
20080318X00326,MIA08CA050,ACC,2008-01-31 00:00:00,Th,2020,UTC,Stafford,VA,USA,22406,2008,1,,,382353N,0772720W,,Stafford Regional Airport,RMN,ONAP,0.0,,211,,WFAC,2020,0,KRMN,211,0,UTC,DAYL,CLER,0,0,NONE,,,10.0,34,61,30,U,3,F,T,0,30.479999542236328,,,,NONE,,,,0,0,2,0,2,N,,,,,,2020-09-25 18:05:31,,VMC,,38.398056,-77.455558,avall.mdb,2026-04-14 02:17:37.493608
20080211X00169,NYC08MA090,ACC,2008-02-01 00:00:00,Fr,1628,UTC,Mount Airy,NC,USA,27030,2008,2,,,362748N,0080333W,EST,Mt. Airy/Surry County Airport,MWK,OFAP,0.0,,1249,,WFAC,1641,0,MWK,1249,0,UTC,DAYL,,300,300,BKN,,,2.0,34,32,0,U,,F,F,0,0.0,,,,FATL,,,,6,0,0,0,6,N,,,,,,2020-09-25 18:07:03,,IMC,,36.463333,-80.550834,avall.mdb,2026-04-14 02:17:37.493608
20080201X00130,LAX08FA052,ACC,2008-01-26 00:00:00,Sa,657,UTC,Los Angeles,CA,USA,90003,2008,1,,,335645N,1181647W,,,,OFAP,0.0,,,,WFAC,653,225,HHR,62,3,UTC,NITE,CLER,0,0,NONE,,,10.0,55,46,100,U,3,F,T,0,30.200000762939453,,,,FATL,,,,1,0,0,0,1,N,,,,,,2020-09-25 18:06:16,,VMC,,33.945835,-118.279724,avall.mdb,2026-04-14 02:17:37.493608
20080211X00172,MIA08MA051,ACC,2008-02-01 00:00:00,Fr,2248,UTC,West Gardiner,ME,USA,4345,2008,2,,,441415N,0069516W,,,,OFAP,0.0,,,,WFAC,2253,207,AUG,352,6,UTC,NDRK,UNK,0,1800,OVC,,,3.0,21,21,20,U,3,F,T,0,30.309999465942383,,,,FATL,,,,2,0,0,0,2,N,,,,,,2020-09-25 18:04:02,,IMC,,44.237499,-69.851669,avall.mdb,2026-04-14 02:17:37.493608
20080305X00264,NYC08CA092,ACC,2008-02-03 00:00:00,Su,1330,UTC,Fruitland Park,FL,USA,34731,2008,2,,,285241N,0815627W,,Flying Palomino Ranch Airport,5FA1,OFAP,0.0,,85,,WFAC,1353,120,LEE,76,7,UTC,DAYL,CLER,0,0,NONE,,,10.0,48,45,0,Y,,T,T,0,30.25,,,,MINR,,,,0,1,0,0,1,N,,,,,,2020-09-25 18:04:02,,VMC,,28.878055,-81.940834,avall.mdb,2026-04-14 02:17:37.493608
20080330X00398,NYC08LA091,ACC,2008-02-01 00:00:00,Fr,2042,UTC,Ft. Lauderdale,FL,USA,33309,2008,2,N,Y,261154N,0801048W,,Fort Lauderdal Executive,FXE,ONAP,0.0,,13,,WFAC,2053,0,FXE,13,0,UTC,DAYL,SCAT,6900,0,NONE,,,10.0,81,59,130,U,10,F,F,0,30.1200008392334,,,,MINR,,1,,0,0,2,0,3,N,,,,,,2020-09-25 18:07:03,,VMC,,26.198333,-80.18,avall.mdb,2026-04-14 02:17:37.493608
20080206X00142,DFW08FA060,ACC,2008-02-02 00:00:00,Sa,2313,UTC,Lindsay,OK,USA,73052,2008,2,,,345126N,0973511W,,Lindsay Municipal,1K2,OFAP,0.0,,965,,WFAC,2350,150,PVJ,,20,UTC,DAYL,CLER,0,0,NONE,,,10.0,57,37,80,U,5,F,T,0,29.979999542236328,,,,FATL,,,,2,0,0,0,2,N,,,,,,2020-09-25 18:04:46,,VMC,,34.857223,-97.586387,avall.mdb,2026-04-14 02:17:37.493608
20080211X00167,SEA08LA068,ACC,2008-02-02 00:00:00,Sa,2030,UTC,Mukilteo,WA,USA,98204,2008,2,,,475353N,1221710W,EST,Paine Field,KPAE,OFAP,2.0,,190,,WFAC,2053,190,KPAE,600,2,UTC,DAYL,FEW,4000,0,NONE,,,10.0,37,30,20,U,5,F,T,0,29.549999237060547,,,,SERS,,,,0,0,0,1,1,N,,,,,,2020-09-25 18:06:16,,VMC,,47.898056,-122.286109,avall.mdb,2026-04-14 02:17:37.493608
20080207X00150,MIA08FA052,ACC,2008-02-03 00:00:00,Su,2117,UTC,Elkin,NC,USA,28621,2008,2,,,361652N,0804649W,EST,Elkin Municipal Airport,ZEF,ONAP,0.0,,1068,,WFAC,2121,264,UKF,1301,16,UTC,DAYL,CLER,0,0,NONE,,,10.0,59,28,70,U,3,F,T,0,30.170000076293945,,,,FATL,,,,1,0,0,0,1,N,,,,,,2020-09-25 18:04:02,,VMC,,36.281112,-80.780281,avall.mdb,2026-04-14 02:17:37.493608
20080306X00273,NYC08CA093,ACC,2008-01-27 00:00:00,Su,1220,UTC,Leonardtown,MD,USA,20636,2008,1,,,381855N,0076330W,,St. Mary's County Regional,2W6,ONAP,0.0,,142,,WFAC,1152,90,NHK,39,8,UTC,DAYL,,0,5000,OVC,,,10.0,36,27,310,U,7,F,T,0,30.06999969482422,,,,NONE,,,,0,0,1,0,1,N,,,,,,2020-09-25 18:04:02,,VMC,,38.315277,-76.550003,avall.mdb,2026-04-14 02:17:37.493608
20080225X00233,LAX08CA051,ACC,2008-01-20 00:00:00,Su,20,UTC,Brigham City,UT,USA,84302,2008,1,,,041338N,0112344W,,Brigham City,BMC,ONAP,0.0,,4229,,PILO,,0,,,0,,DAYL,,0,0,,,,10.0,0,0,0,U,,F,F,0,0.0,,,,NONE,,,,0,0,1,0,1,N,,,,,,2020-09-25 18:05:31,,VMC,,41.552223,-112.062225,avall.mdb,2026-04-14 02:17:37.493608
20080229X00248,LAX08CA053,ACC,2008-01-25 00:00:00,Fr,2300,UTC,Beaver Marsh,OR,USA,97731,2008,1,,,043744N,0121494W,,Beaver Marsh State Airport,2S2,ONAP,0.0,,,,PILO,,0,,,0,,DAYL,CLER,0,0,NONE,,,30.0,30,0,0,U,,F,T,0,0.0,,,,MINR,,,,0,1,2,0,3,,,,,,,2020-09-25 18:07:03,,VMC,,43.128887,-121.817779,avall.mdb,2026-04-14 02:17:37.493608
20080226X00236,LAX08CA054,ACC,2008-01-30 00:00:00,We,445,UTC,Brawley,CA,USA,92227,2008,1,,,033210N,1153110W,,BRAWLEY MUNI,BWC,OFAP,4.0,,,,PILO,,0,,,0,,NITE,CLER,0,0,NONE,,,25.0,61,0,290,U,3,F,T,0,0.0,,,,NONE,,,,0,0,1,0,1,N,,,,,,2020-09-25 18:06:16,,VMC,,33.036109,-115.519447,avall.mdb,2026-04-14 02:17:37.493608
20080211X00174,LAX08LA055,ACC,2008-02-01 00:00:00,Fr,1630,UTC,Palo Alto,CA,USA,94303,2008,2,,,037270N,0012260W,MEAS,Palo Alto Airport,PAO,ONAP,0.0,,,,WFAC,1647,0,PAO,4,0,UTC,DAYL,SCAT,4000,20000,BKN,,,10.0,45,43,0,Y,4,T,T,0,30.290000915527344,,,,NONE,,,,0,0,1,0,1,N,,,,,,2020-09-25 18:06:16,,VMC,,37.45,-122.099998,avall.mdb,2026-04-14 02:17:37.493608
20080211X00173,LAX08LA056,ACC,2008-02-01 00:00:00,Fr,1916,UTC,Murrieta,CA,USA,92563,2008,2,,,333445N,0011770W,,FRENCH VALLEY,F70,OFAP,0.0,,1350,,WFAC,1916,90,F70,1350,1,UTC,DAYL,FEW,12000,0,NONE,,,10.0,63,46,220,U,6,F,T,0,30.020000457763672,,,,NONE,,,,0,0,1,0,1,N,,,,,,2020-09-25 18:06:16,,VMC,,33.579166,-117.116668,avall.mdb,2026-04-14 02:17:37.493608
20080226X00235,LAX08CA057,ACC,2008-02-03 00:00:00,Su,200,UTC,Bullhead City,AZ,USA,86429,2008,2,,,035926N,1143334W,,LAUGHLIN/BULLHEAD INTERNATIONA,IFP,ONAP,0.0,,695,,WFAC,256,180,EED,983,24,UTC,NITE,CLER,0,0,NONE,,,10.0,48,32,240,U,5,F,T,0,29.979999542236328,,,,NONE,,,,0,0,2,0,2,N,,,,,,2020-09-25 18:06:16,,VMC,,35.157222,-114.559448,avall.mdb,2026-04-14 02:17:37.493608
20080219X00205,DFW08FA061,ACC,2008-02-05 00:00:00,Tu,45,UTC,Baytown,TX,USA,77250,2008,2,,,294524N,0945042W,,,,OFAP,0.0,,,,WFAC,53,0,KHOU,,25,UTC,NITE,,0,0,,,,,72,68,160,U,13,F,F,21,29.81999969482422,,,,FATL,,,,1,0,0,0,1,N,,,,,,2020-09-25 18:04:46,,IMC,,29.756666,-94.845001,avall.mdb,2026-04-14 02:17:37.493608
20080211X00168,SEA08LA069,ACC,2008-02-04 00:00:00,Mo,1830,UTC,Parowan,UT,USA,84761,2008,2,,,375135N,1124858W,,Parowan Airport,1L9,ONAP,0.0,,5930,,PILO,,0,,,0,,DAYL,OVCT,5000,0,NONE,,,10.0,25,19,0,U,,F,T,0,29.809999465942383,,,,NONE,,,,0,0,1,0,1,N,,,,,,2020-09-25 18:05:31,,VMC,,37.859722,-112.816108,avall.mdb,2026-04-14 02:17:37.493608
20080222X00227,DFW08FA062,ACC,2008-02-06 00:00:00,We,254,UTC,S. Padre Island,TX,USA,78597,2008,2,,,026820N,0971225W,MEAS,,,OFAP,0.0,,,,WFAC,253,280,KPIL,19,7,UTC,NDRK,SCAT,1000,1400,OVC,,,8.0,73,70,310,U,8,F,F,0,29.799999237060547,,,,FATL,,,,3,0,0,0,3,N,,,,,,2020-09-25 18:04:46,,VMC,,26.138889,-97.206947,avall.mdb,2026-04-14 02:17:37.493608
20080326X00389,ANC08CA034,ACC,2008-02-05 00:00:00,Tu,1650,UTC,McGrath,AK,USA,99627,2008,2,,,621736N,1532143W,,Tatitna Airstrip,8KA,ONAP,0.0,,,,,,0,,,0,,DAYL,,0,0,,,,,0,0,0,U,,F,F,0,0.0,,,,NONE,,,,0,0,1,0,1,N,,,,,,2020-09-25 18:04:46,,VMC,,62.293334,-153.361938,avall.mdb,2026-04-14 02:17:37.493608
20080305X00269,DFW08CA063,ACC,2008-01-28 00:00:00,Mo,2230,UTC,Picayune,MS,USA,39466,2008,1,,,302914N,0089394W,,Picayune Municipal Airport,MJD,ONAP,0.0,,55,,WFAC,2253,226,ASD,29,12,UTC,DAYL,CLER,0,0,NONE,,,10.0,54,45,210,U,3,F,T,0,30.260000228881836,,,,NONE,,,,0,0,1,0,1,N,,,,,,2020-09-25 18:06:16,,VMC,,30.487222,-89.651107,avall.mdb,2026-04-14 02:17:37.493608
20080211X00171,SEA08LA070,ACC,2008-02-02 00:00:00,Sa,1800,UTC,Maricopa,CA,USA,93222,2008,2,,,345721N,1192648W,,,,OFAP,0.0,,,,WIT,,0,,,0,,DAYL,,0,0,OVC,,,10.0,50,0,0,Y,,T,F,10,0.0,,,,FATL,,,,1,0,0,0,1,N,,,,,,2020-09-25 18:05:31,,VMC,,34.955833,-119.446662,avall.mdb,2026-04-14 02:17:37.493608
20080321X00361,NYC08CA094,ACC,2008-01-29 00:00:00,Tu,1830,UTC,Hollywood,FL,USA,33024,2008,1,,,002604N,0801426W,,North Perry,HWO,ONAP,0.0,,8,,WFAC,1753,0,HWO,8,0,UTC,DAYL,CLER,0,0,NONE,,,10.0,61,52,160,U,11,F,F,17,30.100000381469727,,,,MINR,,,,0,2,0,0,2,N,,,,,,2020-09-25 18:04:02,,VMC,,26.001111,-80.240554,avall.mdb,2026-04-14 02:17:37.493608
20080222X00230,CHI08CA062,ACC,2008-01-06 00:00:00,Su,2240,UTC,Valparaiso,IN,USA,46383,2008,1,,,412712N,0087026W,,Dummy,VPZ,ONAP,0.0,,,,WFAC,1653,0,VPZ,,0,,DAYL,CLER,0,1600,BKN,,,10.0,59,54,200,U,15,F,F,21,29.770000457763672,,,,MINR,,,,0,1,1,0,2,N,,,,,,2020-09-25 18:04:46,,VMC,,41.453334,-87.007225,avall.mdb,2026-04-14 02:17:37.493608
20080208X00158,OPS08IA006,INC,2008-02-07 00:00:00,Th,55,UTC,St. Augustine,FL,USA,32095,2008,2,,,295755N,0081213W,,St. Augustine,SGJ,,0.0,,10,,WFAC,55,60,KSGJ,10,0,UTC,NDRK,CLER,0,0,NONE,,,10.0,75,55,230,U,6,F,T,0,29.959999084472656,,,,NONE,,,,0,0,1,0,1,N,,,,,,2020-09-25 18:06:16,,VMC,,29.965278,-81.35083,avall.mdb,2026-04-14 02:17:37.493608
20080319X00330,MIA08LA053,ACC,2008-02-07 00:00:00,Th,2315,UTC,Chamblee,GA,USA,30341,2008,2,,,335219N,0084184W,,Dekalb-Peachtree Airport,KPDK,ONAP,0.0,,1003,,WFAC,2258,0,KPDK,1003,0,UTC,DAYL,CLER,0,0,NONE,,,10.0,54,36,240,U,6,F,T,0,29.889999389648438,,,,NONE,,,,0,0,2,0,2,N,,,,,,2025-05-29 12:58:57,dobn,VMC,,33.871944,-84.301109,avall.mdb,2026-04-14 02:17:37.493608
20080208X00159,LAX08LA050,ACC,2008-01-19 00:00:00,Sa,1700,UTC,Green Valley,AZ,USA,85629,2008,1,,,315626N,0111454W,MEAS,,,OFAP,0.0,,,,WFAC,2353,23,TUS,2643,13,UTC,DAYL,CLER,0,0,NONE,,,10.0,45,16,0,Y,,T,T,0,30.290000915527344,,,,FATL,,,,2,0,0,0,2,N,,,,,,2020-09-25 18:06:16,,VMC,,31.940555,-111.081665,avall.mdb,2026-04-14 02:17:37.493608
20080306X00275,DFW08CA064,ACC,2008-02-08 00:00:00,Fr,1530,UTC,Houston,TX,USA,77379,2008,2,,,030325N,0095336W,,,,,0.0,,,,,,0,,,0,,DAYL,,0,0,,,,,0,0,0,U,,F,F,0,0.0,,,,NONE,,,,0,0,2,0,2,,,,,,,2020-09-25 18:05:31,,VMC,,30.056943,-95.551666,avall.mdb,2026-04-14 02:17:37.493608
20080212X00177,SEA08LA072,ACC,2008-02-08 00:00:00,Fr,1818,UTC,Albany,OR,USA,97322,2008,2,,,444115N,0123040W,,,,OFAP,0.0,,,,WFAC,1803,350,SLE,214,15,UTC,DAYL,SCAT,2900,3500,BKN,,,10.0,43,39,180,U,14,F,F,19,30.290000915527344,,,,FATL,,,,3,0,0,0,3,N,,,,,,2020-09-25 18:06:16,,VMC,,44.6875,-123.011108,avall.mdb,2026-04-14 02:17:37.493608
20080213X00181,SEA08FA071,ACC,2008-02-08 00:00:00,Fr,35,UTC,Hilo,HI,USA,96720,2008,2,,,194241N,0155855W,MEAS,Hilo,PHTO,OFAP,0.0,,,,PILO,,0,,,0,,DAYL,SCAT,1500,2000,BKN,,,6.0,68,0,140,U,12,F,T,0,0.0,,,,MINR,,,,0,5,0,0,5,N,,,,,,2020-09-25 18:07:03,,VMC,,19.711389,-155.148605,avall.mdb,2026-04-14 02:17:37.493608
20080214X00195,CHI08CA072,ACC,2008-01-27 00:00:00,Su,2030,UTC,Boswell,IN,USA,47921,2008,1,,,403233N,0872515W,,,,,0.0,,,,,,0,,,0,,DAYL,,0,0,,,,,0,0,0,U,,F,F,0,0.0,,,,NONE,,,,0,0,1,0,1,N,,,,,,2020-09-25 18:05:31,,VMC,,40.542499,-87.420829,avall.mdb,2026-04-14 02:17:37.493608
20080321X00363,NYC08CA095,ACC,2008-02-08 00:00:00,Fr,1646,UTC,New Smyrna Bch.,FL,USA,32168,2008,2,,,029320N,0805656W,,New Smyrna Beach Municipal,EVB,ONAP,0.0,,10,,WFAC,1547,0,EVB,10,0,UTC,DAYL,SCAT,7000,0,NONE,,,10.0,63,45,360,U,10,F,T,0,30.110000610351562,,,,NONE,,,,0,0,1,0,1,,,,,,,2020-09-25 18:04:02,,VMC,,29.055555,-80.94889,avall.mdb,2026-04-14 02:17:37.493608
20080416X00494,MIA08CA054,ACC,2008-02-09 00:00:00,Sa,140,UTC,Tallahassee,FL,USA,32310,2008,2,,,302347N,0084210W,,,,OFAP,3.0,,,,WFAC,2053,0,KTHL,,0,,NITE,OVCT,7000,11000,OVC,,,10.0,57,46,220,U,5,F,F,0,29.920000076293945,,,,SERS,,,,0,0,0,1,1,,,,,,,2022-05-17 13:29:01,broda,VMC,,30.396389,-84.349998,avall.mdb,2026-04-14 02:17:37.493608
20080213X00184,DFW08LA065,ACC,2008-02-08 00:00:00,Fr,227,UTC,San Antonio,TX,USA,78216,2008,2,,,029321N,0098287W,,San Antonio International,SAT,OFAP,0.0,,,,WFAC,253,0,SAT,809,0,UTC,DAYL,CLER,0,0,NONE,,,10.0,54,39,320,U,5,F,T,0,30.040000915527344,,,,NONE,,,,0,0,2,0,2,N,,,,,,2020-09-25 18:04:02,,VMC,,29.533611,-98.468612,avall.mdb,2026-04-14 02:17:37.493608
20080213X00185,DFW08TA066,ACC,2008-02-08 00:00:00,Fr,1715,UTC,Valentine,TX,USA,79584,2008,2,,,030359N,1042926W,,,,OFAP,0.0,,,,WFAC,1715,160,MRF,,40,UTC,DAYL,CLER,0,0,NONE,,,10.0,54,48,0,U,,F,T,0,30.219999313354492,,,,MINR,,,,0,1,0,0,1,N,,,,,,2020-09-25 18:04:02,,VMC,,30.585832,-104.490554,avall.mdb,2026-04-14 02:17:37.493608
20080306X00276,DFW08CA067,ACC,2008-02-09 00:00:00,Sa,2350,UTC,Dallas,TX,USA,75093,2008,2,,,033148N,0964833W,MEAS,,,,0.0,,,,,,0,,,0,,DAYL,,0,0,,,,,0,0,0,U,,F,F,0,0.0,,,,NONE,,,,0,0,3,0,3,,,,,,,2020-09-25 18:05:31,,VMC,,33.03004,-96.80928,avall.mdb,2026-04-14 02:17:37.493608
20080322X00368,NYC08CA097,ACC,2008-02-09 00:00:00,Sa,1415,UTC,Boone,NC,USA,28607,2008,2,,,036121N,0813933W,MEAS,Boone Inc Airport,NC14,ONAP,0.0,,3120,,WFAC,1502,45,GEV,,18,UTC,DAYL,,0,5000,BKN,,,10.0,54,25,270,U,12,F,F,18,29.8799991607666,,,,MINR,,,,0,1,0,0,1,N,,,,,,2020-09-25 18:05:31,,VMC,,36.200336,-81.659286,avall.mdb,2026-04-14 02:17:37.493608
20080321X00362,NYC08CA098,ACC,2008-02-10 00:00:00,Su,1400,UTC,Pineland,FL,USA,33945,2008,2,,,263612N,0821311W,,Salty Approach Airport,FL90,ONAP,0.0,,,,WFAC,1453,90,FMY,17,19,UTC,DAYL,CLER,0,0,NONE,,,10.0,64,52,40,U,11,F,T,0,30.209999084472656,,,,NONE,,,,0,0,1,0,1,N,,,,,,2020-09-25 18:04:46,,VMC,,26.603332,-82.219718,avall.mdb,2026-04-14 02:17:37.493608
20080213X00186,DFW08LA068,ACC,2008-02-10 00:00:00,Su,1739,UTC,Spring,TX,USA,77379,2008,2,,,030257N,0095334W,,DAVID WAYNE HOOKS MEMORIAL,DWH,OFAP,1.0,,152,,WFAC,1753,0,DWH,152,0,UTC,DAYL,CLER,0,0,NONE,,,10.0,72,46,100,U,6,F,T,0,30.309999465942383,,,,SERS,,,,0,0,0,1,1,N,,,,,,2022-04-06 14:09:35,broda,VMC,,30.049165,-95.551109,avall.mdb,2026-04-14 02:17:37.493608
20080219X00210,SEA08LA073,ACC,2008-02-09 00:00:00,Sa,426,UTC,Piru,CA,USA,93040,2008,2,,,342546N,0118452W,MEAS,,,OFAP,0.0,,,,WFAC,455,36,CMA,77,13,UTC,NDRK,CLER,0,0,NONE,,,10.0,57,45,70,U,5,F,F,0,30.040000915527344,,,,MINR,,,,0,3,0,0,3,N,,,,,,2020-09-25 18:06:16,,VMC,,34.429435,-118.750518,avall.mdb,2026-04-14 02:17:37.493608
20080227X00239,DFW08CA069,ACC,2008-02-10 00:00:00,Su,15,UTC,Shallowater,TX,USA,79363,2008,2,,,334454N,0010241W,,Biggin Hill Airport,TA67,OFAP,0.0,,3330,,WFAC,1753,113,KLBB,3282,13,,DUSK,FEW,25000,0,NONE,,,10.0,63,7,80,U,5,F,T,0,30.149999618530273,,,,NONE,,,,0,0,1,0,1,N,,,,,,2020-09-25 18:05:31,,VMC,,33.748332,-102.066947,avall.mdb,2026-04-14 02:17:37.493608
20080312X00301,MIA08CA055,ACC,2008-02-08 00:00:00,Fr,2045,UTC,Warm Springs,GA,USA,30293,2008,2,,,325614N,0844146W,,Roosevelt Memorial Airport,5A9,ONAP,0.0,,880,,WFAC,2040,286,KLGC,693,19,UTC,DAYL,CLER,0,0,NONE,,,10.0,59,32,270,U,5,F,T,0,29.940000534057617,,,,MINR,,,,0,1,0,0,1,N,,,,,,2020-09-25 18:06:16,,VMC,,32.937221,-84.696113,avall.mdb,2026-04-14 02:17:37.493608
20080306X00278,SEA08CA074,ACC,2008-02-10 00:00:00,Su,2000,UTC,Red Lodge,MT,USA,59068,2008,2,,,451114N,0109162W,,RED LODGE,RED,ONAP,0.0,,,,PILO,,0,,,0,,DAYL,SCAT,8000,0,NONE,,,10.0,36,0,130,U,10,F,T,0,0.0,,,,NONE,,,,0,0,1,0,1,N,,,,,,2020-09-25 18:05:31,,VMC,,45.187221,-109.267219,avall.mdb,2026-04-14 02:17:37.493608
20080219X00209,LAX08FA058,ACC,2008-02-02 00:00:00,Sa,2140,UTC,Cabazon,CA,USA,92282,2008,2,,,003401N,1164644W,MEAS,,,OFAP,0.0,,,,WIT,2153,0,,,0,UTC,DAYL,,0,4000,OVC,,,10.0,61,36,320,U,8,F,T,0,29.979999542236328,,,,FATL,,,,4,0,0,0,4,N,,,,,,2020-09-25 18:05:31,,IMC,,34.000278,-116.778892,avall.mdb,2026-04-14 02:17:37.493608
20080228X00244,DFW08CA070,ACC,2008-02-03 00:00:00,Su,2130,UTC,Jenks,OK,USA,74132,2008,2,N,Y,036222N,0095594W,,RICHARD LLOYD JONES JR,RVS,ONAP,0.0,,638,,WFAC,2053,0,RVS,638,0,UTC,DAYL,CLER,0,0,NONE,,,10.0,73,39,250,U,8,F,T,0,29.709999084472656,,,,NONE,,,,0,0,1,0,1,N,,,,,,2020-09-25 18:05:31,,VMC,,36.039443,-95.984443,avall.mdb,2026-04-14 02:17:37.493608
20080214X00192,CHI08WA077,ACC,2008-02-13 00:00:00,We,1540,UTC,Empingham,,UK,,2008,2,,,,,,,,,0.0,,,,,,0,,,0,,,,0,0,,,,,0,0,0,U,,F,F,0,0.0,,,,FATL,,,,1,0,0,0,1,O,,,,,,2020-09-25 18:07:50,,,,,,avall.mdb,2026-04-14 02:17:37.493608
20080506X00615,ENG08WA013,INC,2008-02-10 00:00:00,Su,501,UTC,Cusco,,PE,,2008,2,,,,,,,,,0.0,,,,,,0,,,0,,,,0,0,,,,,0,0,0,U,,F,F,0,0.0,,,,NONE,,,,0,0,55,0,55,O,,,,,,2020-09-25 18:07:50,,,,,,avall.mdb,2026-04-14 02:17:37.493608
20080306X00279,SEA08CA076,ACC,2008-02-13 00:00:00,We,2230,UTC,Livermore,CA,USA,94551,2008,2,,,374136N,1214913W,,Livermore Municipal Airport,LVK,ONAP,0.0,,400,,PILO,,0,,,0,,DAYL,CLER,0,0,NONE,,,10.0,61,0,330,U,13,F,F,18,0.0,,,,NONE,,,,0,0,2,0,2,N,,,,,,2020-09-25 18:07:03,,VMC,,37.693332,-121.820274,avall.mdb,2026-04-14 02:17:37.493608
20080310X00292,NYC08LA099,ACC,2008-02-13 00:00:00,We,155,UTC,Leesburg,VA,USA,20175,2008,2,,,039440N,0773327W,,Leesburg Executive Airport,JYO,ONAP,0.0,,389,,WFAC,200,0,JYO,389,0,UTC,NITE,,0,1100,OVC,,,5.0,28,27,0,U,,F,T,0,30.049999237060547,,,,NONE,,,,0,0,2,0,2,N,,,,,,2020-09-25 18:07:03,,VMC,,39.077777,-77.557502,avall.mdb,2026-04-14 02:17:37.493608
20080220X00211,SEA08CA077,ACC,2008-02-08 00:00:00,Fr,345,UTC,Mesa,AZ,USA,85212,2008,2,,,331828N,1113919W,,,,OFAP,0.0,,,,WFAC,336,0,KIWA,1382,0,UTC,NITE,CLER,0,0,NONE,,,10.0,52,43,0,U,,F,T,0,30.1200008392334,,,,NONE,,,,0,0,2,0,2,N,,,,,,2020-09-25 18:06:16,,VMC,,33.307777,-111.655281,avall.mdb,2026-04-14 02:17:37.493608
20080306X00277,DFW08CA071,INC,2008-02-06 00:00:00,We,1645,UTC,Austin,TX,USA,78719,2008,2,,,301124N,0097407W,,Austin Bergstrom International,AUS,ONAP,0.0,,,,,,0,,,0,,DAYL,,0,0,,,,,0,0,0,U,,F,F,0,0.0,,,,NONE,,,,0,0,1,0,1,,,,,,,2020-09-25 18:05:31,,VMC,,30.19,-97.668609,avall.mdb,2026-04-14 02:17:37.493608
20080305X00266,MIA08CA056,ACC,2008-02-15 00:00:00,Fr,1620,UTC,Orlando,FL,USA,32827,2008,2,,,282617N,0811853W,,Orlando International Airport,KMCO,ONAP,0.0,,,,,,0,,,0,,DAYL,FEW,3000,4200,BKN,,,10.0,75,68,0,Y,4,T,T,0,30.309999465942383,,,,NONE,,,,0,0,1,0,1,,,,,,,2020-09-25 18:04:02,,VMC,,28.438055,-81.31472,avall.mdb,2026-04-14 02:17:37.493608
20080229X00249,MIA08WA063,ACC,2008-01-17 00:00:00,Th,1545,UTC,Valencia,,EC,,2008,1,,,005536N,0792036W,,,,,0.0,,,,WFAC,1700,0,SEGU,,0,,,FEW,10000,0,NONE,,,10.0,79,70,220,U,5,F,F,0,30.1200008392334,,,,NONE,,,,0,0,1,0,1,O,,,,,,2020-09-25 18:07:50,,VMC,,-0.926666,-79.34333,avall.mdb,2026-04-14 02:17:37.493608
20080326X00388,NYC08CA101,ACC,2008-02-15 00:00:00,Fr,1800,UTC,Greenville,ME,USA,4441,2008,2,,,452746N,0069335W,,Greenville,3B1,ONAP,0.0,,1401,,WFAC,1756,0,GNR,1401,0,UTC,DAYL,CLER,0,0,NONE,,,10.0,28,25,0,Y,,T,T,0,29.639999389648438,,,,NONE,,,,0,0,1,0,1,N,,,,,,2020-09-25 18:05:31,,VMC,,45.462776,-69.551391,avall.mdb,2026-04-14 02:17:37.493608
20080220X00220,CHI08LA070,ACC,2008-01-23 00:00:00,We,1615,UTC,Cahokia,IL,USA,62206,2008,1,,,383414N,0090922W,,St. Louis/Downtown,CPS,ONAP,0.0,,413,,WFAC,1553,0,CPS,413,0,UTC,DAYL,CLER,0,0,NONE,,,10.0,19,10,220,U,6,F,T,0,30.219999313354492,,,,NONE,,,,0,0,1,0,1,N,,,,,,2020-09-25 18:06:16,,VMC,,38.570556,-90.156112,avall.mdb,2026-04-14 02:17:37.493608
20080318X00325,MIA08CA057,ACC,2008-03-03 00:00:00,Mo,1800,UTC,Centre,AL,USA,35960,2008,3,,,034932N,0085384W,,CENTRE MUNI,C22,ONAP,0.0,,619,,WFAC,1640,247,KGAD,569,25,UTC,DAYL,CLER,0,0,NONE,,,10.0,54,43,0,Y,,T,T,0,30.229999542236328,,,,NONE,,,,0,0,1,0,1,N,,,,,,2020-09-25 18:04:02,,VMC,,34.158889,-85.634445,avall.mdb,2026-04-14 02:17:37.493608
20080415X00487,MIA08CA064,ACC,2008-02-16 00:00:00,Sa,2149,UTC,Tullahoma,TN,USA,37360,2008,2,,,352229N,0861428W,,Tullahoma Regional Airport,THA,ONAP,0.0,,1082,,WFAC,2140,330,MDQ,756,20,UTC,DAYL,SCAT,10000,0,NONE,,,10.0,63,50,120,U,5,F,T,0,30.049999237060547,,,,NONE,,,,0,0,1,0,1,N,,,,,,2020-09-25 18:04:02,,VMC,,35.374721,-86.241111,avall.mdb,2026-04-14 02:17:37.493608
20080222X00228,SEA08FA078,ACC,2008-02-16 00:00:00,Sa,1628,UTC,Portland,OR,USA,97218,2008,2,,,045352N,0122375W,EST,Portland International,PDX,ONAP,0.0,,30,,WFAC,1553,10,PDX,30,1,UTC,DAYL,,100,100,BKN,600.0,,0.25,34,34,240,U,3,F,T,0,30.350000381469727,,,,FATL,,,,1,0,0,0,1,N,,,,,,2020-09-25 18:06:16,,IMC,,45.583889,-122.618057,avall.mdb,2026-04-14 02:17:37.493608
20080322X00367,NYC08CA102,ACC,2008-01-31 00:00:00,Th,2015,UTC,Meridian,MS,USA,39301,2008,1,,,322248N,0884220W,,,,OFAP,0.0,,,,PILO,,0,,,0,,DAYL,,0,0,,,,,0,0,0,U,,F,F,0,0.0,,,,NONE,,,,0,0,4,0,4,N,,,,,,2020-09-25 18:05:31,,IMC,,32.380001,-88.705558,avall.mdb,2026-04-14 02:17:37.493608
20080322X00365,NYC08CA103,ACC,2008-02-14 00:00:00,Th,1945,UTC,Gainesville,FL,USA,32609,2008,2,,,294140N,0821630W,,Gainesville Regional Airport,GNV,ONAP,0.0,,,,WFAC,1453,0,GNV,152,0,,DAYL,CLER,0,0,NONE,,,10.0,59,28,130,U,3,F,T,0,30.209999084472656,,,,NONE,,,,0,0,1,0,1,N,,,,,,2020-09-25 18:04:46,,VMC,,29.694444,-82.275001,avall.mdb,2026-04-14 02:17:37.493608
20080312X00304,MIA08CA061,ACC,2008-02-16 00:00:00,Sa,1830,UTC,Fort Pierce,FL,USA,34987,2008,2,,,271640N,0080359W,,Evans Properties Inc Airport,FL67,ONAP,0.0,,24,,WFAC,1840,272,KOBE,34,14,UTC,DAYL,SCAT,5000,0,NONE,,,10.0,82,59,150,U,5,F,T,0,30.06999969482422,,,,MINR,,,,0,2,0,0,2,N,,,,,,2020-09-25 18:04:02,,VMC,,27.277778,-80.58583,avall.mdb,2026-04-14 02:17:37.493608
20080225X00234,SEA08CA075,ACC,2008-02-09 00:00:00,Sa,2100,UTC,Logan,UT,USA,84321,2008,2,,,414728N,0111515W,,Logan-Cache Airport,KLGU,ONAP,0.0,,4457,,WFAC,2051,0,KLGA,4457,0,UTC,DAYL,FEW,1700,5500,BKN,,,10.0,43,34,150,U,5,F,T,0,29.920000076293945,,,,NONE,,,,0,0,2,0,2,N,,,,,,2020-09-25 18:06:16,,VMC,,41.79111,-111.851387,avall.mdb,2026-04-14 02:17:37.493608
20080221X00222,LAX08LA059,ACC,2008-02-16 00:00:00,Sa,2050,UTC,Stanwood,WA,USA,98292,2008,2,,,481342N,1222156W,,Arlington Municipal,KAWO,OFAP,11.0,,142,,WFAC,2035,120,KAWO,138,10,UTC,DAYL,SCAT,3600,4300,OVC,,,10.0,46,36,0,U,,F,T,0,30.360000610351562,,,,FATL,,,,2,0,0,0,2,N,,,,,,2020-09-25 18:06:16,,VMC,,48.228332,-122.365554,avall.mdb,2026-04-14 02:17:37.493608
20080516X00689,LAX08LA060,ACC,2008-02-14 00:00:00,Th,2245,UTC,Mokuleia,HI,USA,96791,2008,2,,,213446N,1581150W,,Dillingham Airfield,PHDH,ONAP,0.0,,,,WFAC,2155,210,PHHI,837,12,UTC,DAYL,CLER,0,3000,OVC,,,10.0,73,64,190,U,5,F,T,0,30.040000915527344,,,,NONE,,,,0,0,1,0,1,N,,,,,,2020-09-25 18:06:16,,VMC,,21.579444,-158.197219,avall.mdb,2026-04-14 02:17:37.493608
20080313X00311,LAX08CA061,ACC,2008-02-17 00:00:00,Su,2030,UTC,El Cajon,CA,USA,92020,2008,2,,,324934N,1165821W,,Gillespie Field,KSEE,ONAP,0.0,,,,WFAC,1856,0,KSEE,388,0,UTC,DAYL,CLER,0,0,NONE,,,12.0,57,43,0,U,,F,T,0,30.1299991607666,,,,NONE,,,,0,0,2,0,2,N,,,,,,2020-09-25 18:05:31,,VMC,,32.82611,-116.972503,avall.mdb,2026-04-14 02:17:37.493608
20080313X00312,LAX08CA062,ACC,2008-02-17 00:00:00,Su,2100,UTC,Kalispell,MT,USA,59901,2008,2,,,481122N,1142248W,MEAS,Kalispell City Airport,KS27,ONAP,0.0,,2932,,WFAC,2055,0,KGPI,2932,0,UTC,DAYL,CLER,0,0,NONE,,,10.0,43,34,0,U,,F,T,0,30.200000762939453,,,,NONE,,,,0,0,2,0,2,N,,,,,,2020-09-25 18:06:16,,VMC,,48.189331,-114.379898,avall.mdb,2026-04-14 02:17:37.493608
20080221X00223,LAX08LA063,ACC,2008-02-18 00:00:00,Mo,38,UTC,Nevada City,CA,USA,95959,2008,2,,,391644N,1205859W,EST,Nevada City Air Park,KGOO,OFAP,1.0,,3152,,WFAC,1652,90,KBLU,,15,,DAYL,CLER,0,0,NONE,,,10.0,48,34,0,U,,F,T,0,30.110000610351562,,,,FATL,,,,1,0,0,0,1,N,,,,,,2020-09-25 18:05:31,,VMC,,39.278888,-120.983055,avall.mdb,2026-04-14 02:17:37.493608
20080319X00338,NYC08WA104,ACC,2008-02-18 00:00:00,Mo,1815,,Caico Seco,,VE,,2008,2,,,085922N,0644845W,,,,,0.0,,,,,,0,,,0,,DAYL,,0,0,,,,,0,0,0,U,,F,F,0,0.0,,,,FATL,,,,3,0,0,0,3,O,,,,,,2020-09-25 18:07:50,,VMC,,8.989444,-64.8125,avall.mdb,2026-04-14 02:17:37.493608
20080228X00246,SEA08LA079,ACC,2008-02-10 00:00:00,Su,145,UTC,Carefree,AZ,USA,85377,2008,2,,,033495N,1115352W,,Sky Ranch Airport at Carefree,18AZ,ONAP,0.0,,2568,,WFAC,53,230,DVT,1478,12,UTC,NITE,CLER,0,0,NONE,,,10.0,59,41,0,U,,F,T,0,30.049999237060547,,,,NONE,,,,0,0,1,0,1,N,,,,,,2020-09-25 18:06:16,,VMC,,33.818054,-111.897781,avall.mdb,2026-04-14 02:17:37.493608
20080318X00329,DFW08CA072,ACC,2008-01-16 00:00:00,We,1700,UTC,Hereford,TX,USA,79405,2008,1,,,345128N,1021938W,,ford Municipal Airport,KHRX,OFAP,0.0,,3785,,WFAC,1645,0,HRX,3785,0,UTC,DAYL,OVCT,2100,2100,OVC,,,10.0,32,19,10,U,21,F,F,31,29.950000762939453,,,,NONE,0,0,0,0,0,2,0,2,N,,,,,,2020-09-25 18:06:16,,VMC,,34.857776,-102.327224,avall.mdb,2026-04-14 02:17:37.493608
20080222X00229,SEA08IA080,INC,2008-02-13 00:00:00,We,1945,UTC,Hilo,HI,USA,96720,2008,2,,,193720N,1545150W,EST,Hilo International Airport,PHTO,OFAP,26.0,,13,,WFAC,1953,0,HTO,38,0,UTC,DAYL,CLER,0,0,NONE,,,10.0,72,61,230,U,3,F,T,0,30.1200008392334,,,,NONE,,,,0,0,43,0,43,N,,,,,,2024-07-11 14:02:36,andj,VMC,,19.622222,-154.863891,avall.mdb,2026-04-14 02:17:37.493608
20080220X00214,DEN08LA055,ACC,2008-02-03 00:00:00,Su,1359,UTC,Denver,CO,USA,80249,2008,2,,,395142N,1044023W,,,,OFAP,0.0,,,,WFAC,1353,135,DEN,431,35,UTC,DAYL,FEW,10000,0,NONE,,,10.0,18,7,180,U,12,F,T,0,29.639999389648438,,,,SERS,,,,0,1,20,1,22,N,,,,,,2020-09-25 18:06:16,,VMC,,39.861667,-104.673057,avall.mdb,2026-04-14 02:17:37.493608
20080304X00255,DEN08CA056,ACC,2008-02-09 00:00:00,Sa,1735,UTC,Alamogordo,NM,USA,88310,2008,2,,,325014N,1055916W,,Alamogordo-White Sands Regiona,ALM,ONAP,0.0,,,,,,0,,,0,,DAYL,,0,0,,,,,0,0,0,U,,F,F,0,0.0,,,,NONE,,,,0,0,2,0,2,N,,,,,,2020-09-25 18:06:16,,VMC,,32.837223,-105.987777,avall.mdb,2026-04-14 02:17:37.493608
20080220X00221,DEN08LA057,ACC,2008-02-12 00:00:00,Tu,2205,UTC,Englewood,CO,USA,80112,2008,2,,,393412N,1045057W,,Centennial Airport,APA,ONAP,0.0,,5885,,WFAC,2153,0,APA,5885,0,UTC,DAYL,FEW,7000,0,NONE,,,10.0,43,19,30,U,9,F,F,0,30.030000686645508,,,,NONE,,,,0,0,2,0,2,,,,,,,2025-05-29 12:54:40,dobn,VMC,,39.569999,-104.849166,avall.mdb,2026-04-14 02:17:37.493608
20080220X00215,DEN08FA058,ACC,2008-02-13 00:00:00,We,1855,UTC,Sterling,KS,USA,67579,2008,2,,,038858N,0981913W,,NA,,ONAP,0.0,,,,WFAC,1852,100,HUT,1543,26,UTC,DAYL,CLER,0,0,NONE,,,10.0,54,28,200,U,14,F,T,0,29.8700008392334,,,,FATL,,,,1,0,0,0,1,N,,,,,,2020-09-25 18:05:31,grol,VMC,,38.149444,-98.320274,avall.mdb,2026-04-14 02:17:37.493608
20080220X00216,DEN08FA059,ACC,2008-02-17 00:00:00,Su,45,UTC,Benton,KS,USA,67017,2008,2,,,374715N,0097732W,,Lloyd Stearman Field Airport,1K1,OFAP,1.0,,1364,,WFAC,2254,270,AAO,1421,5,UTC,NITE,OVCT,300,300,OVC,,,6.0,34,32,20,U,10,F,T,0,29.6299991607666,,,,FATL,,,,2,0,0,0,2,N,,,,,,2020-09-25 18:06:16,,IMC,,37.787498,-97.125556,avall.mdb,2026-04-14 02:17:37.493608
20080222X00231,CHI08CA081,ACC,2008-02-13 00:00:00,We,215,UTC,Cahokia,IL,USA,62206,2008,2,,,383414N,0090922W,,,,,0.0,,,,,,0,CPS,413,0,,NITE,,0,0,,,,,0,0,0,U,,F,F,0,0.0,,,,NONE,,,,0,0,2,0,2,N,,,,,,2020-09-25 18:04:46,,VMC,,38.570556,-90.156112,avall.mdb,2026-04-14 02:17:37.493608
20080313X00310,SEA08CA081,ACC,2008-02-16 00:00:00,Sa,30,UTC,Duncan Mills,CA,USA,95430,2008,2,,,382726N,0012336W,,,,OFAP,0.0,,,,PILO,,0,,,0,,DAYL,SCAT,25000,0,NONE,,,5.0,55,0,0,U,,F,T,0,0.0,,,,MINR,,,,0,1,1,0,2,,,,,,,2025-05-29 12:50:28,dobn,VMC,,38.457221,-123.051666,avall.mdb,2026-04-14 02:17:37.493608
20080326X00387,NYC08CA105,ACC,2008-02-19 00:00:00,Tu,1550,UTC,Atlanta,GA,USA,30341,2008,2,,,335232N,0084187W,,Dekalb-Peachtree,PDK,ONAP,0.0,,1003,,WFAC,1553,0,PDK,1003,0,UTC,DAYL,CLER,0,0,NONE,,,10.0,48,27,230,U,12,F,T,0,30.18000030517578,,,,NONE,,,,0,0,2,0,2,N,,,,,,2020-09-25 18:05:31,,VMC,,33.875556,-84.30194,avall.mdb,2026-04-14 02:17:37.493608
20080304X00260,MIA08CA065,ACC,2008-02-15 00:00:00,Fr,1457,UTC,Covington,KY,USA,41018,2008,2,,,039234N,0844024W,,,,OFAP,0.0,,,,WFAC,1452,0,CVG,896,0,UTC,DAYL,CLER,0,1900,BKN,,,8.0,37,34,300,U,9,F,T,0,30.219999313354492,,,,SERS,,,,0,0,52,1,53,N,,,,,,2020-09-25 18:04:02,,VMC,,39.042778,-84.673332,avall.mdb,2026-04-14 02:17:37.493608
20080321X00364,NYC08LA106,ACC,2008-02-20 00:00:00,We,1619,UTC,Pahokee,FL,USA,33476,2008,2,,,264837N,0803936W,MEAS,,,OFAP,0.0,,,,WFAC,1553,90,PBI,19,28,UTC,DAYL,FEW,3600,0,NONE,,,10.0,73,55,80,U,12,F,T,0,30.209999084472656,,,,NONE,,,,0,0,1,0,1,N,,,,,,2020-09-25 18:07:03,,VMC,,26.810214,-80.659889,avall.mdb,2026-04-14 02:17:37.493608
20080228X00243,DFW08IA073,INC,2008-02-18 00:00:00,Mo,2030,UTC,Austin,TX,USA,78719,2008,2,,,301124N,0097407W,,Austin Bergstrom International,AUS,OFAP,5.0,,542,,WFAC,2053,160,AUS,542,5,UTC,DAYL,,0,6500,BKN,,,10.0,61,28,20,U,9,F,T,0,30.139999389648438,,,,NONE,,,,0,0,148,0,148,N,,,,,,2020-09-25 18:04:02,,VMC,,30.19,-97.668609,avall.mdb,2026-04-14 02:17:37.493608
20080326X00386,ANC08CA036,ACC,2008-02-07 00:00:00,Th,1415,UTC,Chefornak,AK,USA,99561,2008,2,,,060857N,0164178W,,Chefornak,PACK,ONAP,0.0,,,,PILO,,0,,,0,,DAYL,CLER,0,0,NONE,,,20.0,-9,0,20,U,10,F,F,15,0.0,,,,NONE,,,,0,0,1,0,1,N,,,,,,2020-09-25 18:04:46,,VMC,,60.149166,-164.285552,avall.mdb,2026-04-14 02:17:37.493608
20080319X00337,NYC08LA107,ACC,2008-02-21 00:00:00,Th,1648,UTC,Princeton,NJ,USA,8540,2008,2,,,402357N,0743932W,,Princeton Airport,39N,OFAP,1.0,,128,,WFAC,1653,230,TTN,213,10,UTC,DAYL,CLER,0,0,NONE,,,10.0,28,5,310,U,6,F,T,0,30.399999618530273,,,,SERS,,,,0,0,1,1,2,N,,,,,,2020-09-25 18:07:03,,VMC,,40.399166,-74.658889,avall.mdb,2026-04-14 02:17:37.493608
20080304X00256,DEN08WA060,ACC,2008-02-20 00:00:00,We,1852,UTC,Auxerre,,FR,0,2008,2,,,495810N,0024136E,,,,,0.0,,,,WFAC,1800,0,LFAQ,,0,,,UNK,0,0,,,,,45,41,135,U,9,F,F,0,30.1200008392334,,,,FATL,,,,1,0,0,1,2,O,,,,,,2020-09-25 18:07:50,,VMC,,49.969444,2.693333,avall.mdb,2026-04-14 02:17:37.493608
20080222X00225,DCA08WA039,INC,2008-02-13 00:00:00,We,1358,UTC,Helsinki,,FI,,2008,2,,,,,,,,,0.0,,,,,,0,,,0,,,,0,0,,,,,0,0,0,U,,F,F,0,0.0,,,,NONE,,,,0,0,39,0,39,O,,,,,,2020-09-25 18:07:50,,,,,,avall.mdb,2026-04-14 02:17:37.493608
20080221X00224,CHI08IA085,INC,2008-02-19 00:00:00,Tu,230,UTC,Moline,IL,USA,61264,2008,2,,,412732N,0903043W,,QUAD-CITY,MLI,OFAP,30.0,,590,,WFAC,152,90,MLI,590,30,UTC,NITE,FEW,1900,0,NONE,,,10.0,7,-2,270,U,10,F,F,21,30.010000228881836,,,,NONE,,,,0,0,1,0,1,N,,,,,,2020-09-25 18:07:03,,VMC,,41.458889,-90.511947,avall.mdb,2026-04-14 02:17:37.493608
20081124X34243,DCA08CA041,ACC,2008-02-17 00:00:00,Su,1519,UTC,Washington,DC,USA,20591,2008,2,N,Y,385130N,0077230W,EST,Washington Reagan,KDCA,ONAP,0.0,,13,,WFAC,1452,0,KDCA,14,0,UTC,DAYL,CLER,0,6500,BKN,,,10.0,39,30,0,Y,,T,T,0,30.25,,,,NONE,,,,0,0,132,0,132,N,,,,,,2020-11-03 20:27:58,,VMC,,38.858333,-77.041664,avall.mdb,2026-04-14 02:17:37.493608
20081219X65255,ENG08WA014,INC,2008-02-03 00:00:00,Su,1530,,Nurnberg,,GE,,2008,2,,,,,,"Nurnberg, Germany",EDDN,ONAP,0.0,,,,,,0,,,0,,,,0,0,,,,,0,0,0,U,,F,F,0,0.0,,,,,,,,0,0,0,0,,O,,,,,,2020-11-03 20:28:00,,,,,,avall.mdb,2026-04-14 02:17:37.493608
20080411X00460,NYC08CA108,ACC,2008-02-19 00:00:00,Tu,2200,UTC,Winder,GA,USA,30680,2008,2,,,335924N,0834313W,MEAS,Winder-Barrow Airport,WDR,ONAP,0.0,,,,WFAC,2201,0,KWDR,934,0,UTC,DUSK,CLER,0,0,NONE,,,10.0,54,27,290,U,14,F,F,24,30.1299991607666,,,,NONE,,,,0,0,1,0,1,N,,,,,,2020-09-25 18:04:46,,VMC,,33.989883,-83.720336,avall.mdb,2026-04-14 02:17:37.493608
20080222X00232,CHI08LA080,ACC,2008-02-08 00:00:00,Fr,1909,UTC,Grand Meadow,MN,USA,55936,2008,2,,,434011N,0923618W,EST,,,OFAP,0.0,,,,WFAC,1916,270,KAUM,1234,14,UTC,DAYL,,0,400,OVC,,,1.5,27,25,140,U,6,F,T,0,29.6200008392334,,,,FATL,,,,1,0,0,0,1,N,,,,,,2020-09-25 18:06:16,,IMC,,43.669723,-92.605003,avall.mdb,2026-04-14 02:17:37.493608
20080319X00336,NYC08FA109,ACC,2008-02-22 00:00:00,Fr,105,UTC,Cumberland,MD,USA,26767,2008,2,,,393833N,0784154W,EST,Greater Cumberland Regional,CBE,OFAP,3.0,,775,,WFAC,106,245,CBE,775,3,UTC,NITE,,0,600,OVC,,,1.25,21,19,150,U,6,F,T,0,30.299999237060547,,,,FATL,,,,2,0,0,0,2,N,,,,,,2020-09-25 18:04:02,,IMC,,39.642501,-78.698333,avall.mdb,2026-04-14 02:17:37.493608
20080330X00399,NYC08CA110,ACC,2008-02-19 00:00:00,Tu,1635,UTC,Perry,GA,USA,31069,2008,2,,,323036N,0083462W,,Perry-Houston County Airport,PXE,ONAP,0.0,,,,WFAC,2055,45,WRB,294,11,UTC,DAYL,CLER,0,0,NONE,,,10.0,54,27,250,U,8,F,F,16,30.270000457763672,,,,NONE,,,,0,0,1,0,1,N,,,,,,2020-09-25 18:05:31,,VMC,,32.509998,-83.767219,avall.mdb,2026-04-14 02:17:37.493608
20080228X00245,SEA08LA082,ACC,2008-02-22 00:00:00,Fr,1445,UTC,Kayenta,AZ,USA,86033,2008,2,,,362818N,0110254W,,Peabody Bedard Field,38AZ,ONAP,0.0,,6564,,WFAC,1445,0,38AZ,6564,0,UTC,DAYL,,0,100,BKN,,,0.5,32,32,180,U,9,F,T,0,29.969999313354492,,,,SERS,,,,0,3,15,2,20,N,,,,,,2020-09-25 18:05:31,,IMC,,36.471668,-110.417778,avall.mdb,2026-04-14 02:17:37.493608
20080229X00247,LAX08LA064,ACC,2008-02-23 00:00:00,Sa,2240,UTC,Willcox,AZ,USA,85643,2008,2,,,321443N,1095340W,MEAS,Cochise County Airport,P33,OFAP,0.0,,4186,,WFAC,2240,360,KSAD,3177,39,UTC,DAYL,CLER,0,0,NONE,,,10.0,0,0,330,U,13,F,F,20,30.040000915527344,,,,MINR,,,,0,1,1,0,2,N,,,,,,2020-09-25 18:07:03,,VMC,,32.245277,-109.894447,avall.mdb,2026-04-14 02:17:37.493608
20080305X00267,LAX08IA065,INC,2008-02-24 00:00:00,Su,2140,UTC,Las Vegas,NV,USA,89119,2008,2,,,036448N,0011598W,MEAS,McCarran International Airport,LAS,OFAP,0.0,,2181,,WFAC,2156,0,LAS,2181,0,UTC,DAYL,SCAT,4800,5500,BKN,,,10.0,59,39,190,U,14,F,F,23,29.920000076293945,,,,MINR,,,,0,6,136,0,142,N,,,,,,2020-09-25 18:05:31,,VMC,,36.080001,-115.152221,avall.mdb,2026-04-14 02:17:37.493608
20080310X00290,CHI08CA073,ACC,2008-02-03 00:00:00,Su,1845,UTC,Stockbridge,WI,USA,53088,2008,2,,,044148N,0881124W,,,,OFAP,0.0,,,,WFAC,1853,240,OSH,808,12,UTC,DAYL,,0,1700,OVC,,,5.0,28,21,180,U,,F,F,0,30.139999389648438,,,,SERS,,,,0,0,0,1,1,N,,,,,,2020-09-25 18:04:02,,VMC,,44.029998,-88.190002,avall.mdb,2026-04-14 02:17:37.493608
20080408X00440,NYC08LA112,ACC,2008-02-26 00:00:00,Tu,2145,UTC,Athens,GA,USA,30601,2008,2,,,335935N,0083110W,,,,OFAP,0.0,,,,WFAC,1958,60,AHN,808,6,UTC,DAYL,CLER,0,2800,BKN,,,10.0,43,37,280,U,17,F,F,28,29.790000915527344,,,,NONE,,,,0,0,2,0,2,N,,,,,,2020-09-25 18:07:03,,VMC,,33.993057,-83.183334,avall.mdb,2026-04-14 02:17:37.493608
20080403X00424,SEA08LA083,ACC,2008-02-26 00:00:00,Tu,2100,UTC,Moab,UT,USA,84532,2008,2,,,384518N,1094517W,,Canyonlands Airport,KCNY,ONAP,0.0,,4550,,PILO,,0,,,0,,DAYL,CLER,0,0,NONE,,,10.0,50,0,320,U,4,F,T,0,0.0,,,,NONE,,,,0,0,1,0,1,N,,,,,,2020-09-25 18:05:31,,VMC,,38.755001,-109.754722,avall.mdb,2026-04-14 02:17:37.493608
20080304X00254,ENG08RA015,INC,2008-01-24 00:00:00,Th,1745,,Kingston,,JM,,2008,1,,,,,,,,,0.0,,,,,,0,,,0,,,,0,0,,,,,0,0,0,U,,F,F,0,0.0,,,,,,,,0,0,0,0,,O,,,,,,2020-09-25 18:07:50,,,,,,avall.mdb,2026-04-14 02:17:37.493608
20080227X00237,CHI08FAMS1,ACC,2008-02-11 00:00:00,Mo,1611,UTC,Keflavík,OF,IC,,2008,2,,,634616N,0243352W,MEAS,REYKJAVIK AD ARPT (NOF),BIRK,OFAP,0.0,,48,,,,0,,,0,,DAYL,,0,0,,,,,0,0,0,U,,F,F,0,0.0,,,,FATL,,,,1,0,0,0,1,N,,,,,,2023-07-26 18:00:03,gibs-i,,,63.77111,-24.564443,avall.mdb,2026-04-14 02:17:37.493608
20080227X00238,CHI08FAMS2,ACC,2008-02-21 00:00:00,Th,1139,UTC,Vik,,IC,,2008,2,,,632458N,0001908W,,,,OFAP,0.0,,,,,,0,,,0,,DAYL,,0,0,,,,,0,0,0,U,,F,F,0,0.0,,,,FATL,,,,1,0,0,0,1,N,,,,,,2023-08-03 13:30:58,gibs-i,,,63.416042,-19.00228,avall.mdb,2026-04-14 02:17:37.493608
20080304X00257,MIA08LA066,ACC,2008-02-27 00:00:00,We,641,UTC,Tampa,FL,USA,33614,2008,2,,,275832N,0823159W,MEAS,Tampa International Airport,TPA,ONAP,0.0,,26,,WFAC,653,0,TPA,26,0,UTC,NITE,SCAT,3500,10000,BKN,,,10.0,64,57,330,U,10,F,T,0,30.0,,,,NONE,,,,0,0,1,0,1,N,,,,,,2020-09-25 18:04:02,,VMC,,27.975555,-82.533058,avall.mdb,2026-04-14 02:17:37.493608
20080306X00280,ANC08LA035,ACC,2008-02-21 00:00:00,Th,2350,UTC,Aniak,AK,USA,99557,2008,2,,,613454N,1593235W,,Aniak,PANI,ONAP,0.0,,88,,WFAC,2356,0,PANI,88,0,UTC,NITE,,0,1200,OVC,,,9.0,9,3,270,U,5,F,T,0,29.389999389648438,,,,NONE,,,,0,0,5,0,5,N,,,,,,2020-09-25 18:04:46,,VMC,,61.581665,-159.54306,avall.mdb,2026-04-14 02:17:37.493608
20080318X00324,MIA08CA067,ACC,2008-02-25 00:00:00,Mo,1850,UTC,Venice,FL,USA,34223,2008,2,,,027410N,0822615W,,VENICE MUNI,VNC,ONAP,0.0,,18,,WFAC,1753,360,SRQ,30,25,UTC,DAYL,CLER,0,0,NONE,,,10.0,75,64,270,U,7,F,T,0,30.030000686645508,,,,MINR,,,,0,1,0,0,1,N,,,,,,2020-09-25 18:04:02,,VMC,,27.069444,-82.4375,avall.mdb,2026-04-14 02:17:37.493608
20080229X00253,LAX08LA066,ACC,2008-02-26 00:00:00,Tu,2115,UTC,Murrieta/Temecu,CA,USA,92635,2008,2,,,036658N,1194052W,MEAS,French Valley Airport,F70,OFAP,1.0,,1350,,WFAC,2053,315,CNO,650,35,UTC,DAYL,FEW,20000,0,NONE,,,10.0,77,36,100,U,14,F,F,21,30.1299991607666,,,,SERS,,,,0,0,1,3,4,N,,,,,,2020-09-25 18:06:16,,VMC,,36.115985,-119.681175,avall.mdb,2026-04-14 02:17:37.493608
20080430X00565,LAX08CA067,ACC,2008-02-27 00:00:00,We,15,UTC,Gila Bend,AZ,USA,85337,2008,2,,,325737N,1124025W,,GILA BEND MUNI,E63,ONAP,0.0,,789,,WFAC,2355,360,GBN,858,6,UTC,DAYL,SCAT,0,0,NONE,,,20.0,66,34,350,U,2,F,T,0,30.100000381469727,,,,NONE,,,,0,0,2,0,2,N,,,,,,2020-09-25 18:07:03,,VMC,,32.960277,-112.673614,avall.mdb,2026-04-14 02:17:37.493608
20080324X00370,NYC08CA113,ACC,2008-02-27 00:00:00,We,1630,UTC,Quincy,FL,USA,32353,2008,2,,,303552N,0843326W,,Quincy Municipal Airport,2J9,OFAP,1.0,,221,,WFAC,1653,130,TLH,81,15,UTC,DAYL,CLER,0,0,NONE,,,10.0,48,19,310,U,14,F,T,0,30.1200008392334,,,,SERS,,,,0,2,0,1,3,N,,,,,,2022-05-17 13:29:53,broda,VMC,,30.597778,-84.55722,avall.mdb,2026-04-14 02:17:37.493608
20080312X00305,DCA08IA044,INC,2008-02-26 00:00:00,Tu,416,UTC,Jackson,WY,USA,83001,2008,2,,,433622N,1104419W,MEAS,Jackson Hole,JAC,,0.0,207,6450,,,,0,,,0,,NITE,,0,3200,OVC,,,10.0,0,0,358,U,7,F,T,0,0.0,,,,MINR,,0,,0,1,124,0,125,N,,,,,,2020-09-25 18:04:02,,VMC,,43.606109,-110.738609,avall.mdb,2026-04-14 02:17:37.493608
20080319X00339,NYC08WA114,ACC,2008-02-27 00:00:00,We,948,,Santiago,,CI,,2008,2,,,332844S,0703231W,,,,,0.0,,,,,,0,,,0,,,,0,0,,,,,0,0,0,U,,F,F,0,0.0,,,,FATL,5,,20,6,0,0,0,31,O,,,,,,2020-09-25 18:07:50,,VMC,,-33.478889,-70.541946,avall.mdb,2026-04-14 02:17:37.493608
20080306X00281,ANC08FA037,ACC,2008-02-27 00:00:00,We,2200,UTC,Tyonek,AK,USA,99682,2008,2,,,061147N,1512355W,,,,OFAP,0.0,,,,WFAC,1753,165,PAEN,99,27,UTC,DAYL,FEW,6500,0,NONE,,,10.0,30,16,30,U,13,F,T,0,29.700000762939453,,,,FATL,,,,1,0,0,0,1,N,,,,,,2020-09-25 18:04:46,,VMC,,61.029724,-151.398605,avall.mdb,2026-04-14 02:17:37.493608
20080304X00258,MIA08CA068,ACC,2008-01-26 00:00:00,Sa,1800,UTC,Westiminster,MD,USA,21157,2008,1,,,393414N,0007702W,MEAS,Carroll County Regional,KDMW,ONAP,0.0,,789,,WFAC,1754,150,KBWI,146,30,UTC,DAYL,,0,8500,OVC,,,10.0,39,54,70,U,5,F,F,0,30.209999084472656,,,,NONE,,,,0,0,1,0,1,N,,,,,,2020-09-25 18:04:02,,VMC,,39.570518,-77.000518,avall.mdb,2026-04-14 02:17:37.493608
20080305X00271,LAX08FA068,ACC,2008-02-28 00:00:00,Th,607,UTC,Riverside,CA,USA,92504,2008,2,,,335641N,1172648W,,Riverside Municipal Airport,RAL,ONAP,0.0,,819,,WFAC,1353,270,CNO,,9,UTC,NITE,CLER,0,0,NONE,,,10.0,61,39,0,U,,F,T,0,29.950000762939453,,,,FATL,,,,3,0,0,0,3,N,,,,,,2020-09-25 18:05:31,,VMC,,33.944721,-117.446662,avall.mdb,2026-04-14 02:17:37.493608
20080416X00495,MIA08CA069,ACC,2008-02-29 00:00:00,Fr,1453,UTC,Vero Beach,FL,USA,32960,2008,2,,,273933N,0080258W,,Vero Beach Municipal Airport,KVRB,ONAP,0.0,,24,,WFAC,1053,0,KVRB,,0,,DAYL,FEW,4600,0,NONE,,,10.0,66,48,80,U,11,F,F,0,30.3799991607666,,,,NONE,,,,0,0,1,0,1,,,,,,,2020-09-25 18:04:46,,VMC,,27.659166,-80.418891,avall.mdb,2026-04-14 02:17:37.493608
20080413X00464,NYC08CA115,ACC,2008-02-23 00:00:00,Sa,100,UTC,Valdosta,GA,USA,31601,2008,2,,,304911N,0831650W,,Orlando International,MCO,OFAP,175.0,,96,,WFAC,103,0,VLD,203,0,UTC,NITE,,0,2800,OVC,,,10.0,64,63,0,U,,F,T,0,29.940000534057617,,,,SERS,,,,0,0,102,1,103,N,,,,,,2023-06-12 16:42:16,gibs-i,IMC,,30.819775,-83.280647,avall.mdb,2026-04-14 02:17:37.493608
20080321X00359,NYC08CA089,ACC,2008-01-30 00:00:00,We,1530,UTC,Bessemer,AL,USA,35023,2008,1,,,332548N,0865926W,MEAS,Bessemer Airport,EKY,ONAP,0.0,,,,,,0,,,0,,DAYL,,0,0,,,,,0,0,0,U,,F,F,0,0.0,,,,NONE,,,,0,0,3,0,3,N,,,,,,2020-09-25 18:04:46,,VMC,,33.429943,-86.990432,avall.mdb,2026-04-14 02:17:37.493608
20080307X00283,DFW08IA074,INC,2008-03-01 00:00:00,Sa,1612,UTC,Dallas,TX,USA,75235,2008,3,N,Y,325043N,0096519W,,DALLAS LOVE FIELD,DAL,ONAP,0.0,,500,,WFAC,1553,0,KDAL,487,0,UTC,DAYL,OVCT,500,500,OVC,,,3.0,59,54,140,U,6,F,F,0,30.270000457763672,,,,NONE,,,,0,0,244,0,244,N,,,,,,2020-09-25 18:04:46,,IMC,,32.845275,-96.8525,avall.mdb,2026-04-14 02:17:37.493608
20080413X00463,NYC08CA119,ACC,2008-03-02 00:00:00,Su,1900,UTC,S.Charleston,WV,USA,25309,2008,3,,,038206N,0814354W,,Mallory Airport,WV12,ONAP,0.0,,880,,WFAC,1854,90,CRW,981,8,UTC,DAYL,CLER,0,0,NONE,,,10.0,64,32,200,U,5,F,T,0,30.1200008392334,,,,NONE,,,,0,0,2,0,2,N,,,,,,2025-05-28 19:41:08,dobn,VMC,,38.334999,-81.731666,avall.mdb,2026-04-14 02:17:37.493608
20080416X00490,MIA08CA071,ACC,2008-03-02 00:00:00,Su,2047,UTC,Norwood,MA,USA,2062,2008,3,,,421126N,0711023W,,Norwood Memorial Airport,KOWD,ONAP,0.0,,49,,WFAC,2053,0,KOWD,49,0,UTC,DAYL,CLER,0,0,NONE,,,10.0,37,12,310,U,16,F,F,23,30.139999389648438,,,,NONE,,,,0,0,2,0,2,N,,,,,,2020-09-25 18:04:02,,VMC,,42.190555,-71.173057,avall.mdb,2026-04-14 02:17:37.493608
20080305X00263,NYC08WA117,ACC,2008-03-02 00:00:00,Su,1443,UTC,Rio de Janiero,,BR,,2008,3,,,022590S,0043220W,,,,,0.0,,,,,,0,,,0,,,,0,0,,,,,0,0,0,U,,F,F,0,0.0,,,,FATL,,,,4,0,0,0,4,O,,,,,,2020-09-25 18:07:50,,VMC,,-22.983333,-43.366664,avall.mdb,2026-04-14 02:17:37.493608
20080430X00566,LAX08CA069,ACC,2008-02-29 00:00:00,Fr,1635,UTC,Las Vegas,NV,USA,89032,2008,2,,,361519N,1152651W,,,,OFAP,0.0,,,,WFAC,1600,300,VGT,,10,UTC,DAYL,CLER,0,0,NONE,,,10.0,50,0,0,U,,F,T,0,0.0,,,,MINR,,,,0,1,1,0,2,N,,,,,,2020-09-25 18:07:03,,VMC,,36.255279,-115.447502,avall.mdb,2026-04-14 02:17:37.493608
20080407X00435,LAX08CA070,ACC,2008-02-29 00:00:00,Fr,2030,UTC,Truckee,CA,USA,96161,2008,2,,,391920N,0120837W,,TRUCKEE-TAHOE,TRK,ONAP,0.0,,,,WFAC,1945,0,TRK,5900,0,UTC,DAYL,SCAT,9000,0,NONE,,,10.0,55,21,190,U,11,F,T,0,30.100000381469727,,,,NONE,,,,0,0,1,0,1,N,,,,,,2020-09-25 18:06:16,,VMC,,39.322223,-120.143608,avall.mdb,2026-04-14 02:17:37.493608
20080418X00518,DFW08CA075,ACC,2008-03-04 00:00:00,Tu,1530,UTC,Meraux,LA,USA,70075,2008,3,,,295548N,0895559W,,,,,0.0,,,,WFAC,1452,225,KNBG,3,10,UTC,DAYL,CLER,0,2500,BKN,,,10.0,46,37,280,U,13,F,F,19,29.940000534057617,,,,NONE,,,,0,0,2,0,2,N,,,,,,2020-09-25 18:06:16,,VMC,,29.93,-89.933052,avall.mdb,2026-04-14 02:17:37.493608
20080318X00322,MIA08CA072,ACC,2008-03-04 00:00:00,Tu,1530,UTC,Linden,NJ,USA,7036,2008,3,,,040371N,0741424W,,LINDEN,LDJ,ONAP,0.0,,23,,WFAC,1515,90,EWR,18,5,UTC,DAYL,OVCT,22000,2900,BKN,,,,63,48,240,U,15,F,T,0,29.950000762939453,,,,NONE,,,,0,0,2,0,2,N,,,,,,2020-09-25 18:04:46,,VMC,,40.616943,-74.239997,avall.mdb,2026-04-14 02:17:37.493608
20080311X00297,DFW08MA076,ACC,2008-03-04 00:00:00,Tu,2115,UTC,Oklahoma City,OK,USA,73008,2008,3,,,352820N,0097402W,MEAS,,,OFAP,0.0,,,,WFAC,1919,14,PWA,1299,4,UTC,DAYL,CLER,0,0,NONE,,,10.0,52,16,150,U,9,F,T,0,29.860000610351562,,,,FATL,,,,5,0,0,0,5,N,,,,,,2021-06-22 21:19:09,broda,VMC,,35.472221,-97.667221,avall.mdb,2026-04-14 02:17:37.493608
20080404X00430,SEA08LA085,ACC,2008-03-03 00:00:00,Mo,1540,UTC,Chandler,AZ,USA,85234,2008,3,,,033169N,1114840W,,Chandler Municipal,KCHD,OFAP,11.0,,1243,,PILO,,0,,,0,,DAYL,CLER,0,0,NONE,,,10.0,55,0,210,U,10,F,F,15,0.0,,,,NONE,,,,0,0,2,0,2,N,,,,,,2020-09-25 18:06:16,,VMC,,33.269165,-111.811111,avall.mdb,2026-04-14 02:17:37.493608
20080305X00272,SEA08LA084,ACC,2008-03-03 00:00:00,Mo,20,UTC,Mammoth,CA,USA,93546,2008,3,,,373732N,1185027W,,,,OFAP,0.0,,,,PILO,,0,,,0,,DAYL,CLER,0,0,NONE,,,10.0,39,0,0,U,,F,T,0,0.0,,,,SERS,,,,0,1,0,1,2,N,,,,,,2020-09-25 18:06:16,,VMC,,37.625556,-118.840835,avall.mdb,2026-04-14 02:17:37.493608
20080305X00265,MIA08FA070,ACC,2008-03-01 00:00:00,Sa,1236,UTC,Titusville,FL,USA,32780,2008,3,N,Y,283712N,0080505W,EST,Arthur Dunn Air Park,X21,ONAP,0.0,,30,,WFAC,1353,90,ORL,113,30,UTC,DAYL,CLER,0,0,NONE,,,10.0,64,52,90,U,3,F,T,0,30.31999969482422,,,,FATL,,,,3,0,0,1,4,N,,,,,,2020-09-25 18:04:02,,VMC,,28.62,-80.834724,avall.mdb,2026-04-14 02:17:37.493608
20080322X00366,NYC08CA120,ACC,2008-03-02 00:00:00,Su,1855,UTC,Dayton,TN,USA,37321,2008,3,,,352910N,0845552W,,Mark Anton Airport,2A0,ONAP,0.0,,719,,WFAC,1853,345,CSV,1881,29,UTC,DAYL,CLER,0,0,NONE,,,10.0,64,39,180,U,10,F,F,17,30.1200008392334,,,,NONE,,,,0,0,1,0,1,N,,,,,,2020-09-25 18:04:46,,VMC,,35.48611,-84.931114,avall.mdb,2026-04-14 02:17:37.493608
20080307X00284,CHI08CA069,ACC,2008-01-22 00:00:00,Tu,1930,UTC,South St. Paul,MN,USA,55075,2008,1,,,445126N,0093158W,,,,,0.0,,,,WFAC,1335,0,SGS,,0,,DAYL,CLER,0,0,NONE,,,10.0,10,-4,260,U,13,F,F,18,29.950000762939453,,,,NONE,,,,0,0,1,0,1,N,,,,,,2020-09-25 18:04:46,,VMC,,44.857223,-93.032775,avall.mdb,2026-04-14 02:17:37.493608
20080321X00353,NYC08CA118,ACC,2008-03-02 00:00:00,Su,1643,UTC,Lincoln Park,NJ,USA,7035,2008,3,,,405631N,0741831W,,Lincoln Park,N07,ONAP,0.0,,182,,WFAC,1653,180,KCDW,,4,UTC,DAYL,CLER,0,0,NONE,,,10.0,37,12,310,U,11,F,F,14,30.270000457763672,,,,NONE,,,,0,0,2,0,2,N,,,,,,2025-05-28 19:46:58,dobn,VMC,,40.941944,-74.308609,avall.mdb,2026-04-14 02:17:37.493608
20080414X00468,NYC08CA122,ACC,2008-02-28 00:00:00,Th,1910,UTC,Brookhaven,MS,USA,39601,2008,2,,,313621N,0902433W,,Brookhaven-Lincoln County,1R7,ONAP,0.0,,489,,WFAC,1753,187,MCB,413,26,UTC,DAYL,CLER,0,0,NONE,,,10.0,61,28,190,U,10,F,F,17,30.270000457763672,,,,NONE,,,,0,0,1,0,1,N,,,,,,2020-09-25 18:04:02,,VMC,,31.605833,-90.409164,avall.mdb,2026-04-14 02:17:37.493608
20080502X00584,NYC08CA123,ACC,2008-03-05 00:00:00,We,1630,UTC,Leonardtown,MD,USA,20650,2008,3,,,381833N,0076330W,,,,,0.0,,,,WFAC,1052,0,NHK,,0,,DAYL,FEW,7000,0,NONE,,,10.0,57,37,240,U,11,F,F,18,29.700000762939453,,,,NONE,,,,0,0,2,0,2,N,,,,,,2020-09-25 18:04:02,,VMC,,38.309165,-76.550003,avall.mdb,2026-04-14 02:17:37.493608
20080306X00274,DEN08LA061,ACC,2008-02-23 00:00:00,Sa,1730,UTC,Buena Vista,CO,USA,81211,2008,2,,,384851N,0106715W,,Central Colorado Regional,AEJ,ONAP,0.0,,7946,,PILO,,0,,,0,,DAYL,CLER,0,0,NONE,,,3.0,82,0,270,U,10,F,F,18,0.0,,,,NONE,,,,0,0,1,0,1,N,,,,,,2020-09-25 18:05:31,,VMC,,38.814167,-106.120834,avall.mdb,2026-04-14 02:17:37.493608
20080319X00331,DEN08WA062,ACC,2008-02-08 00:00:00,Fr,830,UTC,Totes Gebirge,,AU,0,2008,2,,,474113N,0013526E,,,,,0.0,,,,WFAC,720,0,,,0,,,CLER,0,0,NONE,,,10.0,28,25,135,U,9,F,F,0,30.690000534057617,,,,FATL,,,,2,0,0,0,2,O,,,,,,2020-09-25 18:07:50,,VMC,,47.686943,13.868332,avall.mdb,2026-04-14 02:17:37.493608
20080320X00343,DFW08CA077,ACC,2008-03-05 00:00:00,We,1620,UTC,San Antonio,TX,USA,78214,2008,3,,,292026N,0982819W,,Stinson Municipal Airport,KSSF,ONAP,0.0,,577,,WFAC,1553,0,KSSF,577,0,UTC,DAYL,CLER,0,0,NONE,,,10.0,61,34,0,U,6,F,F,0,29.950000762939453,,,,NONE,0,0,0,0,0,2,0,2,N,,,,,,2025-05-28 19:35:45,dobn,VMC,,29.340555,-98.471946,avall.mdb,2026-04-14 02:17:37.493608
20080314X00314,ANC08LA040,ACC,2008-03-04 00:00:00,Tu,2030,UTC,Nikolai,AK,USA,99691,2008,3,,,062180N,0153190W,,,,OFAP,0.0,,,,PILO,,0,,,0,,DAYL,OVCT,5000,0,NONE,,,15.0,37,0,0,Y,10,T,F,25,0.0,,,,MINR,,,,0,2,0,0,2,N,,,,,,2020-09-25 18:04:46,,VMC,,62.299999,-153.316665,avall.mdb,2026-04-14 02:17:37.493608
20080327X00392,ANC08CA041,ACC,2008-03-05 00:00:00,We,1830,UTC,Takotna,AK,USA,99675,2008,3,,,006300N,0015600W,,Takotna,TCT,ONAP,0.0,,,,PILO,,0,,,0,,DAYL,,0,1100,OVC,,,2.0,34,0,60,U,10,F,T,0,0.0,,,,NONE,,,,0,0,3,0,3,N,,,,,,2020-09-25 18:04:02,,VMC,,63.0,-156.0,avall.mdb,2026-04-14 02:17:37.493608
20080610X00818,ANC08LA039,ACC,2008-03-04 00:00:00,Tu,1430,UTC,Nikolai,AK,USA,99691,2008,3,,,062320N,0153370W,,,,OFAP,0.0,,,,PILO,,0,,,0,,DAYL,FEW,3000,7000,OVC,,,10.0,30,0,70,U,25,F,F,35,0.0,,,,NONE,,,,0,0,2,0,2,N,,,,,,2020-09-25 18:04:02,,VMC,,62.533332,-153.616668,avall.mdb,2026-04-14 02:17:37.493608
20080310X00289,CHI08CA086,ACC,2008-02-23 00:00:00,Sa,2130,UTC,Lakeville,MN,USA,55044,2008,2,,,443740N,0931341W,,Airlake Airport,LVN,ONAP,0.0,,,,,,0,,,0,,DAYL,,0,0,,,,,0,0,0,U,,F,F,0,0.0,,,,NONE,,,,0,0,1,0,1,,,,,,,2025-05-28 19:51:04,dobn,VMC,,44.627777,-93.228057,avall.mdb,2026-04-14 02:17:37.493608
20080310X00291,CHI08CA087,ACC,2008-02-23 00:00:00,Sa,2000,UTC,Poplar Grove,IL,USA,61065,2008,2,,,421922N,0885010W,,Poplar Grove Airport,C77,OFAP,10.0,,,,,,0,,,0,,DAYL,,0,0,,,,,0,0,0,U,,F,F,0,0.0,,,,NONE,,,,0,0,2,0,2,,,,,,,2020-09-25 18:04:46,,VMC,,42.322776,-88.836112,avall.mdb,2026-04-14 02:17:37.493608
20080509X00645,LAX08WA071,ACC,2008-02-13 00:00:00,We,1015,,Gascoyne Junc,,AS,,2008,2,Y,N,024230S,0011510E,,,,,0.0,,,,WIT,,0,,,0,,,,0,0,,,,,0,0,0,U,,F,F,0,0.0,,,,FATL,,,,2,0,2,0,4,O,,,,,,2020-09-25 18:07:50,,VMC,,-24.383333,115.01667,avall.mdb,2026-04-14 02:17:37.493608
20080404X00429,LAX08CA072,ACC,2008-03-02 00:00:00,Su,115,UTC,Tucson,AZ,USA,85737,2008,3,,,322648N,0111010W,,La Cholla Airpark,57AZ,ONAP,0.0,,,,WFAC,53,180,TUS,2643,19,UTC,DAYL,CLER,0,0,NONE,,,10.0,73,27,280,U,16,F,F,22,29.899999618530273,,,,NONE,,,,0,0,1,0,1,N,,,,,,2020-09-25 18:06:16,,VMC,,32.446666,-111.002777,avall.mdb,2026-04-14 02:17:37.493608
20080320X00341,NYC08LA124,ACC,2008-03-06 00:00:00,Th,2130,UTC,West Chester,PA,USA,19380,2008,3,,,395925N,0753455W,,Brandywine,OQN,ONAP,0.0,,466,,WFAC,2154,360,KPTW,450,14,UTC,DAYL,CLER,0,0,NONE,,,10.0,50,28,270,U,4,F,T,0,0.0,,,,NONE,,,,0,0,1,0,1,N,,,,,,2020-09-25 18:07:03,,VMC,,39.990276,-75.581947,avall.mdb,2026-04-14 02:17:37.493608
20080325X00383,NYC08CA125,ACC,2008-02-19 00:00:00,Tu,2345,UTC,Halls,TN,USA,38040,2008,2,,,355412N,0892350W,,Arnold Field,M31,ONAP,0.0,,292,,WFAC,2335,350,DYR,338,5,UTC,DAYL,CLER,0,0,NONE,,,10.0,43,19,180,U,3,F,T,0,30.149999618530273,,,,NONE,,,,0,0,2,0,2,N,,,,,,2020-09-25 18:05:31,,VMC,,35.903331,-89.397224,avall.mdb,2026-04-14 02:17:37.493608
20080417X00506,NYC08CA126,ACC,2008-03-03 00:00:00,Mo,1430,UTC,Port Orange,FL,USA,32128,2008,3,,,029448N,0081248W,,,,,0.0,,,,,,0,,,0,,DAYL,,0,0,,,,,0,0,120,U,15,F,F,20,0.0,,,,NONE,,,,0,0,2,0,2,N,,,,,,2020-09-25 18:04:02,,VMC,,29.079999,-81.046669,avall.mdb,2026-04-14 02:17:37.493608
20080518X00690,MIA08CA073,ACC,2008-03-06 00:00:00,Th,1730,UTC,Fort Lauderdale,FL,USA,33309,2008,3,,,261150N,0801014W,,Fort Lauderdale Executive,KFXE,ONAP,0.0,,,,WFAC,1730,0,KFXE,11,0,UTC,DAYL,SCAT,2500,5000,BKN,,,5.0,73,70,130,U,9,F,F,0,30.030000686645508,,,,NONE,,,,0,0,2,0,2,,,,,,,2020-09-25 18:04:46,,VMC,,26.197221,-80.170555,avall.mdb,2026-04-14 02:17:37.493608
20080318X00327,MIA08CA074,ACC,2008-03-08 00:00:00,Sa,1430,UTC,Stuart,FL,USA,34996,2008,3,,,271032N,0080139W,,Witham Field,SUA,ONAP,0.0,,18,,WFAC,1415,0,KSUA,18,0,UTC,DAYL,SCAT,3000,7000,OVC,,,10.0,68,63,270,U,19,F,F,26,30.170000076293945,,,,NONE,,,,0,0,2,0,2,N,,,,,,2020-09-25 18:04:46,,VMC,,27.175556,-80.219169,avall.mdb,2026-04-14 02:17:37.493608
20080311X00294,DFW08FA078,ACC,2008-03-08 00:00:00,Sa,2315,UTC,Gun Barrel City,TX,USA,75156,2008,3,,,003220N,0096834W,,,,OFAP,0.0,,,,WFAC,2353,210,KCRS,449,22,UTC,DAYL,CLER,0,0,NONE,,,10.0,52,25,110,U,6,F,T,0,30.059999465942383,,,,FATL,0,0,0,1,0,0,1,2,N,,,,,,2020-09-25 18:04:02,,VMC,,32.033332,-96.142776,avall.mdb,2026-04-14 02:17:37.493608
20080603X00781,NYC08CA127,ACC,2008-03-08 00:00:00,Sa,1455,UTC,Charlottesville,VA,USA,22936,2008,3,,,038832N,0782717W,,Charlottesville-Albemarle,CHO,ONAP,0.0,,639,,WFAC,1453,0,CHO,639,0,UTC,DAYL,,0,300,OVC,,,1.0,45,43,270,U,4,F,T,0,29.450000762939453,,,,NONE,,,,0,0,1,0,1,N,,,,,,2020-09-25 18:04:46,,VMC,,38.142223,-78.454719,avall.mdb,2026-04-14 02:17:37.493608
20080409X00442,NYC08LA129,ACC,2008-03-09 00:00:00,Su,1840,UTC,Belmont,WV,USA,26134,2008,3,,,039225N,0811738W,,,,OFAP,0.0,,,,WFAC,1853,270,PKB,858,7,UTC,DAYL,FEW,3600,0,NONE,,,10.0,30,19,200,U,5,F,T,0,30.3700008392334,,,,SERS,,,,0,0,0,1,1,N,,,,,,2020-09-25 18:07:03,,VMC,,39.368057,-81.293891,avall.mdb,2026-04-14 02:17:37.493608
20080416X00489,NYC08CA128,ACC,2008-02-25 00:00:00,Mo,1715,UTC,Apopka,FL,USA,32712,2008,2,,,284213N,0813432W,,Orlando Apopka Airport,X04,ONAP,0.0,,,,WFAC,1553,306,ORL,,16,UTC,DAYL,CLER,0,0,NONE,,,10.0,73,52,310,U,6,F,T,0,30.059999465942383,,,,NONE,,,,0,0,3,0,3,N,,,,,,2020-09-25 18:04:46,,VMC,,28.703611,-81.575553,avall.mdb,2026-04-14 02:17:37.493608
20080403X00421,SEA08CA086,ACC,2008-03-05 00:00:00,We,2100,UTC,Jerome,ID,USA,83338,2008,3,,,424336N,1142723W,,JEROME COUNTY,JER,ONAP,0.0,,,,PILO,,0,,,0,,DAYL,CLER,0,0,NONE,,,10.0,39,0,270,U,4,F,T,0,0.0,,,,NONE,,,,0,0,3,0,3,,,,,,,2020-09-25 18:05:31,,VMC,,42.726665,-114.45639,avall.mdb,2026-04-14 02:17:37.493608
20080411X00454,DFW08CA079,ACC,2008-03-08 00:00:00,Sa,2000,UTC,Westport,OK,USA,74020,2008,3,,,361320N,0962040W,,,,OFAP,2.0,,,,WFAC,1953,150,KRVS,,20,UTC,DAYL,UNK,0,6000,OVC,,,10.0,36,23,10,U,12,F,F,16,30.1299991607666,,,,NONE,,,,0,0,2,0,2,N,,,,,,2020-09-25 18:05:31,,VMC,,36.222221,-96.344444,avall.mdb,2026-04-14 02:17:37.493608
20080317X00320,SEA08LA087,ACC,2008-03-07 00:00:00,Fr,2300,UTC,Bishop,CA,USA,93514,2008,3,,,372223N,1182149W,MEAS,Eastern Sierra Regional Airpor,BIH,ONAP,0.0,,4124,,PILO,,0,,,0,,DAYL,CLER,0,0,NONE,,,10.0,61,0,0,U,,F,T,0,0.0,,,,NONE,,,,0,0,3,0,3,N,,,,,,2020-09-25 18:07:03,,VMC,,37.373054,-118.363609,avall.mdb,2026-04-14 02:17:37.493608
20080403X00423,SEA08CA088,ACC,2008-03-08 00:00:00,Sa,2005,UTC,Tracy,CA,USA,95376,2008,3,,,037400N,0121184W,,New Jerusalem Airport,1Q4,ONAP,0.0,,62,,WFAC,1955,13,KSCK,33,10,UTC,DAYL,CLER,0,0,NONE,,,10.0,63,48,340,U,7,F,T,0,30.149999618530273,,,,NONE,,,,0,0,2,0,2,N,,,,,,2020-09-25 18:06:16,,VMC,,37.666667,-121.301109,avall.mdb,2026-04-14 02:17:37.493608
20080317X00318,SEA08LA089,ACC,2008-03-10 00:00:00,Mo,1915,UTC,Scottsdale,AZ,USA,85260,2008,3,,,333722N,1115437W,,,,OFAP,0.0,,,,WFAC,1853,180,KSDL,1510,8,UTC,DAYL,CLER,0,0,NONE,,,10.0,73,27,0,U,,F,T,0,30.280000686645508,,,,NONE,,,,0,0,2,0,2,N,,,,,,2020-09-25 18:06:16,,VMC,,33.622776,-111.910278,avall.mdb,2026-04-14 02:17:37.493608
20080317X00315,DFW08FA080,ACC,2008-03-11 00:00:00,Tu,123,UTC,Abbeville,LA,USA,70592,2008,3,,,003025N,0009240W,,LAFAYETTE REGIONAL,LFT,OFAP,12.0,,42,,WFAC,131,10,LFT,42,11,UTC,NDRK,FEW,600,2200,BKN,,,2.5,59,55,330,U,11,F,T,0,30.200000762939453,,,,FATL,,,,2,0,0,0,2,N,,,,,,2020-09-25 18:04:02,,IMC,,30.034721,-92.066665,avall.mdb,2026-04-14 02:17:37.493608
20080317X00321,CHI08CA088,ACC,2008-02-24 00:00:00,Su,2100,UTC,Fremont,OH,USA,43420,2008,2,,,411959N,0083940W,,,,,0.0,,,,WFAC,2253,0,TDZ,663,0,UTC,DAYL,CLER,0,0,NONE,,,10.0,36,25,210,U,10,F,T,0,30.040000915527344,,,,NONE,,,,0,0,1,0,1,N,,,,,,2025-05-28 19:48:42,dobn,VMC,,41.333057,-83.161109,avall.mdb,2026-04-14 02:17:37.493608
20080317X00316,DFW08LA081,ACC,2008-03-09 00:00:00,Su,1747,UTC,Ledbetter,TX,USA,78946,2008,3,,,301349N,0964538W,MEAS,,,OFAP,0.0,,,,WFAC,1245,0,KGYB,,0,,DAYL,,0,6500,OVC,,,10.0,64,50,150,U,13,F,F,23,30.170000076293945,,,,FATL,,,,1,0,0,0,1,N,,,,,,2020-09-25 18:04:02,,VMC,,30.230308,-96.760543,avall.mdb,2026-04-14 02:17:37.493608
20080416X00492,ANC08LA042,ACC,2008-03-11 00:00:00,Tu,1850,UTC,White Mountain,AK,USA,99784,2008,3,,,644235N,1624546W,,,,OFAP,0.0,,,,PILO,,0,,,0,,DAYL,,0,3000,VV,,,5.0,0,0,0,U,,F,T,0,0.0,,,,MINR,,,,0,2,1,0,3,N,,,,,,2020-09-25 18:04:46,,IMC,,64.709724,-162.762771,avall.mdb,2026-04-14 02:17:37.493608
20080317X00319,SEA08LA090,ACC,2008-03-09 00:00:00,Su,2220,UTC,Spanish Fork,UT,USA,84660,2008,3,,,040829N,1113940W,,Spanish Fork Airport,U77,ONAP,0.0,,4529,,WFAC,2149,329,KPVU,4497,5,UTC,DAYL,FEW,9000,0,NONE,,,10.0,46,25,240,U,5,F,T,0,30.260000228881836,,,,NONE,,,,0,0,2,0,2,N,,,,,,2020-09-25 18:06:16,,VMC,,40.141387,-111.661109,avall.mdb,2026-04-14 02:17:37.493608
20080403X00418,SEA08CA091,ACC,2008-03-11 00:00:00,Tu,1515,UTC,Oxnard,CA,USA,93030,2008,3,,,341249N,0119539W,,,,OFAP,0.0,,,,WFAC,1455,15,KCMA,15,3,UTC,DAYL,CLER,0,0,NONE,,,10.0,54,43,70,U,5,F,T,0,30.18000030517578,,,,NONE,,,,0,0,1,0,1,N,,,,,,2020-09-25 18:06:16,,VMC,,34.213611,-119.094169,avall.mdb,2026-04-14 02:17:37.493608
20080325X00384,NYC08TA130,ACC,2008-03-11 00:00:00,Tu,2115,UTC,Spartanburg,SC,USA,29376,2008,3,,,345457N,0815723W,MEAS,Spartanburg Downtown Memorial,SPA,ONAP,0.0,,801,,WFAC,2053,270,GSP,964,13,UTC,DAYL,,7000,9000,BKN,,,10.0,63,34,260,U,9,F,T,0,29.979999542236328,,,,NONE,,,,0,0,1,0,1,N,,,,,,2020-09-25 18:07:03,,VMC,,34.915832,-81.95639,avall.mdb,2026-04-14 02:17:37.493608
20080320X00346,NYC08LA116,ACC,2008-03-01 00:00:00,Sa,2015,UTC,Key West,FL,USA,33040,2008,3,,,024310N,0812138W,,,,OFAP,0.0,,,,WFAC,1853,270,EYW,3,15,UTC,DAYL,CLER,0,0,NONE,,,10.0,79,59,30,U,13,F,T,0,30.149999618530273,,,,NONE,,,,0,0,1,0,1,N,,,,,,2020-09-25 18:07:03,,VMC,,24.516666,-81.360557,avall.mdb,2026-04-14 02:17:37.493608
20080321X00352,LAX08LA073,ACC,2008-03-11 00:00:00,Tu,450,UTC,Mercury,NV,USA,89060,2008,3,,,036370N,0011610W,MEAS,DESERT ROCK,DRA,ONAP,0.0,,3314,,WFAC,453,0,DRA,3314,0,UTC,NDRK,CLER,0,0,NONE,,,10.0,50,19,0,U,,F,T,0,30.270000457763672,,,,NONE,,,,0,0,1,0,1,N,,,,,,2020-09-25 18:05:31,,VMC,,36.616664,-116.01667,avall.mdb,2026-04-14 02:17:37.493608
20080409X00443,NYC08WA131,ACC,2008-03-11 00:00:00,Tu,1550,UTC,Santa Cruz,,PE,,2008,3,,,063814S,0791045W,,,,,0.0,,,,,,0,,,0,,,,0,0,,,,,0,0,0,U,,F,F,0,0.0,,,,FATL,,,,10,0,0,0,10,O,,,,,,2026-03-06 21:27:07,dobn,IMC,,-6.637333,-79.179056,avall.mdb,2026-04-14 02:17:37.493608
20080414X00472,NYC08CA132,ACC,2008-03-09 00:00:00,Su,2100,UTC,Cartersville,GA,USA,30120,2008,3,,,034723N,0845055W,,Cartersville,VPC,ONAP,0.0,,759,,WFAC,2053,0,VPC,759,0,UTC,DAYL,CLER,0,0,NONE,,,10.0,52,25,200,U,4,F,T,0,30.360000610351562,,,,NONE,,,,0,0,1,0,1,N,,,,,,2020-09-25 18:04:46,,VMC,,34.123054,-84.848609,avall.mdb,2026-04-14 02:17:37.493608
20080321X00349,NYC08FA133,ACC,2008-03-13 00:00:00,Th,1300,UTC,Indiantown,FL,USA,34956,2008,3,,,027102N,0080361W,EST,Okeechobee County Airport,OBE,OFAP,17.0,,34,,WFAC,1301,290,OBE,34,17,UTC,DAYL,CLER,0,0,NONE,,,7.0,59,57,300,U,4,F,T,0,30.059999465942383,,,,FATL,,,,4,0,0,0,4,N,,,,,,2020-09-25 18:05:31,,VMC,,27.167222,-80.60028,avall.mdb,2026-04-14 02:17:37.493608
20080321X00357,NYC08FA134,ACC,2008-03-13 00:00:00,Th,1340,UTC,Wilmington,NC,USA,28401,2008,3,,,034729N,0775354W,EST,,,OFAP,0.0,,,,WFAC,1353,179,ILM,32,10,UTC,DAYL,CLER,0,0,NONE,,,10.0,63,39,230,U,4,F,F,0,30.030000686645508,,,,FATL,,,,1,0,0,0,1,N,,,,,,2020-09-25 18:04:46,,VMC,,34.124721,-77.89833,avall.mdb,2026-04-14 02:17:37.493608
20080402X00413,NYC08CA135,ACC,2008-03-09 00:00:00,Su,1800,UTC,Richmond,VA,USA,23215,2008,3,,,373018N,0771910W,,Richmond International Airport,RIC,ONAP,0.0,,,,WFAC,1854,0,RIC,72,0,UTC,DAYL,CLER,0,0,NONE,,,10.0,46,14,330,U,12,F,F,18,30.290000915527344,,,,NONE,,,,0,0,1,0,1,N,,,,,,2020-09-25 18:04:02,,VMC,,37.505001,-77.319442,avall.mdb,2026-04-14 02:17:37.493608
20080414X00474,NYC08CA136,ACC,2008-03-13 00:00:00,Th,1300,UTC,Live Oak,FL,USA,32060,2008,3,,,030158N,0825527W,,NONE,NONE,ONAP,0.0,,,,WFAC,1253,215,40J,45,32,UTC,DAYL,CLER,0,0,NONE,,,10.0,57,46,340,U,5,F,T,0,30.06999969482422,,,,SERS,,,,0,0,0,1,1,N,,,,,,2020-09-25 18:04:02,,VMC,,30.252222,-82.924163,avall.mdb,2026-04-14 02:17:37.493608
20080414X00470,DEN08CA063,ACC,2008-03-10 00:00:00,Mo,40,UTC,Nickerson,KS,USA,67561,2008,3,,,038842N,0009851W,,Ag Air - Private,PVT,ONAP,0.0,,1580,,WFAC,2352,120,KHUT,1543,10,UTC,DUSK,CLER,0,0,NONE,,,10.0,55,25,300,U,5,F,T,0,30.170000076293945,,,,NONE,,,,0,0,2,0,2,N,,,,,,2020-09-25 18:06:16,,VMC,,38.145,-98.08361,avall.mdb,2026-04-14 02:17:37.493608
20080325X00385,NYC08LA137,ACC,2008-03-13 00:00:00,Th,1920,UTC,Middlesboro,KY,USA,40965,2008,3,,,363638N,0834414W,,Middlesboro-Bell County,1A6,OFAP,0.0,,1154,,WFAC,1915,0,1A6,1154,0,UTC,DAYL,SCAT,9000,0,NONE,,,10.0,72,39,180,U,15,F,F,19,29.860000610351562,,,,SERS,,,,0,0,0,1,1,N,,,,,,2020-09-25 18:07:03,,VMC,,36.610553,-83.73722,avall.mdb,2026-04-14 02:17:37.493608
20080404X00431,SEA08CA092,ACC,2008-03-07 00:00:00,Fr,500,UTC,Bountiful,UT,USA,84087,2008,3,,,040529N,1115537W,,SKYPARK,BTF,ONAP,0.0,,,,PILO,,0,,,0,,NITE,CLER,0,0,NONE,,,10.0,0,0,310,U,6,F,T,0,0.0,,,,NONE,,,,0,0,1,0,1,N,,,,,,2020-09-25 18:05:31,,VMC,,40.869167,-111.92694,avall.mdb,2026-04-14 02:17:37.493608
20080415X00488,MIA08CA077,ACC,2008-03-05 00:00:00,We,1930,UTC,West Palm Beach,FL,USA,33406,2008,3,,,264059N,0080544W,,Palm Beach International,KPBI,ONAP,0.0,,19,,WFAC,1953,0,KPBI,19,0,UTC,DAYL,FEW,2900,5000,BKN,,,10.0,75,66,170,U,8,F,T,0,29.959999084472656,,,,NONE,,,,0,0,1,0,1,N,,,,,,2020-09-25 18:04:46,,VMC,,26.683055,-80.095558,avall.mdb,2026-04-14 02:17:37.493608
20080327X00391,ANC08CA043,ACC,2008-03-14 00:00:00,Fr,0,UTC,Chugiak,AK,USA,99567,2008,3,,,612459N,1493026W,,Bichwood,PABV,ONAP,0.0,,,,WFAC,1836,0,PABV,96,0,UTC,DAYL,CLER,0,0,NONE,,,10.0,30,18,0,U,,F,T,0,30.06999969482422,,,,MINR,,,,0,1,0,0,1,N,,,,,,2020-09-25 18:04:02,,VMC,,61.416389,-149.507217,avall.mdb,2026-04-14 02:17:37.493608
20080319X00332,NYC08FA138,ACC,2008-03-15 00:00:00,Sa,350,UTC,Front Royal,VA,USA,22630,2008,3,,,385420N,0078198W,EST,Front Royal-Warren County,FRR,OFAP,4.0,,709,,WFAC,,20,OKV,727,12,,NITE,,0,2400,BKN,,,3.0,50,46,340,U,4,F,F,0,29.59000015258789,,,,FATL,,,,2,0,0,0,2,N,,,,,,2020-09-25 18:05:31,,VMC,,38.905555,-78.318885,avall.mdb,2026-04-14 02:17:37.493608
20080518X00691,MIA08CA078,ACC,2008-03-14 00:00:00,Fr,2345,UTC,Columbus,MS,USA,39701,2008,3,,,033270N,0088350W,,,,OFAP,10.0,,,,WFAC,2350,270,KGTR,200,1,UTC,DAYL,CLER,0,0,NONE,,,10.0,72,50,270,U,4,F,F,0,29.670000076293945,,,,MINR,,,,0,1,0,0,1,,,,,,,2020-09-25 18:04:02,,VMC,,33.45,-88.583335,avall.mdb,2026-04-14 02:17:37.493608
20080408X00438,MIA08LA079,ACC,2008-03-15 00:00:00,Sa,1831,UTC,Fort Lauderdale,FL,USA,33309,2008,3,,,261148N,0801012W,,FORT LAUDERDALE EXECUTIVE,FXE,ONAP,0.0,,13,,WFAC,1834,0,KFXE,13,0,UTC,DAYL,SCAT,5500,0,NONE,,,10.0,90,63,240,U,14,F,F,18,29.899999618530273,,,,NONE,,,,0,0,4,0,4,N,,,,,,2025-05-28 19:29:50,dobn,VMC,,26.196666,-80.169998,avall.mdb,2026-04-14 02:17:37.493608
20080320X00340,MIA08FA080,ACC,2008-03-16 00:00:00,Su,925,UTC,Wildwood,FL,USA,34785,2008,3,,,285350N,0082124W,,,,OFAP,0.0,,,,WFAC,935,360,OCF,89,8,UTC,NDRK,,0,1000,OVC,,,8.0,72,64,260,U,16,F,F,11,29.889999389648438,,,,FATL,,,,2,0,0,0,2,N,,,,,,2020-09-25 18:04:02,,VMC,,28.897222,-82.20111,avall.mdb,2026-04-14 02:17:37.493608
20080321X00348,NYC08FA139,ACC,2008-03-16 00:00:00,Su,1434,UTC,Atkins,VA,USA,24311,2008,3,,,365559N,0812254W,EST,,,OFAP,0.0,,,,WFAC,1440,170,MKJ,2558,5,UTC,DAYL,,0,1400,OVC,,,10.0,39,0,300,U,9,F,T,0,30.139999389648438,,,,FATL,,,,2,0,0,0,2,N,,,,,,2020-09-25 18:05:31,,VMC,,36.933055,-81.381668,avall.mdb,2026-04-14 02:17:37.493608
20080425X00547,DFW08CA082,ACC,2008-03-15 00:00:00,Sa,2300,UTC,Horseshoe Bay,TX,USA,78657,2008,3,,,301933N,0981937W,,Horseshoe Bay,4XS7,OFAP,3.0,,1092,,WFAC,2153,190,KBMQ,1092,14,UTC,DAYL,CLER,0,0,NONE,,,10.0,77,37,40,U,9,F,T,0,29.84000015258789,,,,MINR,,,,0,1,1,0,2,N,,,,,,2020-09-25 18:05:31,,VMC,,30.325834,-98.326942,avall.mdb,2026-04-14 02:17:37.493608
20080414X00475,NYC08CA140,ACC,2008-03-17 00:00:00,Mo,1800,UTC,Montgomery,NY,USA,12549,2008,3,,,413035N,0741552W,,Orange County Airport,MGJ,ONAP,0.0,,365,,WFAC,1754,0,MGJ,365,0,UTC,DAYL,CLER,0,0,NONE,,,10.0,43,18,20,U,11,F,F,16,30.440000534057617,,,,NONE,,,,0,0,1,0,1,N,,,,,,2020-09-25 18:04:46,,VMC,,41.509723,-74.264442,avall.mdb,2026-04-14 02:17:37.493608
20080321X00355,CHI08CA074,ACC,2008-02-05 00:00:00,Tu,1920,UTC,Ankeny,IA,USA,50021,2008,2,,,414129N,0933359W,,Ankeny Regional Airport,IKV,ONAP,0.0,,910,,WFAC,1915,0,IKV,910,0,UTC,DAYL,,0,500,OVC,,,0.75,30,28,30,U,7,F,T,0,29.899999618530273,,,,NONE,,,,0,0,1,0,1,N,,,,,,2020-09-25 18:04:02,,IMC,,41.691387,-93.56639,avall.mdb,2026-04-14 02:17:37.493608
20080321X00358,CHI08CA084,ACC,2008-02-16 00:00:00,Sa,1755,UTC,Viroqua,WI,USA,54665,2008,2,,,433259N,0905249W,MEAS,,,,0.0,,,,WFAC,1753,0,LSE,654,0,UTC,DAYL,CLER,0,0,NONE,,,10.0,21,9,180,U,15,F,T,0,30.040000915527344,,,,NONE,,,,0,0,1,0,1,N,,,,,,2020-09-25 18:04:46,,VMC,,43.549827,-90.880142,avall.mdb,2026-04-14 02:17:37.493608
20080324X00373,CHI08CA078,ACC,2008-02-08 00:00:00,Fr,154,UTC,Cahokia,IL,USA,62206,2008,2,,,383414N,0090922W,,St. Louis Downtown Airport,CPS,ONAP,0.0,,413,,WFAC,152,0,CPS,413,0,UTC,NDRK,,0,8500,OVC,,,10.0,36,28,140,U,5,F,T,0,29.940000534057617,,,,NONE,,,,0,0,2,0,2,N,,,,,,2020-09-25 18:04:02,,VMC,,38.570556,-90.156112,avall.mdb,2026-04-14 02:17:37.493608
20080321X00356,CHI08CA079,ACC,2008-02-08 00:00:00,Fr,1805,UTC,Litchfield,IL,USA,62056,2008,2,,,391523N,0893654W,,,,OFAP,0.0,,,,WFAC,1751,44,ALN,544,34,UTC,DAYL,,0,20000,BKN,,,10.0,45,32,190,U,16,F,T,0,29.8700008392334,,,,NONE,,,,0,0,2,0,2,N,,,,,,2020-09-25 18:05:31,,VMC,,39.256389,-89.614997,avall.mdb,2026-04-14 02:17:37.493608
20080324X00372,CHI08CA076,ACC,2008-02-06 00:00:00,We,2100,UTC,Grantsburg,WI,USA,54840,2008,2,,,045412N,0924114W,,Circle T Airport,WS77,ONAP,0.0,,895,,WFAC,2056,270,ROS,923,11,UTC,DAYL,CLER,0,0,NONE,,,10.0,28,10,360,U,9,F,T,0,29.81999969482422,,,,NONE,,,,0,0,1,0,1,N,,,,,,2020-09-25 18:04:46,,VMC,,45.683887,-92.687225,avall.mdb,2026-04-14 02:17:37.493608
20080401X00412,DFW08CA083,ACC,2008-03-16 00:00:00,Su,2000,UTC,Idabell,OK,USA,74745,2008,3,,,335420N,0945120W,,,,,0.0,,,,WFAC,1510,0,K4O4,,0,,DAYL,CLER,0,0,NONE,,,10.0,64,43,90,U,16,F,F,21,30.040000915527344,,,,NONE,,,,0,0,1,0,1,N,,,,,,2020-09-25 18:05:31,,VMC,,33.905555,-94.855552,avall.mdb,2026-04-14 02:17:37.493608
20080418X00516,NYC08CA141,ACC,2008-03-17 00:00:00,Mo,2049,UTC,Opa Locka,FL,USA,33054,2008,3,,,255425N,0801642W,,Opa Locka Airport,OPF,ONAP,0.0,,8,,WFAC,2053,0,opf,8,0,UTC,DAYL,,0,4100,BKN,,,10.0,75,57,90,U,17,F,T,0,30.200000762939453,,,,NONE,,,,0,0,1,0,1,N,,,,,,2020-09-25 18:04:46,,VMC,,25.906944,-80.278335,avall.mdb,2026-04-14 02:17:37.493608
20080425X00556,LAX08CA074,ACC,2008-03-11 00:00:00,Tu,2130,UTC,Richfield,UT,USA,84701,2008,3,,,384411N,0112556W,,Richfield Municipal,RIF,ONAP,0.0,,5301,,WFAC,2120,0,RIF,5301,0,UTC,DAYL,CLER,0,0,NONE,,,10.0,46,25,30,U,3,F,T,0,0.0,,,,MINR,,,,0,1,0,0,1,,,,,,,2020-09-25 18:06:16,,VMC,,38.736389,-112.098892,avall.mdb,2026-04-14 02:17:37.493608
20080401X00405,LAX08CA075,ACC,2008-03-14 00:00:00,Fr,1700,UTC,Marble Canyon,AZ,USA,86036,2008,3,,,364839N,1113840W,,Marble Canyon,L41,ONAP,0.0,,3603,,PILO,,0,,,0,,DAYL,FEW,0,0,BKN,,,10.0,0,0,270,U,20,F,F,25,0.0,,,,NONE,,,,0,0,4,0,4,,,,,,,2025-05-28 19:32:11,dobn,VMC,,36.810832,-111.644447,avall.mdb,2026-04-14 02:17:37.493608
20080425X00557,LAX08CA076,ACC,2008-03-15 00:00:00,Sa,1957,UTC,Phoenix,AZ,USA,85027,2008,3,,,334118N,0112457W,,Phoenix Deer Valley,DVT,ONAP,0.0,,1478,,WFAC,1953,0,DVT,1478,0,UTC,DAYL,CLER,0,0,NONE,,,10.0,66,10,0,Y,4,T,F,19,29.809999465942383,,,,NONE,,,,0,0,1,0,1,N,,,,,,2025-05-28 19:30:42,dobn,VMC,,33.688331,-112.082496,avall.mdb,2026-04-14 02:17:37.493608
20080325X00382,LAX08LA077,ACC,2008-03-18 00:00:00,Tu,1755,UTC,Mesa,AZ,USA,85215,2008,3,,,332739N,1114342W,,Falcon Field,FFZ,OFAP,1.0,,1394,,WFAC,1747,0,FFZ,1348,1,UTC,DAYL,CLER,0,0,NONE,,,35.0,59,28,240,U,6,F,T,0,30.1299991607666,,,,MINR,,,,0,2,0,0,2,N,,,,,,2020-09-25 18:05:31,,VMC,,33.460834,-111.728332,avall.mdb,2026-04-14 02:17:37.493608
20080319X00333,DEN08LA064,ACC,2008-03-12 00:00:00,We,1740,UTC,Santa Fe,NM,USA,87500,2008,3,,,035373N,0106537W,,Santa Fe Municipal,SAF,ONAP,0.0,,6348,,WFAC,1853,0,SAF,6348,0,UTC,DAYL,CLER,0,0,NONE,,,10.0,57,18,350,U,10,F,F,18,30.049999237060547,,,,NONE,,,,0,0,2,0,2,N,,,,,,2020-09-25 18:07:03,,VMC,,35.6175,-106.093612,avall.mdb,2026-04-14 02:17:37.493608
20080319X00334,DEN08LA065,ACC,2008-02-09 00:00:00,Sa,1715,UTC,Telluride,CO,USA,80435,2008,2,,,037571N,0107543W,,Telluride,TEX,ONAP,0.0,,9078,,WFAC,1730,0,TEX,9078,0,UTC,DAYL,CLER,0,0,NONE,,,10.0,32,45,0,U,,F,T,0,30.18000030517578,,,,NONE,,,,0,0,1,0,1,N,,,,,,2020-09-25 18:07:03,,VMC,,37.950279,-107.900833,avall.mdb,2026-04-14 02:17:37.493608
20080319X00335,DEN08LA066,ACC,2008-03-18 00:00:00,Tu,1645,UTC,Las Vegas,NM,USA,87701,2008,3,,,353915N,0105833W,,Las Vegas Municipal,LVS,ONAP,0.0,,6877,,WFAC,1653,0,LVS,6877,0,UTC,DAYL,CLER,0,0,NONE,,,10.0,39,19,30,U,22,F,F,26,30.020000457763672,,,,NONE,,,,0,0,2,0,2,N,,,,,,2020-09-25 18:05:31,,VMC,,35.654167,-105.142501,avall.mdb,2026-04-14 02:17:37.493608
20080401X00406,CHI08CA090,ACC,2008-03-01 00:00:00,Sa,2315,UTC,Apple River,IL,USA,61001,2008,3,,,042303N,0090521W,MEAS,,,,0.0,,,,WFAC,1653,0,DBQ,,0,,DAYL,CLER,0,0,,,,10.0,30,18,90,U,7,F,F,0,30.010000228881836,,,,NONE,,,,0,0,3,0,3,N,,,,,,2020-09-25 18:04:46,,VMC,,42.500911,-90.089263,avall.mdb,2026-04-14 02:17:37.493608
20080417X00511,NYC08LA142,ACC,2008-03-20 00:00:00,Th,1250,UTC,New Albany,MS,USA,38652,2008,3,,,343255N,0089127W,,New Albany,M72,ONAP,0.0,,413,,WFAC,1254,140,TUP,342,21,UTC,DAYL,CLER,0,0,NONE,,,10.0,43,36,250,U,5,F,T,0,30.229999542236328,,,,NONE,,,,0,0,2,0,2,N,,,,,,2020-09-25 18:07:03,,VMC,,34.54861,-89.024169,avall.mdb,2026-04-14 02:17:37.493608
20080325X00381,LAX08LA078,ACC,2008-03-18 00:00:00,Tu,1915,UTC,Winslow,AZ,USA,86047,2008,3,,,035119N,1104321W,,WINSLOW MUNI,INW,ONAP,0.0,,4941,,WFAC,1856,0,INW,,0,UTC,DAYL,CLER,0,0,NONE,,,10.0,54,18,340,U,11,F,F,21,30.18000030517578,,,,FATL,,,,1,0,0,0,1,N,,,,,,2020-09-25 18:07:03,,VMC,,35.021945,-110.722503,avall.mdb,2026-04-14 02:17:37.493608
20080411X00462,LAX08CA079,ACC,2008-03-18 00:00:00,Tu,2230,UTC,Moab,UT,USA,84532,2008,3,,,384518N,1094517W,,Canyonlands Field,CNY,ONAP,0.0,,4555,,WFAC,2153,0,CNY,4555,0,UTC,DAYL,CLER,0,0,NONE,,,10.0,52,21,130,U,5,F,T,0,30.1299991607666,,,,NONE,,,,0,0,1,0,1,N,,,,,,2020-09-25 18:06:16,,VMC,,38.755001,-109.754722,avall.mdb,2026-04-14 02:17:37.493608
20080324X00369,MIA08FA081,ACC,2008-03-20 00:00:00,Th,2000,UTC,Waxhaw,NC,USA,28173,2008,3,,,345911N,0804528W,EST,Aero Plantation,NC21,OFAP,1.0,,634,,WFAC,1953,90,EQY,32,7,UTC,DAYL,CLER,0,0,NONE,,,10.0,61,21,310,U,11,F,F,20,30.059999465942383,,,,FATL,,,,1,0,0,0,1,N,,,,,,2020-09-25 18:04:02,,VMC,,34.986389,-80.757774,avall.mdb,2026-04-14 02:17:37.493608
20080331X00403,DFW08CA084,ACC,2008-03-13 00:00:00,Th,1215,UTC,Back Gate,AR,USA,71674,2008,3,,,003400N,0091210W,,,,ONAP,0.0,,,,PILO,,0,,,0,,DAYL,CLER,0,0,NONE,,,10.0,52,0,0,U,,F,T,0,0.0,,,,NONE,,,,0,0,1,0,1,N,,,,,,2020-09-25 18:05:31,,VMC,,34.0,-91.349998,avall.mdb,2026-04-14 02:17:37.493608
20080410X00453,NYC08FA143,ACC,2008-03-21 00:00:00,Fr,2025,UTC,Rome,GA,USA,30165,2008,3,,,342034N,0085917W,,Richard B. Russell,RMG,OFAP,0.0,,644,,WFAC,2053,0,RMG,644,0,UTC,DAYL,CLER,0,0,NONE,,,10.0,72,27,170,U,7,F,T,0,30.049999237060547,,,,FATL,,,,2,0,0,0,2,N,,,,,,2020-09-25 18:04:46,,VMC,,34.342777,-85.154724,avall.mdb,2026-04-14 02:17:37.493608
20080418X00513,DFW08CA085,ACC,2008-03-21 00:00:00,Fr,1930,UTC,Peyton,CO,USA,80831,2008,3,,,039613N,1043223W,,,,OFAP,0.0,,,,WFAC,2154,0,KCOS,,10,UTC,NR,CLER,0,0,NONE,,,10.0,57,1,290,U,20,F,F,27,30.020000457763672,,,,MINR,,,,0,1,0,0,1,N,,,,,,2022-05-17 13:30:37,broda,VMC,,39.10361,-104.539718,avall.mdb,2026-04-14 02:17:37.493608
20080328X00397,LAX08LA080,ACC,2008-03-20 00:00:00,Th,1726,UTC,Portland,OR,USA,97218,2008,3,,,453519N,1223627W,,Portland,PDX,ONAP,0.0,,,,WFAC,1648,0,PDX,30,0,UTC,DAYL,SCAT,1800,2400,BKN,,,10.0,46,37,200,U,9,F,T,0,30.18000030517578,,,,NONE,,,,0,0,1,0,1,N,,,,,,2020-09-25 18:06:16,,VMC,,45.588611,-122.607498,avall.mdb,2026-04-14 02:17:37.493608
20080421X00525,NYC08CA146,ACC,2008-03-16 00:00:00,Su,2200,UTC,Rayle,GA,USA,30660,2008,3,,,334723N,0082541W,,Washington-Wilkes,IIY,OFAP,4.0,,646,,WFAC,2159,210,3J7,677,19,UTC,DAYL,CLER,0,0,NONE,,,10.0,70,36,330,U,3,F,T,0,30.1200008392334,,,,NONE,,,,0,0,1,0,1,N,,,,,,2020-09-25 18:04:02,,VMC,,33.789722,-82.900276,avall.mdb,2026-04-14 02:17:37.493608
20080512X00652,NYC08LA144,ACC,2008-03-22 00:00:00,Sa,306,UTC,Covington,TN,USA,38019,2008,3,,,035350N,0893513W,,Covington Municipal Airport,M04,ONAP,0.0,,,,WFAC,2150,0,NQA,,0,,,CLER,0,0,NONE,,,10.0,66,43,180,U,4,F,F,0,30.010000228881836,,,,NONE,,,,0,0,1,0,1,N,,,,,,2020-09-25 18:07:03,,VMC,,35.583332,-89.586944,avall.mdb,2026-04-14 02:17:37.493608
20080511X00647,NYC08IA145,INC,2008-03-22 00:00:00,Sa,1510,UTC,New York,NY,USA,10011,2008,3,N,Y,404527N,0074045W,MEAS,West 30th St. Heliport,JRA,ONAP,0.0,,7,,WFAC,1451,50,NYC,47,3,UTC,DAYL,FEW,8500,11000,BKN,,,10.0,41,1,0,Y,7,T,T,0,30.0,,,,NONE,,,,0,0,5,0,5,N,,,,,,2020-09-25 18:07:03,,VMC,,40.757499,-74.012496,avall.mdb,2026-04-14 02:17:37.493608
20080414X00471,DEN08CA067,ACC,2008-03-21 00:00:00,Fr,2310,UTC,Pueblo,CO,USA,81001,2008,3,,,381720N,1042947W,,PUEBLO MEMORIAL,PUB,ONAP,0.0,,,,WFAC,2320,0,pub,,0,UTC,DAYL,,0,0,,,,,64,0,280,U,22,F,T,0,30.030000686645508,,,,NONE,,,,0,0,2,0,2,,,,,,,2020-09-25 18:06:16,,VMC,,38.288887,-104.496391,avall.mdb,2026-04-14 02:17:37.493608
20080415X00484,LAX08CA081,ACC,2008-03-22 00:00:00,Sa,1845,UTC,Grangeville,ID,USA,83530,2008,3,,,455633N,0116724W,,Idaho County Airport,S80,ONAP,0.0,,,,PILO,,0,,,0,,DAYL,CLER,0,0,NONE,,,10.0,43,0,0,U,,F,T,0,0.0,,,,NONE,,,,0,0,2,0,2,,,,,,,2020-09-25 18:05:31,,VMC,,45.942501,-116.123336,avall.mdb,2026-04-14 02:17:37.493608
20080422X00531,LAX08CA082,ACC,2008-03-22 00:00:00,Sa,1614,UTC,Colfax,WA,USA,99111,2008,3,,,465131N,1172450W,,Whitman County Airport,S94,OFAP,1.0,,2181,,WFAC,1553,110,PUW,2556,24,UTC,DAYL,CLER,0,0,NONE,,,10.0,34,25,90,U,16,F,T,0,30.549999237060547,,,,NONE,,,,0,0,1,0,1,N,,,,,,2020-09-25 18:05:31,,VMC,,46.858612,-117.413887,avall.mdb,2026-04-14 02:17:37.493608
20080328X00396,LAX08LA083,ACC,2008-03-22 00:00:00,Sa,1630,UTC,Genesee,ID,USA,83832,2008,3,,,046335N,1165534W,,Heimgartner Airstrip,NONE,ONAP,0.0,,2460,,WFAC,1656,165,LWS,1442,15,UTC,DAYL,CLER,0,0,NONE,,,10.0,39,27,70,U,7,F,T,0,30.59000015258789,,,,MINR,,,,0,1,0,0,1,N,,,,,,2020-09-25 18:06:16,,VMC,,46.551387,-116.926109,avall.mdb,2026-04-14 02:17:37.493608
20080521X00704,NYC08CA147,ACC,2008-03-21 00:00:00,Fr,1715,UTC,Wauchula,FL,USA,33873,2008,3,,,273032N,0815229W,,Wachula Municipal Airport,CHN,OFAP,1.0,,,,WFAC,1652,165,LAL,142,29,UTC,DAYL,SCAT,2400,5900,BKN,,,15.0,77,63,110,U,10,F,F,0,30.1200008392334,,,,NONE,,,,0,0,1,0,1,,,,,,,2020-09-25 18:04:46,,VMC,,27.508888,-81.874725,avall.mdb,2026-04-14 02:17:37.493608
20080415X00485,LAX08CA084,ACC,2008-03-22 00:00:00,Sa,2154,UTC,Honolulu,HI,USA,96819,2008,3,,,021197N,1575521W,,Honolulu International Airport,PHNL,ONAP,0.0,,13,,WFAC,2153,0,HNL,13,0,UTC,DAYL,FEW,3300,7500,BKN,,,10.0,82,64,70,U,15,F,F,19,30.06999969482422,,,,NONE,,,,0,0,4,0,4,N,,,,,,2020-09-25 18:06:16,,VMC,,21.318611,-157.9225,avall.mdb,2026-04-14 02:17:37.493608
20080408X00437,MIA08WA082,ACC,2008-03-24 00:00:00,Mo,1745,UTC,Freeport,,BF,,2008,3,,,264054N,0079237W,,,,OFAP,8.0,,7,,WFAC,1800,270,MYGF,7,8,UTC,DAYL,FEW,1200,4000,BKN,,,10.0,72,68,0,Y,,T,T,0,30.010000228881836,,,,FATL,,,,2,0,0,0,2,O,,,,,,2020-09-25 18:07:50,,VMC,,26.681667,-79.043609,avall.mdb,2026-04-14 02:17:37.493608
20080416X00497,LAX08CA085,ACC,2008-03-25 00:00:00,Tu,200,UTC,Blythe,CA,USA,92225,2008,3,,,033379N,0114431W,,,,OFAP,0.0,,,,PILO,,0,,,0,,DUSK,CLER,0,0,NONE,,,10.0,70,0,0,U,,F,T,0,0.0,,,,NONE,,,,0,0,1,0,1,,,,,,,2020-09-25 18:06:16,,VMC,,33.619167,-114.716941,avall.mdb,2026-04-14 02:17:37.493608
20080403X00422,SEA08CA093,ACC,2008-03-25 00:00:00,Tu,1621,UTC,Dayton,WA,USA,99328,2008,3,,,461647N,0118732W,,Private Road,NONE,ONAP,0.0,,,,PILO,,0,,,0,,DAYL,,12000,12000,BKN,,,10.0,45,0,220,U,,F,F,15,30.1200008392334,,,,MINR,,,,0,1,0,0,1,N,,,,,,2020-09-25 18:05:31,,VMC,,46.279724,-118.125556,avall.mdb,2026-04-14 02:17:37.493608
20080509X00640,DCA08IA048,INC,2008-03-22 00:00:00,Sa,1300,UTC,Richmond,VA,USA,23223,2008,3,,,373334N,0772245W,MEAS,,,OFAP,0.0,,,,,,0,,,0,,DAYL,,0,0,,,,,0,0,0,U,,F,F,0,0.0,,,,NONE,,,,0,0,180,0,180,N,,,,,,2024-07-03 16:00:36,broda,VMC,,37.559574,-77.379219,avall.mdb,2026-04-14 02:17:37.493608
20080403X00419,NYC08FA148,ACC,2008-03-25 00:00:00,Tu,40,UTC,Venice,FL,USA,34285,2008,3,,,027442N,0082280W,,Venice Municipal Airport,VNC,OFAP,1.0,,18,,WFAC,53,330,SRQ,30,20,UTC,NITE,CLER,0,0,NONE,,,10.0,57,36,340,U,9,F,T,0,30.190000534057617,,,,FATL,,,,1,0,0,0,1,N,,,,,,2020-09-25 18:04:46,,VMC,,27.078332,-82.466667,avall.mdb,2026-04-14 02:17:37.493608
20080331X00400,SEA08LA095,ACC,2008-03-26 00:00:00,We,324,UTC,Bridger,MT,USA,59014,2008,3,,,451126N,1083535W,,,,OFAP,0.0,,,,WFAC,453,350,BIL,3652,37,UTC,NITE,,9500,9500,BKN,,,10.0,34,16,210,U,4,F,F,0,29.969999313354492,,,,MINR,,,,0,1,0,0,1,N,,,,,,2020-09-25 18:05:31,,VMC,,45.190555,-108.593055,avall.mdb,2026-04-14 02:17:37.493608
20080331X00402,CHI08CA089,ACC,2008-03-02 00:00:00,Su,2100,UTC,Scribner,NE,USA,68057,2008,3,,,413937N,0963939W,MEAS,SCRIBNER STATE,SCB,ONAP,0.0,,,,,,0,,,0,,DAYL,,0,0,,,,,0,0,0,U,,F,F,0,0.0,,,,NONE,,,,0,0,1,0,1,,,,,,,2020-09-25 18:04:02,,VMC,,41.660186,-96.660896,avall.mdb,2026-04-14 02:17:37.493608
20080425X00544,DFW08CA086,ACC,2008-03-26 00:00:00,We,1400,UTC,Plains,KS,USA,67869,2008,3,,,371522N,1003519W,,Private,NONE,OFAP,0.0,,,,,,0,,,0,,DAYL,,0,0,,,,,0,0,0,U,,F,F,0,0.0,,,,NONE,,,,0,0,1,0,1,,,,,,,2020-09-25 18:05:31,,VMC,,37.256111,-100.588607,avall.mdb,2026-04-14 02:17:37.493608
20080331X00404,SEA08IA096,INC,2008-03-26 00:00:00,We,1920,UTC,Page,AZ,USA,86040,2008,3,,,365533N,1112654W,EST,Page Municipal,PGA,ONAP,0.0,,4316,,WFAC,1853,0,PGA,4316,0,UTC,DAYL,CLER,0,0,NONE,,,10.0,66,16,30,U,5,F,F,0,30.010000228881836,,,,NONE,,,,0,0,13,0,13,N,,,,,,2020-09-25 18:07:03,,VMC,,36.925834,-111.448333,avall.mdb,2026-04-14 02:17:37.493608
20080416X00498,LAX08CA087,ACC,2008-03-16 00:00:00,Su,2300,UTC,Bremerton,WA,USA,98367,2008,3,,,472942N,1224628W,,Bremerton National Airport,PWT,ONAP,0.0,,444,,WFAC,2355,0,PWT,444,0,UTC,DAYL,FEW,3200,5000,BKN,,,10.0,45,32,190,U,14,F,F,20,30.290000915527344,,,,NONE,,,,0,0,1,0,1,N,,,,,,2020-09-25 18:06:16,,VMC,,47.494998,-122.774444,avall.mdb,2026-04-14 02:17:37.493608
20080403X00417,ENG08WA019,INC,2008-03-25 00:00:00,Tu,822,UTC,Dhaka,,BG,,2008,3,,,,,,,,,0.0,,,,,,0,,,0,,,,0,0,,,,,0,0,0,U,,F,F,0,0.0,,,,,,,,0,0,0,0,,O,,,,,,2020-09-25 18:07:50,,,,,,avall.mdb,2026-04-14 02:17:37.493608
20080430X00568,MIA08FA091,ACC,2008-04-18 00:00:00,Fr,1555,UTC,Skaneateles,NY,USA,13152,2008,4,,,004370N,0076829W,EST,SKANEATELES AERO DROME,6B9,OFAP,0.0,,1038,,WFAC,1554,51,SYR,421,19,UTC,DAYL,FEW,20000,0,NONE,,,10.0,77,39,0,Y,,T,T,0,30.0,,,,FATL,,,,1,0,0,1,2,N,,,,,,2020-09-25 18:04:02,,VMC,,43.116664,-76.141387,avall.mdb,2026-04-14 02:17:37.493608
20080610X00820,LAX08LA086,ACC,2008-03-26 00:00:00,We,2250,UTC,Henderson,NV,USA,89502,2008,3,,,392847N,1194421W,MEAS,Henderson Executive Airport,HND,ONAP,0.0,,2492,,WFAC,2250,0,HND,2492,0,UTC,DAYL,CLER,0,0,NONE,,,20.0,75,0,210,U,13,F,F,22,30.010000228881836,,,,NONE,,,,0,0,9,0,9,N,,,,,,2020-09-25 18:06:16,,VMC,,39.479694,-119.739242,avall.mdb,2026-04-14 02:17:37.493608
20080404X00426,DFW08IA087,INC,2008-03-27 00:00:00,Th,2308,UTC,Houston,TX,USA,77396,2008,3,,,030026N,0951849W,MEAS,George Bush Intercontinental,KIAH,ONAP,2.0,,97,,WFAC,2253,0,IAH,,0,UTC,DUSK,FEW,4700,0,NONE,,,10.0,79,57,170,U,16,F,F,21,29.84000015258789,,,,NONE,,,,0,0,118,0,118,N,,,,,,2020-09-25 18:04:46,,VMC,,30.007223,-95.313613,avall.mdb,2026-04-14 02:17:37.493608
20080424X00539,SEA08CA097,ACC,2008-03-28 00:00:00,Fr,1915,UTC,Phoenix,AZ,USA,85027,2008,3,,,334128N,1125412W,,Phoenix Deer Valley,DVT,ONAP,0.0,,,,WFAC,1853,0,DVT,,0,UTC,DAYL,CLER,0,0,NONE,,,10.0,79,25,190,U,5,F,T,0,29.809999465942383,,,,NONE,,,,0,0,1,0,1,,,,,,,2020-09-25 18:06:16,,VMC,,33.691112,-112.903335,avall.mdb,2026-04-14 02:17:37.493608
20080416X00493,SEA08LA098,ACC,2008-03-27 00:00:00,Th,1930,UTC,Aurora,OR,USA,97002,2008,3,,,451449N,1224620W,,,,OFAP,0.0,,,,WFAC,2029,300,UAO,200,1,UTC,DAYL,,2700,2700,BKN,,,10.0,45,34,190,U,10,F,F,16,30.3799991607666,,,,NONE,,,,0,0,2,0,2,N,,,,,,2020-09-25 18:06:16,,VMC,,45.246944,-122.772224,avall.mdb,2026-04-14 02:17:37.493608
20080409X00444,NYC08WA121,ACC,2008-02-28 00:00:00,Th,1100,,Lago Ranco,,CI,,2008,2,,,040190S,0072130W,,,,,0.0,,,,,,0,,,0,,,,0,0,,,,,0,0,0,U,,F,F,0,0.0,,,,,,,,0,0,0,0,,O,,,,,,2020-09-25 18:07:50,,VMC,,-40.316665,-72.216667,avall.mdb,2026-04-14 02:17:37.493608
20080502X00587,NYC08RA149,ACC,2008-03-30 00:00:00,Su,1338,UTC,"Farnborough, Ke",,UK,,2008,3,,,512153N,0000040E,,,,,0.0,,,,WFAC,1322,0,EGKB,,0,,,SCAT,4000,0,NONE,,,9999.0,52,39,270,U,6,F,F,0,29.540000915527344,,,,FATL,,,,5,0,0,0,5,O,,,,,,2020-09-25 18:07:50,,VMC,,51.364723,0.066666,avall.mdb,2026-04-14 02:17:37.493608
20080409X00441,NYC08LA150,ACC,2008-03-29 00:00:00,Sa,1720,UTC,Rincon,GA,USA,31326,2008,3,,,321428N,0811225W,,Hooter Field,,,1.0,,33,,WFAC,1753,180,SAV,50,15,UTC,DAYL,FEW,45,0,NONE,,,9.0,79,46,240,U,8,F,F,16,30.059999465942383,,,,SERS,,,,0,0,0,1,1,N,,,,,,2020-09-25 18:07:03,,VMC,,32.241111,-81.206947,avall.mdb,2026-04-14 02:17:37.493608
20080518X00692,MIA08CA084,ACC,2008-03-29 00:00:00,Sa,1630,UTC,Marlboro,MA,USA,1752,2008,3,,,422035N,0713032W,,Marlboro Airport,9B1,ONAP,0.0,,,,WFAC,1656,50,KBED,,12,UTC,DAYL,,0,4800,OVC,,,10.0,32,14,300,U,18,F,F,24,30.290000915527344,,,,NONE,,,,0,0,1,0,1,,,,,,,2020-09-25 18:04:02,,VMC,,42.343055,-71.508888,avall.mdb,2026-04-14 02:17:37.493608
20080418X00515,DEN08CA068,ACC,2008-03-28 00:00:00,Fr,2025,UTC,Mankato,KS,USA,66956,2008,3,,,003980N,0009820W,,MANKATO,TKO,ONAP,0.0,,,,,,0,,,0,,DAYL,,0,0,,,,,0,0,0,U,,F,F,0,0.0,,,,NONE,,,,0,0,1,0,1,,,,,,,2020-09-25 18:05:31,,VMC,,39.133335,-98.033332,avall.mdb,2026-04-14 02:17:37.493608
20080402X00414,DEN08LA069,ACC,2008-03-29 00:00:00,Sa,2254,UTC,Elizabeth,CO,USA,80107,2008,3,,,039360N,0010460W,,,,OFAP,0.0,,,,WFAC,2255,300,APA,,17,UTC,DAYL,CLER,0,0,NONE,,,10.0,61,0,0,Y,13,T,F,15,29.670000076293945,,,,NONE,,,,0,0,3,0,3,N,,,,,,2020-09-25 18:06:16,,VMC,,39.599998,-104.099998,avall.mdb,2026-04-14 02:17:37.493608
20080410X00452,SEA08CA099,ACC,2008-03-29 00:00:00,Sa,1305,UTC,Prescott,AZ,USA,86305,2008,3,,,343927N,1122517W,,Ernest A. Love Field Airport,PRC,ONAP,0.0,,,,WFAC,1253,0,PRC,5045,0,UTC,DAYL,CLER,0,0,NONE,,,10.0,45,28,210,U,6,F,T,0,29.8700008392334,,,,NONE,,,,0,0,1,0,1,N,,,,,,2020-09-25 18:05:31,,VMC,,34.657501,-112.421386,avall.mdb,2026-04-14 02:17:37.493608
20080403X00415,SEA08LA100,ACC,2008-03-30 00:00:00,Su,0,UTC,Buckeye,AZ,USA,85326,2008,3,,,332513N,1124110W,,Buckeye Municipal Airport,BXK,ONAP,1.0,,1021,,WFAC,47,180,BXK,1021,1,UTC,DAYL,CLER,0,0,NONE,,,60.0,82,39,250,U,12,F,F,20,29.729999542236328,,,,NONE,,,,0,0,1,0,1,N,,,,,,2020-09-25 18:05:31,,VMC,,33.420276,-112.686111,avall.mdb,2026-04-14 02:17:37.493608
20080424X00535,MIA08CA085,ACC,2008-03-29 00:00:00,Sa,1830,UTC,Mount Dora,FL,USA,32757,2008,3,,,284216N,0813432W,,,,OFAP,10.0,,143,,WFAC,1453,0,KLEE,,0,,DAYL,FEW,7000,0,NONE,,,10.0,81,52,0,U,3,F,F,0,30.110000610351562,,,,NONE,,,,0,0,2,0,2,N,,,,,,2020-09-25 18:04:46,,VMC,,28.704444,-81.575553,avall.mdb,2026-04-14 02:17:37.493608
20080403X00416,DFW08LA088,ACC,2008-03-30 00:00:00,Su,1430,UTC,Questa,NM,USA,87556,2008,3,,,364223N,1053535W,,,,OFAP,0.0,,,,WFAC,2035,200,SKX,7095,15,UTC,DAYL,CLER,0,0,NONE,,,10.0,48,21,220,U,6,F,T,0,30.010000228881836,,,,SERS,,,,0,1,0,5,6,N,,,,,,2020-09-25 18:04:02,,VMC,,36.70639,-105.593055,avall.mdb,2026-04-14 02:17:37.493608
20080408X00436,MIA08LA083,ACC,2008-03-28 00:00:00,Fr,1715,UTC,DeLand,FL,USA,32724,2008,3,,,002941N,0081172W,,DeLand Municipal Airport,DED,OFAP,1.0,,79,,WFAC,1653,66,KDAB,34,14,UTC,DAYL,FEW,5500,0,NONE,,,10.0,79,48,0,Y,4,T,T,0,30.139999389648438,,,,NONE,,,,0,0,1,0,1,N,,,,,,2020-09-25 18:04:46,,VMC,,29.066944,-81.283889,avall.mdb,2026-04-14 02:17:37.493608
20080509X00643,DFW08LA089,ACC,2008-03-28 00:00:00,Fr,1630,UTC,Abbeville,LA,USA,70510,2008,3,Y,N,295644N,0092849W,,,,OFAP,0.0,,,,WFAC,1653,80,ARA,16,18,UTC,DAYL,FEW,4200,0,NONE,,,10.0,79,63,190,U,10,F,T,0,30.030000686645508,,,,NONE,,,,0,0,2,0,2,N,,,,,,2020-09-25 18:04:02,,VMC,,29.945554,-92.146942,avall.mdb,2026-04-14 02:17:37.493608
20080403X00425,SEA08LA101,ACC,2008-03-31 00:00:00,Mo,1800,UTC,Marana,AZ,USA,85653,2008,3,,,322434N,0111136W,,Marana Regional Airport,KAVQ,OFAP,0.0,,1893,,PILO,,0,,,0,,DAYL,CLER,0,0,NONE,,,10.0,70,0,0,U,,F,T,0,30.059999465942383,,,,MINR,,,,0,1,0,0,1,N,,,,,,2020-09-25 18:06:16,,VMC,,32.409442,-111.21833,avall.mdb,2026-04-14 02:17:37.493608
20080804X01152,ANC08WA045,ACC,2008-03-28 00:00:00,Fr,1415,UTC,Wainwright,,CA,,2008,3,,,525432N,0110412W,,,,,0.0,,,,,,0,,,0,,,,0,0,,,,,0,0,0,U,,F,F,0,0.0,,,,FATL,,,,5,0,0,0,5,O,,,,,,2020-09-25 18:07:50,,IMC,,52.908889,-110.683891,avall.mdb,2026-04-14 02:17:37.493608
20080404X00432,DFW08WA090,INC,2008-02-25 00:00:00,Mo,730,UTC,Mexico City,,MX,0,2008,2,,,019260N,0009940W,,,,,0.0,,,,WFAC,745,0,MEX,7316,0,UTC,NITE,CLER,0,0,NONE,,,15.0,57,45,280,U,,F,T,0,30.389999389648438,,,,NONE,0,0,0,0,0,403,0,403,O,,,,,,2020-09-25 18:07:50,,VMC,,19.433332,-99.066665,avall.mdb,2026-04-14 02:17:37.493608
20080408X00439,DFW08WA091,ACC,2008-03-28 00:00:00,Fr,1450,UTC,Monterrey,,MX,0,2008,3,,,025310N,0100140W,,,,,0.0,,,,WFAC,1352,0,MMAN,1476,0,UTC,DAYL,CLER,0,0,NONE,,,12.0,45,37,230,U,4,F,T,0,30.1200008392334,,,,NONE,,,,0,0,2,0,2,O,,,,,,2020-09-25 18:07:50,,VMC,,25.516666,-100.233329,avall.mdb,2026-04-14 02:17:37.493608
20080407X00434,ANC08LA046,ACC,2008-04-01 00:00:00,Tu,2340,UTC,Koliganek,AK,USA,99576,2008,4,,,059370N,1573042W,,,,OFAP,0.0,,,,WFAC,1840,20,PAJZ,269,10,UTC,DAYL,,0,400,BKN,,,2.0,34,32,130,U,15,F,T,0,29.670000076293945,,,,MINR,,,,0,1,0,0,1,N,,,,,,2020-09-25 18:04:02,,IMC,,59.616664,-157.511672,avall.mdb,2026-04-14 02:17:37.493608
20080509X00644,ANC08LA047,ACC,2008-04-01 00:00:00,Tu,1700,UTC,Ugashik,AK,USA,99613,2008,4,,,057340N,0157130W,,,,OFAP,0.0,,,,PILO,,0,,,0,,DAYL,,4000,4000,BKN,,,10.0,34,0,0,Y,,T,T,0,0.0,,,,NONE,,,,0,0,1,0,1,N,,,,,,2020-09-25 18:04:02,,VMC,,57.566665,-157.024993,avall.mdb,2026-04-14 02:17:37.493608
20080409X00445,MIA08LA086,ACC,2008-04-04 00:00:00,Fr,14,UTC,New York,NY,USA,11430,2008,4,,,403823N,0734644W,,John F. Kennedy Intl Airport,KJFK,ONAP,0.0,,13,,WFAC,19,0,JFK,13,0,UTC,NITE,SCAT,5000,9000,BKN,,,10.0,43,28,180,U,12,F,T,0,30.420000076293945,,,,NONE,,,,0,0,2,0,2,N,,,,,,2020-09-25 18:04:02,,VMC,,40.63972,-73.778892,avall.mdb,2026-04-14 02:17:37.493608
20080522X00713,NYC08CA151,ACC,2008-04-03 00:00:00,Th,2215,UTC,Columbus,GA,USA,31909,2008,4,,,323059N,0845620W,,Columbus Metropolitan,CSG,ONAP,0.0,,397,,WFAC,2151,0,CSG,397,0,UTC,DAYL,,0,1000,OVC,,,8.0,63,57,100,U,14,F,T,0,30.040000915527344,,,,NONE,,,,0,0,2,0,2,N,,,,,,2020-09-25 18:04:02,,VMC,,32.516387,-84.938888,avall.mdb,2026-04-14 02:17:37.493608
20080404X00427,CHI08WA093,INC,2008-03-14 00:00:00,Fr,1433,UTC,Edinburgh,,UK,,2008,3,,,,,,,,,0.0,,,,,,0,,,0,,,,0,0,,,,,0,0,0,U,,F,F,0,0.0,,,,NONE,,,,0,0,2,0,2,O,,,,,,2020-09-25 18:07:50,,,,,,avall.mdb,2026-04-14 02:17:37.493608
20080505X00597,NYC08LA152,ACC,2008-04-06 00:00:00,Su,1856,UTC,Louisville,KY,USA,40209,2008,4,,,381342N,0853948W,MEAS,Bowman Field,LOU,OFAP,2.0,,546,,WFAC,1853,60,LOU,546,1,UTC,DAYL,CLER,0,0,NONE,,,10.0,63,45,0,Y,4,T,T,0,29.969999313354492,,,,SERS,,,,0,0,0,1,1,N,,,,,,2020-09-25 18:07:03,,VMC,,38.228332,-85.66333,avall.mdb,2026-04-14 02:17:37.493608
20080522X00711,NYC08CA154,ACC,2008-04-06 00:00:00,Su,1910,UTC,Alabaster,AL,USA,35007,2008,4,,,331037N,0864658W,,Shelby County Airport,EET,ONAP,0.0,,587,,WFAC,1853,0,EET,587,0,UTC,DAYL,FEW,3800,0,NONE,,,10.0,72,55,10,U,4,F,T,0,29.950000762939453,,,,MINR,,,,0,2,0,0,2,N,,,,,,2020-09-25 18:04:02,,VMC,,33.176944,-86.782775,avall.mdb,2026-04-14 02:17:37.493608
20080421X00520,NYC08CA153,ACC,2008-04-06 00:00:00,Su,1945,UTC,Lincoln,ME,USA,4457,2008,4,N,Y,452144N,0068325W,,Lincoln Regional Airport,LRG,ONAP,0.0,,208,,WFAC,1953,355,MLT,408,15,UTC,DAYL,,0,2900,OVC,,,10.0,43,32,20,U,5,F,T,0,30.459999084472656,,,,MINR,,,,0,1,1,0,2,N,,,,,,2020-09-25 18:04:46,,VMC,,45.36222,-68.534721,avall.mdb,2026-04-14 02:17:37.493608
20080425X00546,NYC08FA155,ACC,2008-04-06 00:00:00,Su,2156,UTC,Belfast,ME,USA,4915,2008,4,,,442347N,0685743W,,Belfast  Municipal Airport,BST,OFAP,0.0,,198,,WFAC,1755,0,RKD,,0,,,,0,3200,OVC,,,10.0,43,34,80,U,10,F,F,0,30.450000762939453,,,,FATL,,,,1,0,0,0,1,N,,,,,,2020-09-25 18:04:46,,VMC,,44.396389,-68.961944,avall.mdb,2026-04-14 02:17:37.493608
20080407X00433,DFW08TA092,ACC,2008-04-05 00:00:00,Sa,503,UTC,Topeka,KS,USA,66616,2008,4,,,003949N,0953715W,MEAS,,,OFAP,0.0,,,,WFAC,1653,0,KTOP,,0,UTC,NITE,CLER,0,0,NONE,,,9.0,45,32,130,U,3,F,T,0,30.010000228881836,,,,NONE,,,,0,0,3,0,3,N,,,,,,2020-09-25 18:04:46,,VMC,,39.069179,-95.620788,avall.mdb,2026-04-14 02:17:37.493608
20080430X00574,SEA08CA102,ACC,2008-04-03 00:00:00,Th,2305,UTC,Three Forks,MT,USA,59752,2008,4,,,455257N,1113350W,,Three Forks,9S5,ONAP,0.0,,,,WFAC,2245,10,9S5,3893,4,UTC,DAYL,CLER,0,0,NONE,,,30.0,0,0,110,U,10,F,T,0,0.0,,,,NONE,,,,0,0,1,0,1,,,,,,,2020-09-25 18:05:31,,VMC,,45.882499,-111.563888,avall.mdb,2026-04-14 02:17:37.493608
20080430X00570,SEA08CA103,ACC,2008-04-04 00:00:00,Fr,2045,UTC,Alturas,CA,USA,96101,2008,4,,,412858N,1203355W,,Alturas Municipal Airport,KAAT,ONAP,0.0,,,,WFAC,2055,0,AAT,4382,0,UTC,DAYL,CLER,0,0,NONE,,,,54,19,240,U,20,F,F,32,0.0,,,,MINR,,,,0,1,0,0,1,N,,,,,,2020-09-25 18:06:16,,VMC,,41.482776,-120.565277,avall.mdb,2026-04-14 02:17:37.493608
20080410X00447,SEA08LA104,ACC,2008-04-05 00:00:00,Sa,2247,UTC,Pahrump,NV,USA,89048,2008,4,,,361825N,1155920W,,,,OFAP,0.0,,,,WFAC,2256,110,LAS,2181,51,UTC,DAYL,SCAT,25000,0,NONE,,,10.0,75,23,0,U,,F,T,0,29.68000030517578,,,,NONE,,,,0,0,3,0,3,N,,,,,,2020-09-25 18:05:31,,VMC,,36.306945,-115.988891,avall.mdb,2026-04-14 02:17:37.493608
20080722X01094,NYC08CA156,ACC,2008-04-07 00:00:00,Mo,200,UTC,Miami,FL,USA,33126,2008,4,,,252222N,0082952W,,Miami International Airport,MIA,OFAP,80.0,,8,,WFAC,159,90,MIA,8,80,UTC,NITE,SCAT,500,1600,BKN,,,0.5,73,66,190,U,22,F,F,31,30.0,,,,SERS,,,,0,1,146,1,148,N,,,,,,2020-09-25 18:05:31,,IMC,,25.372777,-82.164443,avall.mdb,2026-04-14 02:17:37.493608
20080914X01449,MIA08CA087,ACC,2008-04-06 00:00:00,Su,2000,UTC,State College,PA,USA,16801,2008,4,,,405058N,0775055W,,UNIVERSITY PARK,UNV,OFAP,0.0,,1239,,WFAC,1920,0,UNV,1239,0,UTC,DAYL,FEW,3500,0,NONE,,,10.0,54,34,150,U,9,F,T,0,30.040000915527344,,,,NONE,,,,0,0,2,0,2,N,,,,,,2020-09-25 18:04:02,,VMC,,40.849445,-77.848609,avall.mdb,2026-04-14 02:17:37.493608
20080515X00669,DFW08CA093,ACC,2008-02-08 00:00:00,Fr,1711,UTC,Arlington,TX,USA,76018,2008,2,,,324023N,0009765W,,Arlington Municipal,F54,ONAP,0.0,,628,,WFAC,1653,0,KGKY,628,0,UTC,DAYL,CLER,0,0,NONE,,,10.0,55,25,200,U,14,F,F,27,29.8700008392334,,,,NONE,,,,0,0,1,0,1,N,,,,,,2020-09-25 18:06:16,,VMC,,32.673053,-97.101387,avall.mdb,2026-04-14 02:17:37.493608
20080410X00448,SEA08LA105,ACC,2008-04-07 00:00:00,Mo,2130,UTC,Cheyenne,WY,USA,82009,2008,4,,,413255N,1045257W,,,,OFAP,0.0,,,,WIT,,0,,,0,,DAYL,,0,0,VV,,,0.0,0,0,0,U,,F,F,0,0.0,,,,FATL,,,,1,0,0,0,1,N,,,,,,2020-09-25 18:05:31,,IMC,,41.54861,-104.882499,avall.mdb,2026-04-14 02:17:37.493608
20080422X00528,NYC08FA157,ACC,2008-04-07 00:00:00,Mo,1626,UTC,Seale,AL,USA,36875,2008,4,,,322159N,0085858W,EST,Columbus Metropolitan Airport,CSG,OFAP,16.0,,397,,WFAC,1651,100,CSG,232,95,UTC,DAYL,,0,1000,OVC,,,9.0,64,63,0,Y,3,T,F,0,30.040000915527344,,,,FATL,,,,2,0,0,0,2,N,,,,,,2020-09-25 18:04:46,,IMC,,32.36639,-85.149444,avall.mdb,2026-04-14 02:17:37.493608
20080421X00519,NYC08FA158,ACC,2008-04-07 00:00:00,Mo,2101,UTC,Polk City,FL,USA,33868,2008,4,,,281046N,0814912W,MEAS,,,OFAP,0.0,,,,WFAC,2058,200,LAL,142,15,UTC,DAYL,SCAT,3000,25000,BKN,,,15.0,81,61,30,U,4,F,T,0,30.0,,,,FATL,,,,1,0,0,0,1,N,,,,,,2020-09-25 18:04:46,,VMC,,28.179401,-81.82006,avall.mdb,2026-04-14 02:17:37.493608
20080411X00455,DFW08LA094,ACC,2008-04-07 00:00:00,Mo,2050,UTC,Paducah,TX,USA,79248,2008,4,,,034929N,0100103W,,,,OFAP,0.0,,,,WFAC,1853,120,CDS,1954,16,UTC,DAYL,CLER,0,0,NONE,,,10.0,81,37,170,U,6,F,T,0,29.760000228881836,,,,NONE,,,,0,0,2,0,2,N,,,,,,2020-09-25 18:04:46,,VMC,,34.158054,-100.167503,avall.mdb,2026-04-14 02:17:37.493608
20081003X41448,CHI08LA096,ACC,2008-03-26 00:00:00,We,1930,UTC,Monroe,WI,USA,53566,2008,3,,,423651N,0893525W,,Monroe Municipal,EFT,ONAP,0.0,,,,WFAC,2036,0,EFT,1086,0,UTC,DAYL,CLER,0,0,NONE,,,10.0,48,23,270,U,10,F,F,17,30.06999969482422,,,,NONE,,,,0,0,2,0,2,N,,,,,,2020-09-25 18:06:16,,VMC,,42.614166,-89.590278,avall.mdb,2026-04-14 02:17:37.493608
20080809X01195,NYC08CA159,ACC,2008-04-07 00:00:00,Mo,2040,UTC,Vero Beach,FL,USA,32960,2008,4,,,273933N,0080258W,,Vero Beach Municipal,VRB,ONAP,0.0,,24,,WFAC,2047,0,VRB,24,0,UTC,DAYL,SCAT,2000,0,NONE,,,10.0,79,66,350,U,13,F,F,17,29.889999389648438,,,,MINR,,,,0,2,0,0,2,N,,,,,,2021-05-12 16:54:27,,VMC,,27.659166,-80.418891,avall.mdb,2026-04-14 02:17:37.493608
20080611X00837,ANC08CA048,ACC,2008-05-03 00:00:00,Sa,2100,UTC,Anchorge,AK,USA,99502,2008,5,,,611113N,1495755W,,,,,0.0,,,,WFAC,1253,0,Z41,,0,,DAYL,CLER,0,0,NONE,,,10.0,54,25,140,U,12,F,F,20,29.920000076293945,,,,NONE,,,,0,0,2,0,2,N,,,,,,2020-09-25 18:04:02,,VMC,,61.186943,-149.96527,avall.mdb,2026-04-14 02:17:37.493608
20080410X00449,LAX08FA092,ACC,2008-04-03 00:00:00,Th,229,UTC,Benson,AZ,USA,85602,2008,4,,,315958N,1102143W,EST,Benson Municipal,E95,ONAP,0.0,,,,WFAC,253,209,TUS,2643,29,UTC,NITE,CLER,0,0,NONE,,,10.0,72,16,270,U,9,F,F,0,29.959999084472656,,,,FATL,,,,2,0,0,0,2,N,,,,,,2020-09-25 18:06:16,,VMC,,31.999444,-110.361946,avall.mdb,2026-04-14 02:17:37.493608
20080609X00816,LAX08LA088,ACC,2008-03-28 00:00:00,Fr,2315,UTC,San Diego,CA,USA,92123,2008,3,,,324856N,0117822W,MEAS,MONTGOMERY FIELD,MYF,ONAP,0.0,,427,,WFAC,2253,0,MYF,427,0,UTC,DAYL,CLER,0,0,NONE,,,9.0,63,118,260,U,7,F,T,0,29.889999389648438,,,,MINR,,,,0,1,0,0,1,N,,,,,,2020-09-25 18:06:16,,VMC,,32.815555,-117.139442,avall.mdb,2026-04-14 02:17:37.493608
20080411X00457,CHI08CA091,ACC,2008-03-17 00:00:00,Mo,1630,UTC,Batavia,OH,USA,45103,2008,3,,,039413N,0841045W,MEAS,,,,0.0,,,,WFAC,1653,270,LUK,,10,UTC,DAYL,SCAT,10000,0,NONE,,,10.0,43,23,110,U,9,F,F,0,30.450000762939453,,,,NONE,,,,0,0,1,0,1,N,,,,,,2020-09-25 18:04:02,,VMC,,39.070388,-84.179054,avall.mdb,2026-04-14 02:17:37.493608
20080610X00819,LAX08LA089,ACC,2008-03-30 00:00:00,Su,2130,UTC,Redding,CA,USA,96001,2008,3,,,403416N,1222416W,,Benton Field Airport,O85,ONAP,0.0,,719,,WFAC,2145,127,RDD,505,6,UTC,DAYL,CLER,0,0,NONE,,,10.0,57,12,0,Y,,T,T,0,29.979999542236328,,,,SERS,,,,0,0,0,1,1,N,,,,,,2020-09-25 18:05:31,,VMC,,40.571109,-122.404441,avall.mdb,2026-04-14 02:17:37.493608
20080415X00481,DEN08LA070,ACC,2008-03-18 00:00:00,Tu,2030,UTC,Glenwood Spring,CO,USA,81601,2008,3,,,393035N,1071855W,,Glenwood Springs Municipal,GWS,ONAP,0.0,,5916,,WFAC,1953,260,RIL,5544,23,UTC,DAYL,FEW,6500,0,NONE,,,10.0,46,18,300,U,11,F,F,22,30.139999389648438,,,,NONE,,,,0,0,1,0,1,N,,,,,,2020-09-25 18:07:03,,VMC,,39.509723,-107.315277,avall.mdb,2026-04-14 02:17:37.493608
20080415X00482,DEN08LA071,ACC,2008-04-04 00:00:00,Fr,2003,UTC,La Porte,TX,USA,77571,2008,4,,,294017N,0095425W,,La Porte Municipal,T41,ONAP,0.0,,25,,PILO,,0,,,0,,DAYL,,0,800,BKN,,,10.0,64,61,330,U,13,F,F,21,29.809999465942383,,,,MINR,,,,0,1,1,0,2,N,,,,,,2020-09-25 18:07:03,,VMC,,29.671388,-95.073608,avall.mdb,2026-04-14 02:17:37.493608
20080421X00522,LAX08CA090,ACC,2008-04-01 00:00:00,Tu,2200,UTC,El Cajon,CA,USA,92020,2008,4,,,324934N,1165821W,,Gillespie Field,KSEE,ONAP,0.0,,,,WFAC,2249,0,KSEE,388,0,UTC,DAYL,FEW,4000,12000,BKN,,,10.0,64,45,290,U,15,F,T,0,30.040000915527344,,,,NONE,,,,0,0,1,0,1,N,,,,,,2020-09-25 18:07:03,,VMC,,32.82611,-116.972503,avall.mdb,2026-04-14 02:17:37.493608
20080421X00523,LAX08CA091,ACC,2008-03-20 00:00:00,Th,700,UTC,Idaho Falls,ID,USA,83402,2008,3,,,433113N,1121613W,MEAS,Idaho Falls Regional,KIDA,ONAP,0.0,,,,WFAC,1253,0,KIDA,,0,UTC,NITE,,0,10000,OVC,,,10.0,34,27,200,U,11,F,T,0,30.1200008392334,,,,NONE,,,,0,0,6,0,6,N,,,,,,2020-09-25 18:06:16,,VMC,,43.520168,-112.270317,avall.mdb,2026-04-14 02:17:37.493608
20080606X00806,LAX08IA093,INC,2008-04-02 00:00:00,We,2123,UTC,Hillsboro,OR,USA,97006,2008,4,,,452543N,1225632W,,PORTLAND-HILLSBORO,HIO,ONAP,0.0,,208,,WFAC,2053,0,HIO,208,0,UTC,DAYL,CLER,0,0,NONE,,,10.0,54,30,0,U,,F,T,0,30.170000076293945,,,,NONE,,,,0,0,2,0,2,N,,,,,,2020-09-25 18:06:16,,VMC,,45.428611,-122.942222,avall.mdb,2026-04-14 02:17:37.493608
20080411X00461,LAX08CA094,ACC,2008-03-20 00:00:00,Th,2130,UTC,Riverside,CA,USA,92509,2008,3,,,335920N,1172436W,,Flabob,RIR,ONAP,1.0,,,,WFAC,2153,250,CNO,650,11,UTC,DAYL,FEW,20000,0,NONE,,,7.0,70,45,260,U,10,F,T,0,30.09000015258789,,,,NONE,,,,0,0,1,0,1,N,,,,,,2022-04-06 14:10:45,broda,VMC,,33.988887,-117.410003,avall.mdb,2026-04-14 02:17:37.493608
20080423X00532,SEA08CA106,ACC,2008-04-08 00:00:00,Tu,1825,UTC,Redding,CA,USA,96002,2008,4,,,403032N,1221736W,,Redding Municipal,RDD,ONAP,0.0,,,,WFAC,1753,0,RDD,505,0,UTC,DAYL,CLER,0,0,NONE,,,10.0,57,30,0,Y,3,T,T,0,29.950000762939453,,,,NONE,,,,0,0,2,0,2,,,,,,,2020-09-25 18:06:16,,VMC,,40.508888,-122.293334,avall.mdb,2026-04-14 02:17:37.493608
20080414X00465,DEN08FA072,ACC,2008-04-08 00:00:00,Tu,1805,UTC,Colorado Spring,CO,USA,80916,2008,4,,,384820N,0104422W,,,,OFAP,5.0,,6187,,PILO,,0,,,0,,DAYL,CLER,0,0,NONE,,,10.0,0,0,0,U,,F,F,0,0.0,,,,NONE,,,,0,0,5,0,5,N,,,,,,2020-09-25 18:05:31,,VMC,,38.805557,-104.700553,avall.mdb,2026-04-14 02:17:37.493608
20080505X00596,SEA08CA107,ACC,2008-04-07 00:00:00,Mo,1700,UTC,Tucson,AZ,USA,85735,2008,4,,,032853N,1111048W,,Ryan Field,RYN,ONAP,0.0,,,,WFAC,1800,0,RYN,,0,UTC,DAYL,CLER,0,0,NONE,,,10.0,70,39,270,U,9,F,F,14,29.950000762939453,,,,NONE,,,,0,0,1,0,1,N,,,,,,2020-09-25 18:07:03,,VMC,,32.148056,-111.18,avall.mdb,2026-04-14 02:17:37.493608
20080416X00496,SEA08FA108,ACC,2008-04-09 00:00:00,We,423,UTC,Big Bear City,CA,USA,92313,2008,4,,,341526N,0117033W,EST,,,OFAP,0.0,,,,WFAC,530,265,L35,6752,9,UTC,NITE,SCAT,800,0,NONE,,,10.0,32,27,240,U,8,F,F,19,29.790000915527344,,,,FATL,,,,1,0,0,0,1,N,,,,,,2020-09-25 18:05:31,,IMC,,34.257221,-117.009162,avall.mdb,2026-04-14 02:17:37.493608
20080410X00451,CHI08CA098,ACC,2008-03-26 00:00:00,We,401,UTC,Waverly,OH,USA,45690,2008,3,,,039100N,0825541W,,Pike County Airport,EOP,OFAP,5.0,,,,,,0,,,0,,DAYL,,0,0,,,,,0,0,0,U,,F,F,0,0.0,,,,MINR,,,,0,2,0,0,2,,,,,,,2020-09-25 18:04:46,,VMC,,39.166667,-82.928054,avall.mdb,2026-04-14 02:17:37.493608
20080410X00450,CHI08CA094,ACC,2008-03-26 00:00:00,We,2040,UTC,Traverse City,MI,USA,49686,2008,3,,,444429N,0853556W,,CHERRY CAPITAL,TVC,ONAP,0.0,,,,,2013,0,TVC,,0,UTC,DAYL,FEW,4800,0,NONE,,,10.0,43,25,250,U,17,F,F,21,29.950000762939453,,,,NONE,,,,0,0,1,0,1,,,,,,,2020-09-25 18:04:46,,VMC,,44.74139,-85.598892,avall.mdb,2026-04-14 02:17:37.493608
20080507X00624,SEA08CA109,ACC,2008-04-08 00:00:00,Tu,1330,UTC,Bisbee,AZ,USA,85603,2008,4,,,312231N,0109533W,,Bisbee Municipal Airport,P04,ONAP,0.0,,4780,,PILO,,0,,,0,,DAYL,CLER,0,0,NONE,,,20.0,61,0,0,U,,F,T,0,30.0,,,,NONE,,,,0,0,2,0,2,N,,,,,,2020-09-25 18:07:03,,VMC,,31.375278,-109.884162,avall.mdb,2026-04-14 02:17:37.493608
20080414X00466,DEN08CA073,ACC,2008-04-06 00:00:00,Su,2015,UTC,Fort Collins,CO,USA,80538,2008,4,,,040276N,0010504W,,FORT COLLINS-LOVELAND MUNI,FNL,ONAP,1.0,,5016,,WFAC,2015,180,KFNL,5016,1,UTC,DAYL,SCAT,10000,12000,BKN,,,10.0,55,12,230,U,3,F,T,0,29.860000610351562,,,,NONE,,,,0,0,1,0,1,N,,,,,,2020-09-25 18:06:16,,VMC,,40.451667,-105.001113,avall.mdb,2026-04-14 02:17:37.493608
20080502X00583,DFW08LA095,ACC,2008-04-09 00:00:00,We,1825,UTC,El Dorado,KS,USA,67042,2008,4,,,375631N,0965018W,,,,OFAP,0.0,,,,PILO,1754,238,AAO,1421,24,UTC,DAYL,FEW,1800,0,NONE,,,10.0,46,36,90,U,12,F,F,0,30.0,,,,NONE,,,,0,0,1,0,1,N,,,,,,2020-09-25 18:04:02,,VMC,,37.941944,-96.838333,avall.mdb,2026-04-14 02:17:37.493608
20080617X00871,DFW08CA096,ACC,2008-04-06 00:00:00,Su,2100,UTC,Porter,TX,USA,77365,2008,4,,,003097N,0951911W,,WILLIAMS,9XS2,ONAP,0.0,,,,WFAC,2053,180,KIAH,,9,UTC,DAYL,FEW,4500,0,NONE,,,10.0,79,59,0,U,,F,T,0,29.84000015258789,,,,NONE,,,,0,0,1,0,1,N,,,,,,2020-09-25 18:05:31,,VMC,,30.151945,-95.319725,avall.mdb,2026-04-14 02:17:37.493608
20080508X00630,LAX08CA095,ACC,2008-04-09 00:00:00,We,1931,UTC,Carlsbad,CA,USA,92020,2008,4,,,324723N,1165738W,MEAS,McClellan-Palomar,CRQ,ONAP,0.0,,331,,WFAC,1809,0,CRQ,331,0,UTC,DAYL,SCAT,2700,0,NONE,,,10.0,57,43,260,U,8,F,T,0,29.959999084472656,,,,NONE,,,,0,0,3,0,3,N,,,,,,2020-09-25 18:06:16,,VMC,,32.789756,-116.960517,avall.mdb,2026-04-14 02:17:37.493608
20080429X00564,NYC08WA160,ACC,2008-04-09 00:00:00,We,2030,UTC,Nazca,,PE,,2008,4,,,145128S,0745810W,,,,,0.0,,,,,,0,,,0,,,,0,0,,,,,0,0,0,U,,F,F,0,0.0,,,,FATL,,,,5,1,0,0,6,O,,,,,,2020-09-25 18:07:50,,VMC,,-14.857777,-74.969444,avall.mdb,2026-04-14 02:17:37.493608
20080414X00473,ANC08FA050,ACC,2008-04-10 00:00:00,Th,30,UTC,Unalaska,AK,USA,99685,2008,4,,,053541N,0166320W,MEAS,Unalaska Airport,PADU,ONAP,0.0,,22,,WFAC,1916,0,PADU,22,0,UTC,DAYL,,0,2200,OVC,,,10.0,30,21,300,U,9,F,F,15,29.8799991607666,,,,SERS,,,,0,8,0,1,9,N,,,,,,2020-09-25 18:04:46,,VMC,,53.900276,-166.53334,avall.mdb,2026-04-14 02:17:37.493608
20080520X00703,MIA08CA088,ACC,2008-04-10 00:00:00,Th,1230,UTC,Winter Springs,FL,USA,32708,2008,4,,,284248N,0081165W,,,,OFAP,0.0,,,,,,0,,,0,,DAYL,,0,0,,,,,0,0,0,U,,F,F,0,0.0,,,,SERS,,,,0,0,0,1,1,N,,,,,,2020-09-25 18:04:46,,VMC,,28.713333,-81.268058,avall.mdb,2026-04-14 02:17:37.493608
20080414X00469,DFW08LA097,ACC,2008-04-10 00:00:00,Th,1400,UTC,Taylor,TX,USA,76574,2008,4,,,303421N,0972635W,MEAS,TAYLOR MUNI,T74,ONAP,0.0,,,,WFAC,1355,291,GTU,,14,UTC,DAYL,CLER,0,10000,BKN,,,10.0,57,39,340,U,9,F,T,0,29.969999313354492,,,,FATL,1,,,0,0,1,0,2,N,,,,,,2020-09-25 18:04:46,,VMC,,30.5725,-97.443054,avall.mdb,2026-04-14 02:17:37.493608
20080411X00458,CHI08WA100,ACC,2008-04-05 00:00:00,Sa,,,Cairn Gorm,,UK,,2008,4,,,,,,,,,0.0,,,,,,0,,,0,,,,0,0,,,,,0,0,0,U,,F,F,0,0.0,,,,,,,,0,0,0,0,,O,,,,,,2020-09-25 18:07:50,,,,,,avall.mdb,2026-04-14 02:17:37.493608
20080414X00467,DEN08LA074,ACC,2008-04-11 00:00:00,Fr,1517,UTC,Beaumont,TX,USA,77713,2008,4,,,301222N,0942955W,,,,OFAP,0.0,,,,WFAC,1453,120,KBPT,16,28,UTC,DAYL,FEW,70000,0,NONE,,,9.0,77,70,190,U,5,F,T,0,29.860000610351562,,,,SERS,,,,0,0,0,1,1,N,,,,,,2020-09-25 18:06:16,,VMC,,30.206111,-94.498611,avall.mdb,2026-04-14 02:17:37.493608
20080417X00508,LAX08LA097,ACC,2008-04-11 00:00:00,Fr,1600,UTC,Denio,NV,USA,89404,2008,4,,,004130N,0118200W,MEAS,,,OFAP,0.0,,,,PILO,,0,,,0,,DAYL,CLER,0,0,NONE,,,30.0,46,0,0,U,,F,T,0,0.0,,,,NONE,,,,0,0,2,0,2,N,,,,,,2020-09-25 18:07:03,,VMC,,41.049999,-118.333335,avall.mdb,2026-04-14 02:17:37.493608
20080417X00509,LAX08LA098,ACC,2008-04-11 00:00:00,Fr,1430,UTC,Kingman,AZ,USA,86401,2008,4,,,351238N,1135232W,MEAS,,,OFAP,0.0,,,,PILO,1415,298,IGM,3449,5,UTC,DAYL,CLER,0,0,NONE,,,50.0,64,0,0,U,,F,T,0,0.0,,,,MINR,,,,0,1,1,0,2,N,,,,,,2020-09-25 18:07:03,,VMC,,35.210556,-113.875556,avall.mdb,2026-04-14 02:17:37.493608
20080417X00505,MIA08LA089,ACC,2008-04-13 00:00:00,Su,1450,UTC,Lakeland,FL,USA,33801,2008,4,,,275912N,0008217W,,Lakeland Linder Regional,LAL,OFAP,1.0,,142,,WFAC,1450,0,LAL,142,0,UTC,DAYL,,0,3000,BKN,,,15.0,66,46,350,U,10,F,T,0,30.030000686645508,,,,FATL,,,,1,0,0,0,1,N,,,,,,2020-09-25 18:04:02,,VMC,,27.986665,-82.018608,avall.mdb,2026-04-14 02:17:37.493608
20080417X00510,LAX08LA099,ACC,2008-04-11 00:00:00,Fr,2215,UTC,Concrete,WA,USA,98237,2008,4,,,483147N,0121450W,MEAS,,,OFAP,0.0,,,,PILO,,0,,,0,,DAYL,CLER,0,0,NONE,,,10.0,50,0,0,U,,F,T,0,0.0,,,,MINR,,,,0,1,0,0,1,N,,,,,,2020-09-25 18:07:03,,VMC,,48.529724,-121.75,avall.mdb,2026-04-14 02:17:37.493608
20080513X00662,LAX08CA100,ACC,2008-04-12 00:00:00,Sa,1610,UTC,Salt Lake City,UT,USA,84112,2008,4,,,403710N,1115934W,,Salt Lake City Muni 2,U42,ONAP,0.0,,4607,,PILO,,0,,,0,,DAYL,CLER,0,0,NONE,,,10.0,55,0,150,U,7,F,T,0,0.0,,,,MINR,,,,0,2,0,0,2,,,,,,,2020-09-25 18:06:16,,VMC,,40.619445,-111.992774,avall.mdb,2026-04-14 02:17:37.493608
20080425X00548,LAX08FA101,ACC,2008-04-12 00:00:00,Sa,2250,UTC,Compton,CA,USA,90220,2008,4,,,335322N,1181353W,EST,Compton,CPM,OFAP,0.0,,97,,WFAC,2253,278,HHR,66,6,UTC,DAYL,CLER,0,0,NONE,,,10.0,91,21,280,U,8,F,T,0,29.979999542236328,,,,SERS,,,2,0,0,0,2,4,N,,,,,,2020-09-25 18:06:16,,VMC,,33.889446,-118.231391,avall.mdb,2026-04-14 02:17:37.493608
20080430X00567,DEN08CA075,ACC,2008-04-12 00:00:00,Sa,2155,UTC,Amarillo,TX,USA,79118,2008,4,,,351056N,1014933W,,TRADEWIND,TDW,ONAP,0.0,,,,,,0,,,0,,DAYL,,0,0,NONE,,,10.0,0,0,290,U,19,F,F,22,0.0,,,,NONE,,,,0,0,3,0,3,,,,,,,2020-09-25 18:06:16,,VMC,,35.18222,-101.825836,avall.mdb,2026-04-14 02:17:37.493608
20080502X00581,DFW08CA098,ACC,2008-04-13 00:00:00,Su,1900,UTC,Coleman,TX,USA,76834,2008,4,N,Y,315040N,0992939W,,,,ONAP,0.0,,,,WFAC,1903,89,KBWD,1387,23,UTC,DAYL,CLER,0,0,NONE,,,10.0,64,36,360,U,11,F,T,0,30.3700008392334,,,,NONE,,,,0,0,1,0,1,N,,,,,,2020-09-25 18:06:16,,VMC,,31.844444,-99.494163,avall.mdb,2026-04-14 02:17:37.493608
20080528X00736,NYC08CA161,ACC,2008-04-14 00:00:00,Mo,2100,UTC,Okeechobee,FL,USA,34972,2008,4,,,271542N,0805130W,,Okeechobee County Airport,OBE,OFAP,5.0,,34,,WFAC,2100,180,OBE,34,5,UTC,DAYL,SCAT,6000,9000,BKN,,,10.0,79,54,310,U,13,F,T,0,29.920000076293945,,,,MINR,,,,0,1,1,0,2,N,,,,,,2022-04-06 14:11:59,broda,VMC,,27.261667,-80.858329,avall.mdb,2026-04-14 02:17:37.493608
20080417X00502,CHI08CA099,ACC,2008-04-07 00:00:00,Mo,2130,UTC,French Lick,IN,USA,47432,2008,4,,,383022N,0863812W,,French Lick,FRH,ONAP,0.0,,,,,,0,,,0,,DAYL,,0,0,,,,,0,0,260,U,4,F,F,0,0.0,,,,NONE,,,,0,0,2,0,2,,,,,,,2020-09-25 18:04:46,,VMC,,38.506111,-86.636665,avall.mdb,2026-04-14 02:17:37.493608
20080506X00617,LAX08CA102,ACC,2008-04-13 00:00:00,Su,2015,UTC,Gualala,CA,USA,95445,2008,4,,,038485N,1233150W,,Ocean Ridge Airport,E55,ONAP,0.0,,940,,WIT,,0,,,0,,DAYL,CLER,0,0,NONE,,,20.0,185,0,220,U,3,F,T,0,0.0,,,,NONE,,,,0,0,2,0,2,N,,,,,,2020-09-25 18:07:03,,VMC,,38.801387,-123.530555,avall.mdb,2026-04-14 02:17:37.493608
20080416X00500,LAX08LA103,ACC,2008-04-14 00:00:00,Mo,1638,UTC,Rock River,WY,USA,82058,2008,4,,,415316N,1055553W,,,,OFAP,0.0,,,,WFAC,1653,150,KLAR,,30,UTC,DAYL,CLER,0,0,NONE,,,10.0,54,23,220,U,17,F,T,0,30.1200008392334,,,,SERS,,,,0,1,0,1,2,N,,,,,,2020-09-25 18:05:31,,VMC,,41.887779,-105.931388,avall.mdb,2026-04-14 02:17:37.493608
20080430X00573,ANC08CA051,ACC,2008-04-12 00:00:00,Sa,2130,UTC,Stevensville,MD,USA,21666,2008,4,,,385830N,0761937W,,Bay bridge Airport,W29,ONAP,0.0,,15,,WIT,,0,,,0,,DAYL,CLER,0,0,NONE,,,10.0,48,0,0,Y,,T,T,0,30.010000228881836,,,,NONE,,,,0,0,1,0,1,N,,,,,,2023-06-27 13:36:15,gibs-i,VMC,,38.974935,-76.326893,avall.mdb,2026-04-14 02:17:37.493608
20080416X00499,ANC08LA052,ACC,2008-04-13 00:00:00,Su,300,UTC,Big Lake,AK,USA,99652,2008,4,,,061326N,1494830W,,Big Lake,BGQ,ONAP,0.0,,158,,WFAC,2158,350,PAWS,100,12,UTC,DAYL,CLER,0,6000,OVC,,,10.0,30,16,200,U,4,F,T,0,0.0,,,,MINR,,,,0,1,0,0,1,N,,,,,,2020-09-25 18:04:02,,VMC,,61.534999,-149.808334,avall.mdb,2026-04-14 02:17:37.493608
20080415X00483,CHI08LA101,ACC,2008-04-11 00:00:00,Fr,630,UTC,Roseglen,ND,USA,58775,2008,4,,,474143N,1014537W,,,,OFAP,0.0,,,,WFAC,754,90,MOT,1714,22,UTC,NITE,,0,0,NONE,,,10.0,30,23,340,U,7,F,T,0,29.969999313354492,,,,FATL,,,,2,0,0,0,2,N,,,,,,2020-09-25 18:07:03,,VMC,,47.695278,-101.760276,avall.mdb,2026-04-14 02:17:37.493608
20080415X00486,ANC08CA044,ACC,2008-03-23 00:00:00,Su,400,UTC,Fairbanks,AK,USA,99701,2008,3,,,006537N,0146251W,,Chena Hot Springs,AK13,ONAP,0.0,,1195,,PILO,,0,,,0,,DUSK,,0,2500,OVC,,,10.0,0,0,0,Y,15,T,F,35,0.0,,,,NONE,,,,0,0,2,0,2,N,,,,,,2020-09-25 18:04:02,,VMC,,65.05194,-146.0475,avall.mdb,2026-04-14 02:17:37.493608
20080528X00734,DFW08CA099,ACC,2008-04-11 00:00:00,Fr,2347,UTC,Roswell,NM,USA,88230,2008,4,,,033185N,1043150W,,Roswell International Air Cent,KROW,ONAP,0.0,,3671,,WFAC,2351,0,KROW,3671,0,UTC,DAYL,CLER,0,0,NONE,,,10.0,66,64,330,U,19,F,F,30,29.959999084472656,,,,NONE,,,,0,0,1,0,1,N,,,,,,2020-09-25 18:06:16,,VMC,,33.301387,-104.530555,avall.mdb,2026-04-14 02:17:37.493608
20080523X00717,LAX08LA107,ACC,2008-04-15 00:00:00,Tu,1520,UTC,Holbrook,AZ,USA,86025,2008,4,,,344241N,1101616W,MEAS,,,OFAP,0.0,,,,WFAC,1556,290,INW,4885,20,UTC,DAYL,CLER,0,0,NONE,,,10.0,64,14,150,U,13,F,T,0,29.950000762939453,,,,SERS,,,,0,1,0,1,2,N,,,,,,2020-09-25 18:07:03,,VMC,,34.711387,-110.27111,avall.mdb,2026-04-14 02:17:37.493608
20080422X00529,LAX08LA108,ACC,2008-04-15 00:00:00,Tu,2300,UTC,Columbia,CA,USA,95310,2008,4,,,038150N,1202452W,,Columbia Airport,O22,OFAP,0.0,,2118,,PILO,,0,,,0,,DAYL,CLER,0,0,NONE,,,10.0,70,0,300,U,10,F,F,15,0.0,,,,MINR,,,,0,1,1,0,2,N,,,,,,2020-09-25 18:06:16,,VMC,,38.030555,-120.414443,avall.mdb,2026-04-14 02:17:37.493608
20080422X00530,LAX08FA109,ACC,2008-04-16 00:00:00,We,341,UTC,San Dimas,CA,USA,91773,2008,4,,,034521N,1174749W,,Brackett Field,POC,OFAP,1.0,,1011,,WFAC,347,50,POC,1011,1,UTC,NITE,,0,3000,OVC,,,10.0,0,0,200,U,10,F,T,0,29.959999084472656,,,,SERS,,,,0,0,0,2,2,N,,,,,,2020-09-25 18:07:03,,VMC,,34.089168,-117.796943,avall.mdb,2026-04-14 02:17:37.493608
20080514X00665,NYC08LA162,ACC,2008-04-15 00:00:00,Tu,1750,UTC,White Plains,NY,USA,10604,2008,4,,,041401N,0734227W,MEAS,Westchester County,HPN,ONAP,0.0,,439,,WFAC,1756,0,HPN,439,0,UTC,DAYL,CLER,0,0,NONE,,,10.0,55,16,290,U,11,F,T,0,30.1299991607666,,,,NONE,,,,0,0,4,0,4,N,,,,,,2020-09-25 18:07:03,,VMC,,41.666942,-73.707496,avall.mdb,2026-04-14 02:17:37.493608
20080501X00578,LAX08CA111,ACC,2008-03-30 00:00:00,Su,1718,UTC,Grand Canyon,AZ,USA,86046,2008,3,,,035392N,0112853W,,Valle Airport,40G,ONAP,0.0,,5999,,WFAC,1654,345,GCN,6609,18,UTC,DAYL,FEW,7500,0,NONE,,,10.0,52,21,210,U,22,F,F,31,29.8700008392334,,,,NONE,,,,0,0,4,0,4,N,,,,,,2020-09-25 18:06:16,,VMC,,35.650554,-112.148056,avall.mdb,2026-04-14 02:17:37.493608
20080423X00534,DEN08GA076,ACC,2008-04-16 00:00:00,We,15,UTC,Fort Carson,CO,USA,80913,2008,4,,,038387N,1045150W,,,,OFAP,0.0,,,,WIT,1800,0,,,0,,DAYL,CLER,0,0,NONE,,,10.0,0,0,210,U,25,F,F,40,0.0,,,,FATL,,,,1,0,0,0,1,N,,,,,,2020-09-25 18:05:31,broda,VMC,,38.635276,-104.863891,avall.mdb,2026-04-14 02:17:37.493608
20080417X00503,DFW08LA100,ACC,2008-04-07 00:00:00,Mo,1730,UTC,Quinton,OK,USA,74561,2008,4,,,035719N,0095227W,,,,OFAP,0.0,,,,WFAC,1253,0,MLC,,0,,,CLER,0,6000,BKN,,,10.0,75,50,110,U,11,F,F,14,29.93000030517578,,,,NONE,,,,0,0,1,0,1,N,,,,,,2022-06-07 13:24:23,grol,VMC,,35.121944,-95.368614,avall.mdb,2026-04-14 02:17:37.493608
20080417X00501,CHI08LA102,ACC,2008-04-14 00:00:00,Mo,1710,UTC,Youngstown,OH,USA,44452,2008,4,,,405742N,0804038W,,Youngstown Elser Airport,4G4,OFAP,0.0,,1070,,WFAC,2151,20,YNG,,16,UTC,DAYL,,0,3500,BKN,,,9.0,43,27,330,U,9,F,T,0,30.1200008392334,,,,SERS,,,,0,1,0,1,2,N,,,,,,2020-09-25 18:06:16,,VMC,,40.961666,-80.677223,avall.mdb,2026-04-14 02:17:37.493608
20080509X00646,LAX08WA104,INC,2008-02-11 00:00:00,Mo,712,,Jabiru,,AS,,2008,2,,,012390S,0132530E,,,,,0.0,,,,PILO,,0,,,0,,,CLER,0,0,NONE,,,,0,0,0,U,,F,F,0,0.0,,,,NONE,,,,0,0,2,0,2,O,,,,,,2020-09-25 18:07:50,,VMC,,-12.649999,132.883331,avall.mdb,2026-04-14 02:17:37.493608
20080417X00507,LAX08LA105,ACC,2008-04-04 00:00:00,Fr,1945,UTC,Tuscaloosa,AL,USA,35476,2008,4,,,033130N,0087360W,,Tuscaloosa Regional Airport,TCL,OFAP,5.0,,170,,WFAC,1953,0,TCL,,0,UTC,DAYL,SCAT,2400,4000,BKN,,,2.0,68,57,320,U,25,F,F,33,29.860000610351562,,,,NONE,,,,0,0,2,0,2,N,,,,,,2020-09-25 18:07:03,,IMC,,33.216667,-87.599998,avall.mdb,2026-04-14 02:17:37.493608
20080506X00619,LAX08CA106,ACC,2008-04-12 00:00:00,Sa,2250,UTC,Monroe,WA,USA,98272,2008,4,,,475217N,1215943W,,Firstair Field,KW16,ONAP,0.0,,,,WFAC,2253,270,KPAE,,12,UTC,DAYL,CLER,0,0,NONE,,,10.0,73,45,230,U,6,F,T,0,30.09000015258789,,,,NONE,,,,0,0,3,0,3,N,,,,,,2020-09-25 18:07:03,,VMC,,47.871387,-121.995277,avall.mdb,2026-04-14 02:17:37.493608
20080527X00733,LAX08CA110,ACC,2008-04-11 00:00:00,Fr,1900,UTC,Toledo,WA,USA,98591,2008,4,,,462838N,1224822W,,Ed Carlson Memorial Field,KTDO,ONAP,0.0,,,,WFAC,1210,0,KCLs,,0,,DAYL,SCAT,12000,0,NONE,,,10.0,55,37,190,U,6,F,T,0,30.440000534057617,,,,SERS,,,,0,0,0,1,1,N,,,,,,2020-09-25 18:07:03,,VMC,,46.477222,-122.806114,avall.mdb,2026-04-14 02:17:37.493608
20080418X00514,DEN08LA077,ACC,2008-04-16 00:00:00,We,1140,UTC,Angleton,TX,USA,77516,2008,4,,,291038N,0095268W,,,,OFAP,0.0,,,,WFAC,1153,180,HOU,46,47,UTC,DAYL,FEW,2500,0,NONE,,,10.0,54,46,120,U,3,F,T,0,30.100000381469727,,,,MINR,,,,0,1,0,0,1,N,,,,,,2020-09-25 18:06:16,,VMC,,29.177221,-95.435554,avall.mdb,2026-04-14 02:17:37.493608
20080515X00681,LAX08CA112,ACC,2008-04-13 00:00:00,Su,1430,UTC,Buckeye,AZ,USA,85396,2008,4,,,332951N,1123039W,,,,OFAP,0.0,,,,PILO,,0,,,0,,DAYL,CLER,0,0,NONE,,,10.0,73,0,10,U,15,F,T,0,0.0,,,,SERS,,,,0,0,10,1,11,,,,,,,2020-09-25 18:06:16,,VMC,,33.497501,-112.510833,avall.mdb,2026-04-14 02:17:37.493608
20080602X00764,CHI08CA103,ACC,2008-04-03 00:00:00,Th,2040,UTC,Geneva,OH,USA,44041,2008,4,,,414640N,0805414W,,,,OFAP,0.0,,,,WFAC,,0,,,0,,DAYL,CLER,0,0,NONE,,,10.0,0,0,210,U,6,F,F,0,0.0,,,,NONE,,,,0,0,1,0,1,N,,,,,,2020-09-25 18:04:46,,VMC,,41.777778,-80.903892,avall.mdb,2026-04-14 02:17:37.493608
20080429X00563,MIA08LA090,ACC,2008-04-17 00:00:00,Th,2325,UTC,Warrenton,VA,USA,20187,2008,4,,,383920N,0774713W,MEAS,Warrenton Air Park,7VG0,OFAP,0.0,,442,,WFAC,2340,139,HWY,336,5,UTC,DAYL,CLER,0,0,NONE,,,10.0,77,41,0,Y,,T,T,0,30.040000915527344,,,,FATL,,,,1,0,0,0,1,N,,,,,,2020-09-25 18:04:02,,VMC,,38.655555,-77.786941,avall.mdb,2026-04-14 02:17:37.493608
20080421X00524,ANC08FA053,ACC,2008-04-15 00:00:00,Tu,1723,UTC,Chickaloon,AK,USA,99674,2008,4,,,615018N,1472237W,MEAS,,,OFAP,0.0,,,,WFAC,1150,280,PASP,2750,4,UTC,DAYL,CLER,0,400,OVC,,,2.0,27,23,250,U,3,F,T,0,29.420000076293945,,,,FATL,,,,4,0,0,1,5,N,,,,,,2024-07-09 17:38:46,andj,VMC,,61.838333,-147.376937,avall.mdb,2026-04-14 02:17:37.493608
20080425X00550,LAX08FA115,ACC,2008-04-18 00:00:00,Fr,1950,UTC,Sonora,CA,USA,95370,2008,4,,,038323N,0119543W,,,,OFAP,0.0,,,,WFAC,1953,220,MOD,95,40,UTC,DAYL,CLER,0,0,NONE,,,10.0,79,37,0,Y,4,T,T,0,29.899999618530273,,,,FATL,,,,2,0,0,0,2,N,,,,,,2020-09-25 18:05:31,,VMC,,38.056388,-119.900833,avall.mdb,2026-04-14 02:17:37.493608
20080425X00552,LAX08TA116,ACC,2008-04-18 00:00:00,Fr,2200,UTC,Logan,UT,USA,84335,2008,4,,,414728N,0111516W,,Logan-Cache,LGU,ONAP,0.0,,4457,,WFAC,2151,0,LGU,4457,0,UTC,DAYL,CLER,0,0,NONE,,,10.0,66,23,230,U,15,F,F,24,29.8700008392334,,,,NONE,,,,0,0,1,0,1,N,,,,,,2020-09-25 18:06:16,,VMC,,41.79111,-111.851669,avall.mdb,2026-04-14 02:17:37.493608
20080422X00526,DCA08RA050,ACC,2008-04-15 00:00:00,Tu,,,Goma,,CF,,2008,4,,,,,,,,,0.0,,,,,,0,,,0,,,,0,0,,,,,0,0,0,U,,F,F,0,0.0,,,,FATL,37,,71,3,0,51,40,202,O,,,,,,2020-09-25 18:07:50,,,,,,avall.mdb,2026-04-14 02:17:37.493608
20080619X00883,DFW08CA102,ACC,2008-04-19 00:00:00,Sa,1600,UTC,Dallas,TX,USA,75032,2008,4,,,324921N,0962120W,,Airpark East Airport,1F7,ONAP,0.0,,,,PILO,,0,,,0,,DAYL,CLER,0,0,NONE,,,10.0,61,45,0,Y,5,T,F,10,29.979999542236328,,,,NONE,,,,0,0,1,0,1,N,,,,,,2020-09-25 18:06:16,,VMC,,32.822498,-96.355552,avall.mdb,2026-04-14 02:17:37.493608
20080430X00569,DFW08CA103,ACC,2008-04-20 00:00:00,Su,2130,UTC,De Queen,AR,USA,71832,2008,4,,,034229N,0942334W,,Sevier County,DEQ,ONAP,0.0,,,,PILO,,0,,,0,,DAYL,,0,0,NONE,,,10.0,70,0,140,U,8,F,F,15,0.0,,,,NONE,,,,0,0,2,0,2,,,,,,,2020-09-25 18:05:31,,VMC,,34.041389,-94.392776,avall.mdb,2026-04-14 02:17:37.493608
20080430X00571,DFW08CA104,ACC,2008-04-20 00:00:00,Su,2330,UTC,Paragould,AR,USA,72450,2008,4,,,036328N,0903017W,,,,OFAP,0.0,,,,,,0,,,0,,DAYL,,0,0,,,,,0,0,0,U,,F,F,0,0.0,,,,SERS,,,,0,0,0,1,1,,,,,,,2020-09-25 18:06:16,,VMC,,36.057777,-90.504722,avall.mdb,2026-04-14 02:17:37.493608
20080428X00558,DFW08LA105,ACC,2008-04-19 00:00:00,Sa,2349,UTC,Berclair,TX,USA,77963,2008,4,,,283630N,0973634W,MEAS,Goliad County Industrial,7T3,ONAP,0.0,,324,,WFAC,2246,213,KBEA,268,17,UTC,DAYL,CLER,0,0,NONE,,,10.0,82,39,120,U,13,F,F,19,29.950000762939453,,,,FATL,,,,1,0,0,0,1,N,,,,,,2020-09-25 18:04:46,,VMC,,28.608333,-97.609443,avall.mdb,2026-04-14 02:17:37.493608
20080502X00585,DFW08LA106,ACC,2008-04-19 00:00:00,Sa,1800,UTC,Groveton,TX,USA,75845,2008,4,,,030566N,0095042W,MEAS,,,OFAP,0.0,,,,WFAC,1753,36,LFK,296,20,UTC,DAYL,CLER,0,0,NONE,,,10.0,79,45,240,U,11,F,F,0,30.059999465942383,,,,SERS,,,,0,0,0,1,1,N,,,,,,2020-09-25 18:04:02,,VMC,,30.934999,-95.011665,avall.mdb,2026-04-14 02:17:37.493608
20080626X00922,DFW08CA107,ACC,2008-04-19 00:00:00,Sa,1810,UTC,La Porte,TX,USA,77571,2008,4,,,294012N,0095354W,,LA PORTE MUNI,T41,ONAP,0.0,,,,PILO,,0,,,0,,DAYL,CLER,0,0,NONE,,,10.0,79,43,0,Y,,T,T,0,30.040000915527344,,,,MINR,,,,0,2,0,0,2,N,,,,,,2020-09-25 18:05:31,,VMC,,29.67,-95.065002,avall.mdb,2026-04-14 02:17:37.493608
20080512X00650,LAX08WA113,ACC,2008-04-13 00:00:00,Su,1605,UTC,San Quintin,,MX,,2008,4,,,302441N,1155154W,,,,,0.0,,,,PILO,905,0,,,0,,,CLER,0,0,NONE,,,20.0,70,0,0,U,,F,F,0,0.0,,,,MINR,,,,0,4,0,0,4,O,,,,,,2020-09-25 18:07:50,,VMC,,30.411388,-115.864997,avall.mdb,2026-04-14 02:17:37.493608
20080508X00632,LAX08CA114,ACC,2008-04-17 00:00:00,Th,2100,UTC,Grass Valley,CA,USA,95945,2008,4,,,391326N,0121011W,,Nevada County Air Park,GOO,ONAP,0.0,,,,PILO,,0,,,0,,DAYL,CLER,0,0,NONE,,,10.0,0,0,0,U,,F,T,0,0.0,,,,NONE,,,,0,0,1,0,1,,,,,,,2020-09-25 18:07:03,,VMC,,39.223888,-121.003051,avall.mdb,2026-04-14 02:17:37.493608
20080425X00554,LAX08FA117,ACC,2008-04-19 00:00:00,Sa,1710,UTC,Carlsbad,CA,USA,92011,2008,4,,,033741N,1171648W,,McClellan-Palomar Airport,CRQ,ONAP,0.0,,331,,WFAC,1712,0,CRQ,331,0,UTC,DAYL,CLER,0,2700,OVC,,,8.0,57,46,130,U,8,F,T,0,29.950000762939453,,,,NONE,,,,0,0,4,0,4,N,,,,,,2020-09-25 18:06:16,,VMC,,33.128055,-117.279998,avall.mdb,2026-04-14 02:17:37.493608
20080425X00555,LAX08LA118,ACC,2008-04-20 00:00:00,Su,155,UTC,Groveland,CA,USA,95321,2008,4,,,375142N,1201040W,MEAS,Pine Mountain Lake Airport,E45,OFAP,0.0,,2930,,WFAC,1853,225,KMCE,,38,,DAYL,CLER,0,0,NONE,,,10.0,63,36,260,U,13,F,F,19,29.889999389648438,,,,SERS,,,,0,0,0,1,1,N,,,,,,2020-09-25 18:06:16,,VMC,,37.861667,-120.17778,avall.mdb,2026-04-14 02:17:37.493608
20080529X00754,LAX08CA119,ACC,2008-04-19 00:00:00,Sa,1430,UTC,Casper,WY,USA,82604,2008,4,,,425428N,1062751W,,Natrona County International,CPR,ONAP,0.0,,,,WFAC,1453,0,CPR,5350,0,UTC,DAYL,CLER,0,0,NONE,,,10.0,54,19,200,U,16,F,F,22,29.790000915527344,,,,NONE,,,,0,0,1,0,1,N,,,,,,2020-09-25 18:07:03,,VMC,,42.907775,-106.464164,avall.mdb,2026-04-14 02:17:37.493608
20080611X00830,NYC08LA164,ACC,2008-04-20 00:00:00,Su,1730,UTC,New Smyrna Beach,FL,USA,32169,2008,4,,,029320N,0805656W,MEAS,New Smyrna Beach Municipal Air,EVB,OFAP,10.0,,10,,WFAC,2147,90,EVB,10,10,UTC,DAYL,SCAT,10000,0,NONE,,,10.0,66,41,30,U,6,F,T,0,30.229999542236328,,,,NONE,,,,0,0,2,0,2,N,,,,,,2020-09-25 18:07:03,,VMC,,29.055555,-80.94889,avall.mdb,2026-04-14 02:17:37.493608
20080523X00714,NYC08LA165,ACC,2008-04-21 00:00:00,Mo,1450,UTC,Paris,TN,USA,38242,2008,4,,,361820N,0882714W,MEAS,,,OFAP,0.0,,,,WFAC,1455,45,HOP,573,47,UTC,DAYL,CLER,0,0,NONE,,,7.0,64,52,100,U,5,F,T,0,30.06999969482422,,,,FATL,,,,1,0,0,0,1,N,,,,,,2020-09-25 18:07:03,,VMC,,36.305557,-88.453887,avall.mdb,2026-04-14 02:17:37.493608
20080423X00533,DFW08LA108,ACC,2008-04-20 00:00:00,Su,2330,UTC,Corning,AR,USA,72422,2008,4,,,362438N,0903448W,MEAS,,,OFAP,0.0,,,,WFAC,1535,0,KARG,,0,,DAYL,UNK,0,5000,OVC,,,10.0,68,48,300,U,11,F,F,17,29.889999389648438,,,,SERS,,,,0,0,0,1,1,N,,,,,,2020-09-25 18:04:02,,VMC,,36.410598,-90.579902,avall.mdb,2026-04-14 02:17:37.493608
20080516X00687,DFW08CA109,ACC,2008-04-20 00:00:00,Su,100,UTC,Santa Fe,NM,USA,87501,2008,4,,,035371N,0106522W,,,,,0.0,,,,WFAC,53,0,KSAF,6348,0,UTC,DAYL,CLER,0,0,NONE,,,10.0,68,64,270,U,16,F,T,0,29.809999465942383,,,,NONE,,,,0,0,1,0,1,N,,,,,,2020-09-25 18:05:31,,VMC,,35.616943,-106.089447,avall.mdb,2026-04-14 02:17:37.493608
20080422X00527,DFW08WA110,ACC,2008-01-11 00:00:00,Fr,2100,UTC,Puebla,,MX,0,2008,1,,,,,,,,,0.0,,,,WIT,,0,,,0,,,UNK,0,0,,,,,0,0,0,U,,F,F,0,0.0,,,,FATL,,,,8,0,0,0,8,O,,,,,,2020-09-25 18:07:50,,VMC,,,,avall.mdb,2026-04-14 02:17:37.493608
20080519X00697,ANC08CA054,ACC,2008-04-15 00:00:00,Tu,2140,UTC,Tyndall AFB,FL,USA,32403,2008,4,,,030412N,0853435W,,Tyndall AFB,KPAM,ONAP,0.0,,,,WFAC,,0,KPAM,,0,,DAYL,,0,0,,,,,0,0,0,U,,F,F,0,0.0,,,,NONE,,,,0,0,1,0,1,N,,,,,,2020-09-25 18:04:46,,VMC,,30.069999,-85.576385,avall.mdb,2026-04-14 02:17:37.493608
20080521X00708,MIA08CA092,ACC,2008-04-20 00:00:00,Su,1827,UTC,Daytona Beach,FL,USA,32114,2008,4,,,291047N,0081329W,,Daytona Beach International,KDAB,ONAP,0.0,,34,,WFAC,1845,0,KDAB,34,0,UTC,DAYL,CLER,0,0,NONE,,,10.0,81,55,40,U,5,F,T,0,29.959999084472656,,,,NONE,,,,0,0,1,0,1,N,,,,,,2020-09-25 18:04:02,,VMC,,29.179721,-81.058052,avall.mdb,2026-04-14 02:17:37.493608
20080502X00586,LAX08LA121,ACC,2008-04-19 00:00:00,Sa,2325,UTC,S. Lake Tahoe,CA,USA,96150,2008,4,,,385338N,1195943W,,Lake Tahoe,TVL,ONAP,0.0,,6264,,WFAC,2353,0,TVL,6264,0,UTC,DAYL,CLER,0,0,NONE,,,10.0,45,9,210,U,19,F,F,33,29.729999542236328,,,,NONE,,,,0,0,4,0,4,N,,,,,,2020-09-25 18:06:16,,VMC,,38.89389,-119.995277,avall.mdb,2026-04-14 02:17:37.493608
20080502X00582,DFW08FA111,ACC,2008-04-22 00:00:00,Tu,2050,UTC,Hemphill,TX,USA,75948,2008,4,,,031180N,0934042W,MEAS,,,OFAP,0.0,,,,WFAC,2046,217,JAS,213,35,UTC,DAYL,SCAT,11000,0,NONE,,,10.0,82,72,180,U,5,F,T,0,29.940000534057617,,,,FATL,,,,3,0,0,0,3,N,,,,,,2020-09-25 18:04:02,,VMC,,31.299999,-93.678337,avall.mdb,2026-04-14 02:17:37.493608
20080425X00549,CHI08CA092,ACC,2008-03-20 00:00:00,Th,1830,UTC,Cincinnati,OH,USA,45242,2008,3,,,391448N,0842320W,,Cincinnati-Blue Ash,ISZ,ONAP,0.0,,856,,WFAC,1853,180,LUK,483,9,UTC,DAYL,CLER,0,0,NONE,,,10.0,52,27,280,U,13,F,F,17,30.209999084472656,,,,NONE,,,,0,0,1,0,1,N,,,,,,2020-09-25 18:04:46,,VMC,,39.246665,-84.388885,avall.mdb,2026-04-14 02:17:37.493608
20080425X00553,CHI08CA097,ACC,2008-03-21 00:00:00,Fr,1515,UTC,Franklin Furnac,OH,USA,45629,2008,3,,,383539N,0824537W,,Ashland Regional Airport,DWU,OFAP,3.0,,,,,,0,,,0,,DAYL,,0,0,,,,,0,0,0,U,,F,F,0,0.0,,,,NONE,,,,0,0,2,0,2,,,,,,,2022-05-17 13:31:27,broda,VMC,,38.594165,-82.760276,avall.mdb,2026-04-14 02:17:37.493608
20080425X00551,CHI08CA095,ACC,2008-03-25 00:00:00,Tu,1449,UTC,North Canton,OH,USA,44720,2008,3,,,405535N,0812652W,,,,,0.0,,,,PILO,,0,,,0,,DAYL,CLER,0,0,NONE,,,10.0,0,0,0,U,,F,F,0,0.0,,,,NONE,,,,0,0,2,0,2,,,,,,,2020-09-25 18:04:46,,VMC,,40.926387,-81.447776,avall.mdb,2026-04-14 02:17:37.493608
20080518X00693,MIA08CA093,ACC,2008-04-19 00:00:00,Sa,1600,UTC,Ellington,CT,USA,6029,2008,4,,,415531N,0722725W,,Ellington Airport,7B9,ONAP,0.0,,,,PILO,,0,,,0,,DAYL,CLER,0,0,NONE,,,10.0,64,57,230,U,4,F,F,0,30.040000915527344,,,,NONE,,,,0,0,1,0,1,N,,,,,,2020-09-25 18:04:46,,VMC,,41.925277,-72.456947,avall.mdb,2026-04-14 02:17:37.493608
20081003X63355,ENG08IA022,INC,2008-04-20 00:00:00,Su,215,UTC,Newark,NJ,USA,,2008,4,,,404427N,0741014W,MEAS,Newark Liberty International,EWR,,0.0,,,,,,0,,,0,,,,0,0,,,,,0,0,0,U,,F,F,0,0.0,,,,NONE,,,,0,0,5,0,5,N,,,,,,2020-09-25 18:04:02,,,,40.740837,-74.170684,avall.mdb,2026-04-14 02:17:37.493608
20080508X00634,LAX08CA120,ACC,2008-04-18 00:00:00,Fr,1800,UTC,Plant City,FL,USA,33567,2008,4,,,002800N,0082951W,,Plant City Airport,PCM,ONAP,0.0,,,,WFAC,1730,0,PCM,,0,UTC,DAYL,SCAT,4900,0,NONE,,,10.0,79,55,80,U,4,F,T,0,30.18000030517578,,,,NONE,,,,0,0,1,0,1,,,,,,,2020-09-25 18:07:03,,VMC,,28.0,-82.164169,avall.mdb,2026-04-14 02:17:37.493608
20080428X00559,LAX08FA122,ACC,2008-04-23 00:00:00,We,1409,UTC,Mesa,AZ,USA,85215,2008,4,,,332653N,1114414W,,Falcon Field Airport,FFZ,OFAP,0.0,,1394,,WFAC,1351,240,FFZ,1394,8,UTC,DAYL,SCAT,0,0,NONE,,,30.0,61,21,100,U,8,F,T,0,29.8700008392334,,,,FATL,,,,3,0,0,0,3,N,,,,,,2020-09-25 18:06:16,,VMC,,33.448055,-111.73722,avall.mdb,2026-04-14 02:17:37.493608
20080521X00706,NYC08LA167,ACC,2008-04-23 00:00:00,We,1400,UTC,Ellijay,GA,USA,30540,2008,4,,,343741N,0843135W,MEAS,Gilmer County Airport,49A,OFAP,1.0,,1486,,WFAC,1400,270,DNN,710,30,UTC,DAYL,CLER,0,0,NONE,,,10.0,64,54,140,U,4,F,T,0,30.170000076293945,,,,SERS,,,,0,1,0,1,2,N,,,,,,2020-09-25 18:07:03,,VMC,,34.628055,-84.52639,avall.mdb,2026-04-14 02:17:37.493608
20080610X00817,DFW08CA112,ACC,2008-04-19 00:00:00,Sa,1945,UTC,Kingsbury,TX,USA,78638,2008,4,,,029385N,0974910W,,Old Kingsbury Aerodrome,85TE,OFAP,1.0,,560,,WFAC,1945,270,KBAZ,,13,UTC,DAYL,CLER,0,0,NONE,,,,82,36,180,U,9,F,F,14,29.979999542236328,,,,MINR,,,,0,1,1,0,2,N,,,,,,2020-09-25 18:05:31,,VMC,,29.634721,-97.819442,avall.mdb,2026-04-14 02:17:37.493608
20080506X00620,DFW08CA113,ACC,2008-04-23 00:00:00,We,1715,UTC,Santa Teresa,NM,USA,88008,2008,4,,,315235N,1064131W,,Dona Ana County Airport,5T6,ONAP,0.0,,4112,,WFAC,1751,90,KELP,958,17,UTC,DAYL,FEW,18000,0,NONE,,,10.0,82,59,250,U,14,F,F,28,29.93000030517578,,,,NONE,0,0,0,0,0,1,0,1,N,,,,,,2020-09-25 18:06:16,,VMC,,31.876388,-106.691947,avall.mdb,2026-04-14 02:17:37.493608
20080516X00686,DFW08CA114,ACC,2008-04-23 00:00:00,We,2250,UTC,Killeen,TX,USA,76543,2008,4,,,003159N,0974111W,,,,ONAP,0.0,,,,WFAC,2215,360,ILE,848,1,UTC,DAYL,,5000,5000,BKN,,,10.0,84,64,160,U,18,F,F,28,29.84000015258789,,,,NONE,,,,0,0,2,0,2,N,,,,,,2020-09-25 18:05:31,,VMC,,31.085832,-97.686386,avall.mdb,2026-04-14 02:17:37.493608
20080424X00536,CHI08IA109,INC,2008-04-17 00:00:00,Th,2230,UTC,Pontiac,MI,USA,48327,2008,4,,,423956N,0832510W,,,,OFAP,0.0,,,,WFAC,2153,140,PTK,980,23,UTC,DUSK,,0,24000,OVC,,,10.0,73,43,220,U,6,F,T,0,29.959999084472656,,,,NONE,,,,0,0,2,0,2,N,,,,,,2020-09-25 18:06:16,,VMC,,42.665554,-83.419441,avall.mdb,2026-04-14 02:17:37.493608
20080424X00537,CHI08LA108,ACC,2008-04-21 00:00:00,Mo,200,UTC,Fairfax,IA,USA,52228,2008,4,,,415643N,0914828W,,,,OFAP,0.0,,,,WFAC,152,160,CID,,5,UTC,NBRT,CLER,0,0,NONE,,,9.0,57,52,110,U,8,F,F,0,29.8700008392334,,,,SERS,,,,0,1,0,1,2,N,,,,,,2020-09-25 18:06:16,,VMC,,41.945278,-91.807777,avall.mdb,2026-04-14 02:17:37.493608
20080505X00588,NYC08LA168,ACC,2008-04-19 00:00:00,Sa,2000,UTC,Dansville,NY,USA,14437,2008,4,,,423415N,0774246W,,Dansville Municipal,DSV,OFAP,0.0,,662,,WFAC,1954,0,DSV,662,0,UTC,DAYL,CLER,0,0,NONE,,,10.0,84,36,140,U,15,F,T,0,29.809999465942383,,,,NONE,,,,0,0,2,0,2,N,,,,,,2020-09-25 18:07:03,,VMC,,42.570835,-77.712776,avall.mdb,2026-04-14 02:17:37.493608
20080428X00560,SEA08LA110,ACC,2008-04-24 00:00:00,Th,1630,UTC,Blanding,UT,USA,84511,2008,4,,,373514N,0109297W,MEAS,Blanding Municipal,KBDG,ONAP,0.0,,5868,,PILO,,0,,,0,,DAYL,CLER,0,0,NONE,,,10.0,55,0,0,Y,4,T,T,0,0.0,,,,NONE,,,,0,0,2,0,2,N,,,,,,2020-09-25 18:05:31,,VMC,,37.587223,-109.485275,avall.mdb,2026-04-14 02:17:37.493608
20080528X00737,NYC08CA169,ACC,2008-04-22 00:00:00,Tu,1900,UTC,Chapel Hill,NC,USA,27516,2008,4,,,035566N,0079357W,,Horace Williams Airport,IGX,ONAP,0.0,,512,,WFAC,1856,0,IGX,512,0,UTC,DAYL,SCAT,2100,0,NONE,,,10.0,66,57,50,U,12,F,F,19,30.040000915527344,,,,NONE,,,,0,0,4,0,4,N,,,,,,2020-09-25 18:04:02,,VMC,,35.935001,-79.065834,avall.mdb,2026-04-14 02:17:37.493608
20080505X00590,ANC08CA057,ACC,2008-04-04 00:00:00,Fr,2127,UTC,Anchorage,AK,USA,99502,2008,4,,,611046N,0149590W,,ANCHORAGE INTL,ANC,ONAP,0.0,,,,,,0,,,0,,DAYL,,0,0,,,,,0,0,0,U,,F,F,0,0.0,,,,NONE,,,,0,0,2,0,2,N,,,,,,2020-09-25 18:04:02,,VMC,,61.179443,-149.983337,avall.mdb,2026-04-14 02:17:37.493608
20080625X00908,ANC08CA056,ACC,2008-04-24 00:00:00,Th,530,UTC,Anchorage,AK,USA,99513,2008,4,,,061120N,0149500W,,Merrill Field,MRI,ONAP,0.0,,,,WFAC,30,0,MRI,137,0,UTC,DAYL,CLER,0,0,NONE,,,10.0,45,27,0,U,,F,T,0,30.010000228881836,,,,NONE,,,,0,0,1,0,1,N,,,,,,2020-09-25 18:04:46,,VMC,,61.2,-149.833328,avall.mdb,2026-04-14 02:17:37.493608
20080508X00629,DFW08LA115,ACC,2008-04-24 00:00:00,Th,2310,UTC,Sterling,CO,USA,80751,2008,4,,,403633N,1031532W,,Sterling,STK,ONAP,0.0,,4400,,WFAC,2253,0,STK,4400,0,UTC,DAYL,SCAT,6000,10000,OVC,,,10.0,63,32,0,Y,5,T,F,14,29.700000762939453,,,,NONE,,,,0,0,3,0,3,,,,,,,2020-09-25 18:04:46,,VMC,,40.609165,-103.258888,avall.mdb,2026-04-14 02:17:37.493608
20080507X00625,SEA08CA111,ACC,2008-04-24 00:00:00,Th,1550,UTC,Bluff,UT,USA,84533,2008,4,,,371316N,1103247W,,Zahn Bay,NONE,ONAP,0.0,,3750,,PILO,,0,,,0,,DAYL,CLER,0,0,NONE,,,10.0,70,0,0,Y,5,T,F,20,0.0,,,,MINR,,,,0,1,1,0,2,N,,,,,,2020-09-25 18:07:03,,VMC,,37.221111,-110.546386,avall.mdb,2026-04-14 02:17:37.493608
20080520X00699,DFW08CA116,ACC,2008-04-25 00:00:00,Fr,1400,UTC,Carlsbad,NM,USA,88254,2008,4,,,323533N,1042520W,,Seven Rivers Airport,62NM,ONAP,0.0,,3360,,WFAC,810,180,KATS,3541,15,,DAYL,CLER,0,0,NONE,,,10.0,66,57,340,U,23,F,F,28,30.06999969482422,,,,NONE,,,,0,0,1,0,1,N,,,,,,2020-09-25 18:05:31,,VMC,,32.592498,-104.422225,avall.mdb,2026-04-14 02:17:37.493608
20080513X00659,MIA08FA094,ACC,2008-04-27 00:00:00,Su,1419,UTC,Midlothian,VA,USA,23112,2008,4,,,372640N,0773554W,EST,,,OFAP,0.0,,,,WFAC,1419,0,FCI,236,0,UTC,DAYL,,0,800,OVC,,,10.0,63,55,360,U,4,F,T,0,30.139999389648438,,,,FATL,,,1,2,0,0,0,3,N,,,,,,2020-09-25 18:04:46,,IMC,,37.444442,-77.598335,avall.mdb,2026-04-14 02:17:37.493608
20080602X00766,CHI08CA111,ACC,2008-04-18 00:00:00,Fr,1730,UTC,Onida,SD,USA,57564,2008,4,,,444245N,0100544W,,,,OFAP,0.0,,,,PILO,,0,,,0,,DAYL,,0,0,,,,,64,0,0,U,,F,F,0,0.0,,,,NONE,,,,0,0,2,0,2,N,,,,,,2020-09-25 18:04:02,,VMC,,44.712501,-100.095558,avall.mdb,2026-04-14 02:17:37.493608
20080429X00561,DEN08FA078,ACC,2008-04-19 00:00:00,Sa,2115,UTC,Mount Vernon,MO,USA,65712,2008,4,,,003749N,0093539W,EST,,,OFAP,1.0,,1244,,WFAC,2052,0,SGF,1267,0,UTC,DAYL,FEW,3500,0,NONE,,,10.0,63,45,290,U,10,F,T,0,29.940000534057617,,,,FATL,,,,2,0,3,2,7,N,,,,,,2020-09-25 18:06:16,,VMC,,37.069168,-93.885833,avall.mdb,2026-04-14 02:17:37.493608
20080429X00562,DEN08LA079,ACC,2008-04-17 00:00:00,Th,1830,UTC,Reserve,NM,USA,87830,2008,4,,,033425N,1085137W,,Reserve,T16,ONAP,0.0,,6360,,WFAC,1830,140,SVC,5446,90,UTC,DAYL,CLER,0,0,NONE,,,10.0,52,5,280,U,11,F,F,22,30.09000015258789,,,,SERS,,,,0,1,0,2,3,N,,,,,,2020-09-25 18:05:31,,VMC,,33.701389,-108.860275,avall.mdb,2026-04-14 02:17:37.493608
20080520X00700,SEA08CA112,ACC,2008-04-26 00:00:00,Sa,2000,UTC,Bend,OR,USA,97701,2008,4,,,044538N,0121125W,,Bend Municipal,KBDN,ONAP,0.0,,,,PILO,,0,,,0,,DAYL,CLER,0,0,NONE,,,10.0,63,0,0,Y,5,T,F,10,0.0,,,,NONE,,,,0,0,4,0,4,,,,,,,2023-06-14 14:06:51,gibs-i,VMC,,44.093797,-121.20147,avall.mdb,2026-04-14 02:17:37.493608
20080529X00753,SEA08CA113,ACC,2008-04-27 00:00:00,Su,1530,UTC,Waitsburg,WA,USA,99361,2008,4,,,461730N,0011850W,,,,OFAP,0.0,,,,PILO,,0,,,0,,DAYL,CLER,0,0,NONE,,,10.0,45,0,0,U,,F,T,0,0.0,,,,NONE,,,,0,0,1,0,1,,,,,,,2020-09-25 18:06:16,,VMC,,46.291667,-118.083335,avall.mdb,2026-04-14 02:17:37.493608
20080505X00589,DFW08LA118,ACC,2008-04-26 00:00:00,Sa,1930,UTC,Galveston,TX,USA,77554,2008,4,N,Y,291612N,0945119W,,Scholes International Airport,KGLS,ONAP,0.0,,6,,WFAC,1352,0,KGLS,,0,,DAYL,CLER,0,0,NONE,,,10.0,79,57,0,Y,4,T,T,0,29.979999542236328,,,,NONE,,,,0,0,1,0,1,N,,,,,,2023-08-03 13:41:25,gibs-i,VMC,,29.270051,-94.855158,avall.mdb,2026-04-14 02:17:37.493608
20080508X00627,DFW08CA120,ACC,2008-04-27 00:00:00,Su,1800,UTC,Lincoln,NE,USA,68501,2008,4,,,040512N,0964520W,,,,OFAP,0.0,,,,,,0,,,0,,DAYL,,0,0,,,,,0,0,0,U,,F,F,0,0.0,,,,NONE,,,,0,0,1,0,1,N,,,,,,2020-09-25 18:05:31,,VMC,,40.850555,-96.755554,avall.mdb,2026-04-14 02:17:37.493608
20080613X00850,NYC08LA178,ACC,2008-04-12 00:00:00,Sa,1330,UTC,Potsdam,NY,USA,13676,2008,4,,,444036N,0745654W,EST,Potsdam Municipal Airport,PTD,ONAP,0.0,,474,,WFAC,1336,360,MSS,215,16,UTC,DAYL,,0,300,OVC,,,2.0,36,34,0,U,,F,F,0,29.540000915527344,,,,NONE,,,,0,0,1,0,1,N,,,,,,2020-09-25 18:07:03,,IMC,,44.676666,-74.948333,avall.mdb,2026-04-14 02:17:37.493608
20080514X00666,DEN08IA080,INC,2008-04-13 00:00:00,Su,1745,UTC,Erie,CO,USA,80516,2008,4,,,040036N,0105252W,,Erie Muncipal Airport,EIK,ONAP,0.0,,,,,,0,,,0,,DAYL,,0,0,,,,,0,0,0,U,,F,F,0,0.0,,,,NONE,,,,0,0,2,0,2,,,,,,,2020-09-25 18:06:16,,VMC,,40.009998,-105.047775,avall.mdb,2026-04-14 02:17:37.493608
20080505X00593,DFW08WA119,ACC,2008-04-25 00:00:00,Fr,1010,UTC,Ciudad Real,,SP,0,2008,4,,,,,,Private Strip,,ONAP,0.0,,,,,,0,,,0,,,,0,0,,,,,0,0,0,U,,F,F,0,0.0,,,,FATL,,,,2,0,0,0,2,O,,,,,,2020-09-25 18:07:50,,,,,,avall.mdb,2026-04-14 02:17:37.493608
20080501X00575,DEN08LA081,ACC,2008-04-18 00:00:00,Fr,2205,UTC,Mosby,MO,USA,64024,2008,4,,,392035N,0941858W,,Clay County Regional,GPH,ONAP,0.0,,774,,WFAC,2153,258,MCI,1026,26,UTC,DAYL,,0,1200,OVC,,,5.0,46,43,280,U,12,F,T,0,29.719999313354492,,,,MINR,,,,0,1,0,0,1,N,,,,,,2020-09-25 18:05:31,,VMC,,39.343055,-94.316108,avall.mdb,2026-04-14 02:17:37.493608
20080501X00577,DFW08LA121,ACC,2008-04-28 00:00:00,Mo,1930,UTC,Miami,OK,USA,74354,2008,4,,,365420N,0094539W,,Miami Municipal Airport,KMIO,OFAP,3.0,,808,,WFAC,1432,0,GMJ,,0,,,CLER,0,0,NONE,,,10.0,63,41,330,U,11,F,F,15,30.1200008392334,,,,FATL,,,,1,0,0,0,1,,,,,,,2020-09-25 18:04:02,,VMC,,36.905555,-94.885833,avall.mdb,2026-04-14 02:17:37.493608
20080511X00648,NYC08WA171,ACC,2008-04-23 00:00:00,We,1530,UTC,Parma,,IT,,2008,4,,,444816N,0101957E,,,,,0.0,,,,WFAC,1550,0,LIMP,,0,,,CLER,0,0,NONE,,,10.0,72,50,240,U,11,F,F,0,29.920000076293945,,,,FATL,,,,3,0,0,0,3,O,,,,,,2026-03-06 14:17:00,dobn,VMC,,44.804443,10.3325,avall.mdb,2026-04-14 02:17:37.493608
20080505X00592,DFW08LA122,ACC,2008-04-28 00:00:00,Mo,1530,UTC,Bartlett,TX,USA,76511,2008,4,,,304725N,0097259W,MEAS,,,OFAP,0.0,,,,WFAC,1046,0,KGTU,,0,,DAYL,CLER,0,0,NONE,,,10.0,63,36,290,U,7,F,T,0,30.280000686645508,,,,FATL,,,,1,1,0,0,2,N,,,,,,2020-09-25 18:04:02,,VMC,,30.790414,-97.419136,avall.mdb,2026-04-14 02:17:37.493608
20080430X00572,ANC08LA058,ACC,2008-04-26 00:00:00,Sa,1830,UTC,Tetlin,AK,USA,99779,2008,4,,,063730N,0142316W,,Tetlin Airport,3T4,ONAP,0.0,,1663,,WFAC,1353,0,PAOR,1716,0,UTC,DAYL,SCAT,7500,14000,BKN,,,10.0,34,25,0,U,,F,F,0,29.719999313354492,,,,NONE,,,,0,0,2,0,2,N,,,,,,2020-09-25 18:04:02,,VMC,,63.125,-142.518325,avall.mdb,2026-04-14 02:17:37.493608
20080515X00682,NYC08CA166,ACC,2008-04-12 00:00:00,Sa,1630,UTC,Ocala,FL,USA,34479,2008,4,,,291649N,0082729W,,Greystone Airport,17FL,ONAP,0.0,,100,,WFAC,1635,225,OCF,89,8,UTC,DAYL,FEW,4200,0,NONE,,,10.0,84,63,230,U,13,F,F,19,29.959999084472656,,,,NONE,,,,0,0,2,0,2,N,,,,,,2020-09-25 18:04:46,,VMC,,29.280277,-82.124725,avall.mdb,2026-04-14 02:17:37.493608
20080514X00664,SEA08CA115,ACC,2008-04-12 00:00:00,Sa,1857,UTC,Twisp,WA,USA,98856,2008,4,,,048122N,0012052W,,TWISP MUNI,2S0,ONAP,0.0,,,,PILO,,0,,,0,,DAYL,CLER,0,0,NONE,,,30.0,0,0,0,U,,F,T,0,0.0,,,,MINR,,,,0,1,1,0,2,N,,,,,,2025-05-28 19:26:13,dobn,VMC,,48.200553,-120.083885,avall.mdb,2026-04-14 02:17:37.493608
20080501X00576,DEN08LA082,ACC,2008-04-30 00:00:00,We,57,UTC,Houston,TX,USA,77061,2008,4,,,029384N,0951644W,,WILLIAM P HOBBY,HOU,OFAP,2.0,,47,,WFAC,53,360,KHOU,46,1,UTC,DAYL,FEW,25000,0,NONE,,,10.0,72,48,170,U,6,F,T,0,30.040000915527344,,,,MINR,,,,0,1,3,0,4,N,,,,,,2020-09-25 18:06:16,,VMC,,29.634445,-95.278892,avall.mdb,2026-04-14 02:17:37.493608
20080501X00579,SEA08LA114,ACC,2008-04-26 00:00:00,Sa,2245,UTC,Council,ID,USA,83612,2008,4,,,444459N,1162649W,,,,OFAP,0.0,,,,PILO,,0,,,0,,DAYL,CLER,0,0,NONE,,,10.0,61,0,0,U,,F,T,0,0.0,,,,NONE,,,,0,0,1,0,1,N,,,,,,2020-09-25 18:06:16,,VMC,,44.749721,-116.446945,avall.mdb,2026-04-14 02:17:37.493608
20080505X00594,DFW08WA123,ACC,2008-04-30 00:00:00,We,900,UTC,Madrid,,SP,0,2008,4,,,,,,,,,0.0,,,,,,0,,,0,,,,0,0,,,,,0,0,0,U,,F,F,0,0.0,,,,,,,,0,0,0,0,,O,,,,,,2020-09-25 18:07:50,,,,,,avall.mdb,2026-04-14 02:17:37.493608
20080515X00676,NYC08LA172,ACC,2008-04-30 00:00:00,We,1530,UTC,Richmond Hill,GA,USA,31324,2008,4,,,314948N,0811745W,,,,OFAP,0.0,,,,WFAC,1553,50,SAV,50,27,UTC,DAYL,CLER,0,0,NONE,,,10.0,68,39,0,U,,F,T,0,30.139999389648438,,,,SERS,,,,0,1,0,2,3,N,,,,,,2022-05-17 13:35:04,broda,VMC,,31.829999,-81.295829,avall.mdb,2026-04-14 02:17:37.493608
20080519X00694,MIA08CA095,ACC,2008-04-23 00:00:00,We,2130,UTC,Alexander City,AL,USA,35010,2008,4,,,325453N,0855746W,,Thomas C. Russell Field,KALX,ONAP,0.0,,686,,WFAC,2255,212,KMXF,171,37,UTC,DAYL,CLER,0,0,NONE,,,10.0,82,55,70,U,6,F,T,0,30.020000457763672,,,,NONE,,,,0,0,2,0,2,N,,,,,,2020-09-25 18:04:02,,VMC,,32.914722,-85.962776,avall.mdb,2026-04-14 02:17:37.493608
20080505X00591,ANC08LA055,ACC,2008-04-21 00:00:00,Mo,1930,UTC,Kodiak,AK,USA,99697,2008,4,,,057450N,1522938W,,Kodiak,PADQ,ONAP,0.0,,78,,WFAC,1442,0,PADQ,78,0,UTC,DAYL,,0,1900,OVC,,,10.0,37,30,100,U,6,F,T,0,30.350000381469727,,,,NONE,,,,0,0,3,0,3,N,,,,,,2020-09-25 18:04:02,,VMC,,57.75,-152.493896,avall.mdb,2026-04-14 02:17:37.493608
20080501X00580,ANC08LA059,ACC,2008-04-30 00:00:00,We,1745,UTC,Port Heiden,AK,USA,99549,2008,4,,,056570N,0015800W,,Port Heiden,PAPH,ONAP,0.0,,95,,WFAC,1236,0,PAPH,95,0,UTC,DAYL,FEW,600,0,NONE,,,10.0,30,28,320,U,12,F,F,0,29.940000534057617,,,,NONE,,,,0,0,6,0,6,N,,,,,,2020-09-25 18:04:02,,VMC,,56.95,-158.0,avall.mdb,2026-04-14 02:17:37.493608
20080604X00783,NYC08WA173,ACC,2008-04-28 00:00:00,Mo,1425,UTC,Maiquetia,,VE,,2008,4,,,103611N,0665926W,,,,,0.0,,,,,,0,,,0,,,,0,0,,,,,0,0,0,U,,F,F,0,0.0,,,,FATL,5,,,3,0,0,0,8,O,,,,,,2020-09-25 18:07:50,,,,10.603055,-66.990554,avall.mdb,2026-04-14 02:17:37.493608
20080506X00599,DFW08CA124,ACC,2008-04-20 00:00:00,Su,1515,UTC,Rifle,CO,USA,81650,2008,4,,,393120N,1074322W,,,,,0.0,,,,,,0,,,0,,DAYL,,0,0,,,,,0,0,0,U,,F,F,0,0.0,,,,NONE,,,,0,0,2,0,2,,,,,,,2020-09-25 18:05:31,,VMC,,39.52222,-107.722778,avall.mdb,2026-04-14 02:17:37.493608
20080610X00821,LAX08CA096,ACC,2008-04-25 00:00:00,Fr,1500,UTC,Coaldale,NV,USA,89049,2008,4,,,003872N,0118025W,,Argentum Mill Pvt Dirt Strip,NONE,ONAP,0.0,,5200,,PILO,,0,,,0,,DAYL,CLER,0,0,NONE,,,10.0,0,0,0,U,,F,T,0,0.0,,,,NONE,,,,0,0,3,0,3,,,,,,,2020-09-25 18:06:16,,VMC,,38.117221,-118.006942,avall.mdb,2026-04-14 02:17:37.493608
20080610X00822,LAX08CA123,ACC,2008-04-26 00:00:00,Sa,1700,UTC,Elk Creek,CA,USA,95939,2008,4,,,393413N,1223615W,,Diamond M Ranch Airport,90CL,ONAP,0.0,,1296,,PILO,,0,,,0,,DAYL,CLER,0,0,NONE,,,20.0,0,0,0,Y,5,T,T,0,0.0,,,,MINR,,,,0,2,0,0,2,,,,,,,2020-09-25 18:06:16,,VMC,,39.570278,-122.604164,avall.mdb,2026-04-14 02:17:37.493608
20080506X00616,ENG08WA024,INC,2008-03-03 00:00:00,Mo,1748,UTC,Cusco,,PE,,2008,3,,,,,,,,,0.0,,,,,,0,,,0,,,,0,0,,,,,0,0,0,U,,F,F,0,0.0,,,,NONE,,,,0,0,54,0,54,O,,,,,,2020-09-25 18:07:50,,,,,,avall.mdb,2026-04-14 02:17:37.493608
20080507X00622,DFW08WA125,ACC,2008-01-13 00:00:00,Su,1015,UTC,Huesca,,SP,0,2008,1,,,,,,,,OFAP,0.0,,,,,,0,,,0,,,,0,0,,,,,0,0,0,U,,F,F,0,0.0,,,,SERS,0,0,0,0,0,4,2,6,O,,,,,,2020-09-25 18:07:50,,,,,,avall.mdb,2026-04-14 02:17:37.493608
20080508X00635,SEA08FA116,ACC,2008-05-03 00:00:00,Sa,150,UTC,McCall,ID,USA,83638,2008,5,Y,N,445319N,0011666W,,McCall Municipal Airport,KMYL,ONAP,0.0,,5024,,WFAC,150,0,KMYL,5024,0,UTC,DAYL,CLER,0,0,NONE,,,10.0,41,21,180,U,3,F,T,0,30.06999969482422,,,,FATL,,,,3,2,0,1,6,N,,,,,,2020-09-25 18:07:03,,VMC,,44.88861,-116.101669,avall.mdb,2026-04-14 02:17:37.493608
20080506X00608,SEA08LA117,ACC,2008-05-03 00:00:00,Sa,140,UTC,Minden,NV,USA,89423,2008,5,,,003904N,0119457W,,Minden-Tahoe,MEV,ONAP,0.0,,4722,,WFAC,153,225,TVL,6264,15,UTC,DAYL,,0,8500,BKN,,,10.0,63,23,180,U,7,F,T,0,30.100000381469727,,,,NONE,,,,0,0,2,0,2,N,,,,,,2020-09-25 18:06:16,,VMC,,39.00111,-119.751945,avall.mdb,2026-04-14 02:17:37.493608
20080512X00655,NYC08FA174,ACC,2008-05-03 00:00:00,Sa,2235,UTC,Americus,GA,USA,31709,2008,5,,,032629N,0841122W,,Souther Field Airport,ACJ,ONAP,0.0,,468,,WFAC,2235,308,CGS,397,45,UTC,DAYL,CLER,0,0,NONE,,,10.0,66,61,210,U,6,F,F,0,29.959999084472656,,,,FATL,,,,3,0,0,0,3,N,,,,,,2020-09-25 18:04:02,,VMC,,32.108055,-84.189445,avall.mdb,2026-04-14 02:17:37.493608
20080528X00739,SEA08CA118,ACC,2008-05-02 00:00:00,Fr,2115,UTC,Libby,MT,USA,59923,2008,5,,,048172N,1152925W,,Libby Airport,S59,ONAP,0.0,,2601,,PILO,,0,,,0,,DAYL,CLER,0,0,NONE,,,10.0,0,0,300,U,7,F,T,0,0.0,,,,MINR,,,,0,1,0,0,1,,,,,,,2020-09-25 18:05:31,,VMC,,48.283889,-115.49028,avall.mdb,2026-04-14 02:17:37.493608
20080506X00609,SEA08LA119,ACC,2008-05-03 00:00:00,Sa,1420,UTC,Phoenix,AZ,USA,85086,2008,5,,,334751N,0112813W,,,,OFAP,0.0,,,,WFAC,753,350,DVT,1478,8,,DAYL,CLER,0,0,NONE,,,10.0,64,9,10,U,4,F,T,0,29.950000762939453,,,,SERS,,,,0,2,1,1,4,N,,,,,,2020-09-25 18:05:31,,VMC,,33.7975,-112.136947,avall.mdb,2026-04-14 02:17:37.493608
20080512X00649,MIA08LA096,ACC,2008-05-04 00:00:00,Su,1530,UTC,Jekyll Island,GA,USA,31527,2008,5,,,031417N,0812524W,EST,,,OFAP,0.0,,,,WFAC,1553,154,SSI,19,2,UTC,DAYL,SCAT,10000,0,NONE,,,10.0,70,64,0,Y,,T,T,0,30.0,,,,FATL,,,,1,0,0,0,1,N,,,,,,2020-09-25 18:04:46,,VMC,,31.071388,-81.423332,avall.mdb,2026-04-14 02:17:37.493608
20080505X00595,DCA08RA053,ACC,2008-05-02 00:00:00,Fr,710,UTC,Rumbek,,SU,,2008,5,,,,,,,,,0.0,,,,,,0,,,0,,,,0,0,,,,,0,0,0,U,,F,F,0,0.0,,,,FATL,,,,20,0,0,0,20,O,,,,,,2020-09-25 18:07:50,,,,,,avall.mdb,2026-04-14 02:17:37.493608
20080611X00834,DFW08IA126,INC,2008-05-01 00:00:00,Th,2030,UTC,Uvalde,TX,USA,78801,2008,5,,,291233N,0994649W,MEAS,Garner Field Airport,KUVA,ONAP,0.0,,942,,WFAC,2029,0,KUVA,942,0,UTC,DAYL,CLER,0,0,NONE,,,10.0,91,61,270,U,5,F,T,0,29.6200008392334,,,,NONE,,,,0,0,4,0,4,N,,,,,,2020-09-25 18:04:02,,VMC,,29.209289,-99.780189,avall.mdb,2026-04-14 02:17:37.493608
20080626X00921,DFW08CA127,ACC,2008-05-03 00:00:00,Sa,1515,UTC,Wagner,OK,USA,74467,2008,5,,,355740N,0952031W,,Hefner-Easley Airport,H68,OFAP,0.0,,609,,WFAC,1014,20,KTQH,609,0,,DAYL,SCAT,3700,0,NONE,,,10.0,55,43,320,U,14,F,F,19,30.059999465942383,,,,MINR,,,,0,2,0,0,2,N,,,,,,2020-09-25 18:05:31,,VMC,,35.961112,-95.341941,avall.mdb,2026-04-14 02:17:37.493608
20080529X00748,DEN08CA083,ACC,2008-04-28 00:00:00,Mo,2040,UTC,Cleburne,TX,USA,76031,2008,4,,,322113N,0097261W,,Cleburne Municipal,CPT,ONAP,0.0,,,,,,0,,,0,,DAYL,,0,0,,,,,0,0,0,U,,F,F,0,0.0,,,,NONE,,,,0,0,2,0,2,,,,,,,2020-09-25 18:06:16,,VMC,,32.35361,-97.433609,avall.mdb,2026-04-14 02:17:37.493608
20080528X00735,NYC08WA175,ACC,2008-05-02 00:00:00,Fr,2043,UTC,Ilheua,,BR,,2008,5,,,,,,,,,0.0,,,,,,0,,,0,,,,0,0,,,,,0,0,0,U,,F,F,0,0.0,,,,FATL,,,,6,0,0,0,6,O,,,,,,2020-09-25 18:07:50,,,,,,avall.mdb,2026-04-14 02:17:37.493608
20080506X00600,DFW08TA128,ACC,2008-04-25 00:00:00,Fr,1623,UTC,Baton Rouge,LA,USA,70807,2008,4,,,303158N,0091859W,,"BATON ROUGE METROPOLITAN, RYAN",BTR,ONAP,0.0,,,,WFAC,1613,0,BTR,,0,UTC,DAYL,,1800,1800,BKN,,,10.0,75,66,120,U,6,F,F,0,30.010000228881836,,,,NONE,,,,0,0,6,0,6,N,,,,,,2020-09-25 18:04:02,,VMC,,30.532777,-91.149719,avall.mdb,2026-04-14 02:17:37.493608
20080527X00728,DEN08CA084,ACC,2008-05-05 00:00:00,Mo,1230,UTC,Mountain Grove,MO,USA,65711,2008,5,,,037714N,0921840W,,,,OFAP,0.0,,,,,,0,,,0,,DAYL,,0,0,,,,,0,0,0,U,,F,F,0,0.0,,,,MINR,,,,0,1,0,0,1,,,,,,,2020-09-25 18:06:16,,VMC,,37.120555,-92.311111,avall.mdb,2026-04-14 02:17:37.493608
20080507X00623,DFW08LA130,ACC,2008-05-03 00:00:00,Sa,0,UTC,Opelousas,LA,USA,70570,2008,5,,,030319N,0092446W,MEAS,,,,0.0,,,,WFAC,2353,0,LFT,,0,UTC,DAYL,SCAT,1900,0,NONE,,,8.0,77,70,170,U,11,F,F,16,29.799999237060547,,,,MINR,,,,0,1,0,0,1,N,,,,,,2020-09-25 18:04:46,,VMC,,30.519283,-92.07946,avall.mdb,2026-04-14 02:17:37.493608
20080611X00827,LAX08CA125,ACC,2008-05-04 00:00:00,Su,2300,UTC,Atlanta,ID,USA,83601,2008,5,,,434849N,0011586W,,Atlanta,55H,ONAP,0.0,,,,WFAC,2244,0,MWAG,,0,UTC,DAYL,CLER,0,0,NONE,,,10.0,66,25,0,Y,3,T,F,10,0.0,,,,MINR,,,,0,2,0,0,2,N,,,,,,2020-09-25 18:07:03,,VMC,,43.81361,-115.135002,avall.mdb,2026-04-14 02:17:37.493608
20080529X00755,LAX08CA126,ACC,2008-05-02 00:00:00,Fr,130,UTC,Prescott,AZ,USA,86301,2008,5,,,034500N,0112350W,,,,OFAP,10.0,,5045,,WFAC,53,210,PRC,5045,10,UTC,DAYL,CLER,0,0,NONE,,,10.0,61,-6,350,U,12,F,T,0,29.920000076293945,,,,SERS,,,,0,1,0,1,2,N,,,,,,2020-09-25 18:06:16,,VMC,,34.833332,-112.583335,avall.mdb,2026-04-14 02:17:37.493608
