recnum,trans_date,docket_no,regist_no,date_occurrence,locat_near,location,acft_make,acft_model,second_acft_regno,time_occur,acc_inc_class,locat_state_terr,acft_make_code,acft_model_code,engin_make,engin_model,type_craft,landing_gear,wgt_cat,no_engines,type_power,acft_adamg,fire_aftr_impt,fuel_type,type_operator,kind_fly_gena,name_comm_carr,operation_type,accident_type1,operation_phase1,accident_type2,operation_phase2,alt_of_occ,recv_alt,aircraft_speed,operator,forced_landing,emergency,recov_loss,oxy_systm,paraachute,light_cond,type_weathr,wethr_brief,wethr_forcast,flight_plan,instrm_approh,air_equt_inst_flt,airpt_proix,airpt_acc_dirt,lat_dist,airport_class,airport_name,elev_airpt,runwy_comp,runwy_cond,runwy_lite,runwy_hazz,runwy_barr,tower_unicom,runway_ln,depart_pt,lastpln_depart,inten_destin,gndele_accsite,terrain_typ,miss_aircft,airspace_seg,pilot_involed1,pilot_involed2,hours_total_pilot1,hours_total_pilot2,hours_in_type_pilot1,hours_in_type_pilot2,age_pilot1,age_pilot2,medical_cert_pilot1,medical_cert_pilot2,rating_1,rating_2,rated_aircraft_1,rated_aircraft_2,certificate_pilot1,certificate_pilot2,occupation_1,occupation_2,at_controls,cause_factor_1p,cause_factor_1m,cause_factor_1s,cause_factor_2p,cause_factor_2m,cause_factor_2s,cause_factor_3p,cause_factor_3m,cause_factor_3s,cause_factor_4p,cause_factor_4m,cause_factor_4s,cause_factor_5p,cause_factor_5m,cause_factor_5s,cause_factor_6p,cause_factor_6m,cause_factor_6s,cause_factor_7p,cause_factor_7m,cause_factor_7s,cause_factor_8p,cause_factor_8m,cause_factor_8s,cause_factor_9p,cause_factor_9m,cause_factor_9s,cause_factor_10p,cause_factor_10m,cause_factor_10s,injury_index,pilot_fatal,pilot_serious,pilot_minor,pilot_none,pilot_unknown,pilot_totals,co_pilot_fatal,co_pilot_serious,co_pilot_minor,co_pilot_none,co_pilot_unknown,co_pilot_totals,dual_student_fatal,dual_student_serious,dual_student_minor,dual_student_none,dual_student_unknown,dual_student_totals,hull_loss,chk_pilot_fatal,chk_pilot_serious,chk_pilot_minor,chk_pilot_none,chk_pilot_unknown,chk_pilot_totals,flt_engn_fatal,flt_engn_serious,flt_engn_minor,flt_engn_none,flt_engn_unknown,flt_engn_totals,navigtr_fatal,navigtr_serious,navigtr_minor,navigtr_none,navigtr_unknown,navigtr_totals,cabin_attn_fatal,cabin_attn_serious,cabin_attn_minor,cabin_attn_none,cabin_attn_unknown,cabin_attn_totals,extra_crew_fatal,extra_crew_serious,extra_crew_minor,extra_crew_none,extra_crew_unknown,extra_crew_totals,passengers_fatal,passengers_serious,passengers_minor,passengers_none,passengers_unknown,passengers_totals,total_abrd_fatal,total_abrd_serious,total_abrd_minor,total_abrd_none,total_abrd_unknown,total_abrd_totals,other_airc_fatal,other_airc_serious,other_airc_minor,other_airc_none,other_airc_unknown,other_airc_totals,other_grnd_fatal,other_grnd_serious,other_grnd_minor,other_grnd_none,other_grnd_unknown,other_xxxx_totals,bi_fligt_rev,recency_expr,comm_plt_prof,runway_used,grand_total_fatal,grand_total_serious,grand_total_minor,grand_total_none,grand_total_unknown,grand_total_totals,faa_persnl_fatal,_source_file,_ingested_at
253,1966-02-19 00:00:00,2 0005,N56938,1964-02-25 00:00:00,,DODGE JCT WASH,BOEING,75N1,,1100,A,47,027,15,39,07,A,A,A,1,A,S,,,F,DD,,,H,EF,,,,,,,,,,,,B,A,,,A,,,Z,,,,,,,,,,,,,,,,Z,D,,,A,,080000,,010000,,399,,C3,,M4,,,,C3,,,,A,64,A,22,,,,,,,,,,,,,,,,,,,,,,,,,,,,C,0,1,0,0,0,1,0,0,0,0,0,0,0,0,0,0,0,0,,0,0,0,0,0,0,0,0,0,0,0,0,0,0,0,0,0,0,0,0,0,0,0,0,0,0,0,0,0,0,0,0,0,0,0,0,0,1,0,0,0,1,0,0,0,0,0,0,0,0,0,0,0,0,,,,,0,0,0,0,0,0,0,PRE1982.MDB,2026-04-14 02:19:16.142676
254,1966-02-19 00:00:00,2 0006,N73933,1964-01-03 00:00:00,,EULESS TEX,BELL,206,,1400,A,43,201,06,06,02,B,A,A,1,A,S,,,K,DB,,,U,D1,G,EI,Z,,,,B,,,,,B,A,,,A,,,Z,,,,,,,,,,,,,,,,Z,D,,,A,,046755,,001755,,399,,B2,,T3,,Y8,,C3,,G7,,A,68,C,D0,64,B,25,74,A,I0,,,,,,,,,,,,,,,,,,,,,,N,0,0,0,1,0,1,0,0,0,0,0,0,0,0,0,0,0,0,,0,0,0,0,0,0,0,0,0,0,0,0,0,0,0,0,0,0,0,0,0,0,0,0,0,0,0,0,0,0,0,0,0,1,0,1,0,0,0,2,0,2,0,0,0,0,0,0,0,0,0,0,0,0,,,,,0,0,0,0,0,0,0,PRE1982.MDB,2026-04-14 02:19:16.142676
255,1966-02-19 00:00:00,2 0007,N2468H,1964-01-03 00:00:00,,FAMOSO CALIF,ERCOUPE,415C,,1000,A,05,063,01,20,11,A,A,A,1,A,D,,,D,B0,,,N0,D1,,,,,,,,,,,,B,B,E,A,B,,X,N,,,,,,,,,,,,,,,,Z,Z,,,A,,007400,,000266,,299,,F6,,A1,,Y8,,B2,,B2,,A,64,A,04,64,A,27,82,J,A,82,J,C,,,,,,,,,,,,,,,,,,,F,1,0,0,0,0,1,0,0,0,0,0,0,0,0,0,0,0,0,,0,0,0,0,0,0,0,0,0,0,0,0,0,0,0,0,0,0,0,0,0,0,0,0,0,0,0,0,0,0,0,0,0,0,0,0,1,0,0,0,0,1,0,0,0,0,0,0,0,0,0,0,0,0,,,,,0,0,0,0,0,0,0,PRE1982.MDB,2026-04-14 02:19:16.142676
256,1966-02-19 00:00:00,2 0008,N634T,1964-01-09 00:00:00,,HILL CITY KANS,BEECHCRAFT,J35,,0800,A,16,022,20,20,27,A,A,A,1,A,D,Y,Z,B,B2,,,Q,C1,,,,,,,,,,,,B,A,,,B,,,E,,,F,HILL CITY,02200,C,Y,,,,,02800,,,,02200,D,,,A,,002355,,002355,,499,,F6,,A1,,Y8,,B2,,D4,,A,64,A,29,,,,,,,,,,,,,,,,,,,,,,,,,,,,F,1,0,0,0,0,1,0,0,0,0,0,0,0,0,0,0,0,0,,0,0,0,0,0,0,0,0,0,0,0,0,0,0,0,0,0,0,0,0,0,0,0,0,0,0,0,0,0,0,0,0,0,0,0,0,1,0,0,0,0,1,0,0,0,0,0,0,0,0,0,0,0,0,,,,,0,0,0,0,0,0,0,PRE1982.MDB,2026-04-14 02:19:16.142676
257,1966-02-19 00:00:00,2 0009,N2055C,1964-06-07 00:00:00,N,CAMP ANGELUS CALI,BEECHCRAFT,95,,1400,A,05,022,24,12,09,A,A,A,2,A,D,Y,Z,D,B2,,,M0,D2,,,,,,,,,,,,B,B,E,A,C,,Y,N,,,,,,,,,,,,,,,,07400,A,R,,A,,054000,,010000,,399,,B2,,P7,,Y8,,C3,,D4,,A,68,A,G7,82,J,A,82,J,C,,,,,,,,,,,,,,,,,,,,,,F,1,0,0,0,0,1,0,0,0,0,0,0,0,0,0,0,0,0,,0,0,0,0,0,0,0,0,0,0,0,0,0,0,0,0,0,0,0,0,0,0,0,0,0,0,0,0,0,0,2,0,0,0,0,2,3,0,0,0,0,3,0,0,0,0,0,0,0,0,0,0,0,0,,,,,0,0,0,0,0,0,0,PRE1982.MDB,2026-04-14 02:19:16.142676
258,1966-02-19 00:00:00,2 0010,N1849Z,1964-01-10 00:00:00,,VANDERBILT MICH,CESSNA,205,,1900,A,22,039,19,20,28,A,A,A,1,A,D,,,F,B0,,,M0,D1,,,,,,,,,,,,D,B,E,A,A,,Y,N,,,,,,,,,,,,,,,,01900,H,R,,A,,000811,,000099,,366,,F6,,A1,,Y8,,B2,,C3,,A,64,A,03,64,A,04,82,J,A,82,J,D,64,J,66,,,,,,,,,,,,,,,,F,1,0,0,0,0,1,0,0,0,0,0,0,0,0,0,0,0,0,,0,0,0,0,0,0,0,0,0,0,0,0,0,0,0,0,0,0,0,0,0,0,0,0,0,0,0,0,0,0,5,0,0,0,0,5,6,0,0,0,0,6,0,0,0,0,0,0,0,0,0,0,0,0,,,,,0,0,0,0,0,0,0,PRE1982.MDB,2026-04-14 02:19:16.142676
259,1969-06-24 00:00:00,2 0011,N1248X,1964-01-11 00:00:00,,DE BEQUE COLO,MOONEY,M20E,,1800,A,06,101,03,12,09,A,A,A,1,A,D,,,D,B2,,,M0,D2,,,,,,,,,,,,D,B,D,A,B,,Y,N,,,,,,,,,,,,,,,,Z,A,,,A,,002100,,001400,,366,,C3,,A1,,Y8,,B2,,A1,,A,64,A,04,82,J,A,82,J,D,64,1,33,,,,,,,,,,,,,,,,,,,F,1,0,0,0,0,1,0,0,0,0,0,0,0,0,0,0,0,0,,0,0,0,0,0,0,0,0,0,0,0,0,0,0,0,0,0,0,0,0,0,0,0,0,0,0,0,0,0,0,2,1,1,0,0,4,3,1,1,0,0,5,0,0,0,0,0,0,0,0,0,0,0,0,,,,,0,0,0,0,0,0,0,PRE1982.MDB,2026-04-14 02:19:16.142676
260,1966-03-11 00:00:00,2 0012,N3343U,1964-01-11 00:00:00,N,THERNOPOLIS WYO,CESSNA,182F,,1300,A,50,039,17,20,26,A,A,A,1,A,D,,,B,B0,,,M0,D1,,,,,,,,,,,,B,B,D,A,B,,,N,,,,,,,,,,,,,,,,07000,A,R,,A,,000255,,000255,,355,,C3,,A1,,,,A1,,,,A,64,A,04,64,A,33,82,J,C,82,J,D,,,,,,,,,,,,,,,,,,,F,1,0,0,0,0,1,0,0,0,0,0,0,0,0,0,0,0,0,,0,0,0,0,0,0,0,0,0,0,0,0,0,0,0,0,0,0,0,0,0,0,0,0,0,0,0,0,0,0,0,0,0,0,0,0,1,0,0,0,0,1,0,0,0,0,0,0,0,0,0,0,0,0,,,,,0,0,0,0,0,0,0,PRE1982.MDB,2026-04-14 02:19:16.142676
261,1966-02-19 00:00:00,2 0013,N8306E,1964-01-11 00:00:00,,KANSAS CITY MO,MOONEY,M20A,,1800,A,25,101,02,12,09,A,A,A,1,A,D,,,F,B0,,,N3,D1,,,,,,,,,,,,D,B,F,A,A,,Y,M,I,,A,KANSAS CITY,00758,A,,A,,,A,07000,,,,00758,C,,,A,,000899,,000399,,300,,C3,,A1,,Y8,,B2,,,,A,64,A,04,64,A,33,68,A,G1,82,J,A,82,J,D,,,,,,,,,,,,,,,,F,1,0,0,0,0,1,0,0,0,0,0,0,0,0,0,0,0,0,,0,0,0,0,0,0,0,0,0,0,0,0,0,0,0,0,0,0,0,0,0,0,0,0,0,0,0,0,0,0,3,0,0,0,0,3,4,0,0,0,0,4,0,0,0,0,0,0,0,0,0,0,0,0,,,,,0,0,0,0,0,0,0,PRE1982.MDB,2026-04-14 02:19:16.142676
262,1966-02-19 00:00:00,2 0014,N7844Z,1964-01-14 00:00:00,,SHAWNEE OKLA,CESSNA,150,,1200,A,36,039,12,20,22,A,A,A,1,A,D,Y,Z,F,B9,,,N3,D8,,,,,,,,,,,,B,A,,,A,,,N,,,,,,,,,,,,,,,,Z,C,,,A,,036000,,0000Z9,,433,,C3,,A1,,Y8,,C3,,,,A,84,A,A,,,,,,,,,,,,,,,,,,,,,,,,,,,,F,1,0,0,0,0,1,0,0,0,0,0,0,0,0,0,0,0,0,,0,0,0,0,0,0,0,0,0,0,0,0,0,0,0,0,0,0,0,0,0,0,0,0,0,0,0,0,0,0,0,0,0,0,0,0,1,0,0,0,0,1,0,0,0,0,0,0,0,0,0,0,0,0,,,,,0,0,0,0,0,0,0,PRE1982.MDB,2026-04-14 02:19:16.142676
263,1967-04-25 00:00:00,2 0015,N4253A,1964-01-15 00:00:00,,PERRINE FLA,BELL,47D1,,0700,A,09,024,02,04,05,B,E,A,1,A,S,,,C,CA,,,I,EH,,,,,,,,,,,,B,A,,,A,,,N,,,,,,,,,,,,,,,,Z,J,,,A,,016188,,008000,,544,,E5,,T3,,Y8,,C3,,G7,,,64,A,18,88,A,62,88,1,AW,,,,,,,,,,,,,,,,,,,,,,M,0,0,1,0,0,1,0,0,0,0,0,0,0,0,0,0,0,0,,0,0,0,0,0,0,0,0,0,0,0,0,0,0,0,0,0,0,0,0,0,0,0,0,0,0,0,0,0,0,0,0,0,0,0,0,0,0,1,0,0,1,0,0,0,0,0,0,0,0,0,0,0,0,,,,,0,0,0,0,0,0,0,PRE1982.MDB,2026-04-14 02:19:16.142676
264,1969-06-24 00:00:00,2 0016,N9023T,1964-01-15 00:00:00,N,HORICON WIS,CESSNA,182C,,2100,A,49,039,17,20,26,A,A,A,1,A,D,,,B,B2,,,N0,DB,,,,,,,,,,,,D,A,,,A,,,N,,,,,,,,,,,,,,,,Z,C,,,A,,007511,,Z9,,411,,B2,,A1,,Y8,,B2,,D4,,A,64,A,03,64,A,53,83,J,B,88,1,67,,,,,,,,,,,,,,,,,,,F,1,0,0,0,0,1,0,0,0,0,0,0,0,0,0,0,0,0,,0,0,0,0,0,0,0,0,0,0,0,0,0,0,0,0,0,0,0,0,0,0,0,0,0,0,0,0,0,0,1,0,0,0,0,1,2,0,0,0,0,2,0,0,0,0,0,0,0,0,0,0,0,0,,,,,0,0,0,0,0,0,0,PRE1982.MDB,2026-04-14 02:19:16.142676
265,1966-02-19 00:00:00,2 0017,N8390B,1964-01-15 00:00:00,,COLUMBUS OHIO,CESSNA,172,,2100,A,35,039,14,20,23,A,A,A,1,A,D,,,D,B1,,,N1,EC,,,,,,,,,,,,D,A,,,A,I,Y,G,Z,,A,PORT COLUMBUS,00816,A,,A,,,A,10700,,,,00816,D,,,A,C,051155,00230C,002100,00017C,300,24C,E5,,S2,,Y8,,F6,,G7,,Z,84,A,J,64,A,30,,,,,,,,,,,,,,,,,,,,,,,,,F,1,0,0,0,0,1,0,0,0,0,0,0,0,0,0,0,0,0,,0,0,0,0,0,0,0,0,0,0,0,0,0,0,0,0,0,0,0,0,0,0,0,0,0,0,0,0,0,0,1,0,0,0,0,1,2,0,0,0,0,2,0,0,0,0,0,0,0,0,0,0,0,0,,,,,0,0,0,0,0,0,0,PRE1982.MDB,2026-04-14 02:19:16.142676
266,1965-06-23 00:00:00,2 0018,N7206E,1964-01-17 00:00:00,N,BROOKWOOD ALA,CESSNA,182,,1700,A,01,039,17,20,26,A,A,A,1,A,D,Y,Z,D,B0,,,N0,D8,,,,,,,,,,,,C,A,,,A,,,N,,,,,,,,,,,,,,,,Z,D,,,A,,003311,,000499,,199,,B2,,E5,,Y8,,C3,,Y8,,A,64,A,15,64,J,33,88,J,14,,,,,,,,,,,,,,,,,,,,,,F,1,0,0,0,0,1,0,0,0,0,0,0,0,0,0,0,0,0,,0,0,0,0,0,0,0,0,0,0,0,0,0,0,0,0,0,0,0,0,0,0,0,0,0,0,0,0,0,0,0,0,0,0,0,0,1,0,0,0,0,1,0,0,0,0,0,0,0,0,0,0,0,0,,,,,0,0,0,0,0,0,0,PRE1982.MDB,2026-04-14 02:19:16.142676
267,1966-02-19 00:00:00,2 0019,N5281A,1964-01-17 00:00:00,,AGOURA CALIF,CESSNA,310A,,1900,A,05,039,22,20,28,A,A,A,2,A,D,,,D,B0,,,M1,D9,,,,,,,,,,,,D,B,E,A,A,,Y,N,,,,,,,,,,,,,,,,01100,A,,,A,,024333,,000111,,511,,E5,,P7,,Y8,,B2,,A1,,A,64,A,04,64,J,33,82,J,A,82,J,M,,,,,,,,,,,,,,,,,,,F,1,0,0,0,0,1,0,0,0,0,0,0,0,0,0,0,0,0,,0,0,0,0,0,0,0,0,0,0,0,0,0,0,0,0,0,0,0,0,0,0,0,0,0,0,0,0,0,0,1,0,0,0,0,1,2,0,0,0,0,2,0,0,0,0,0,0,0,0,0,0,0,0,,,,,0,0,0,0,0,0,0,PRE1982.MDB,2026-04-14 02:19:16.142676
268,1966-02-19 00:00:00,2 0020,N73919,1964-01-18 00:00:00,,SHELL BEACH CALIF,BELL,47G3B1,,1800,A,05,024,03,12,35,B,E,A,1,A,S,,,D,DE,,,NY,A3,,,,,,,,,,,,B,A,,,A,,,Z,,,,,,,,,,,,,,,,00010,G,,,A,B,139088,,001299,,422,,A1,,T3,,Y8,,G7,,G7,,A,64,A,35,83,A,A,88,J,88,,,,,,,,,,,,,,,,,,,,,,N,0,0,0,1,0,1,0,0,0,1,0,1,0,0,0,0,0,0,,0,0,0,0,0,0,0,0,0,0,0,0,0,0,0,0,0,0,0,0,0,0,0,0,0,0,0,0,0,0,0,0,0,1,0,1,0,0,0,3,0,3,0,0,0,0,0,0,0,0,0,0,0,0,,,,,0,0,0,0,0,0,0,PRE1982.MDB,2026-04-14 02:19:16.142676
269,1966-06-14 00:00:00,2 0021,N12000,1964-01-18 00:00:00,N,DANA POINT CALIF,RAVEN,S40,,1800,A,05,069,01,,,D,Y,A,0,E,N,,,M,DF,,,4,EE,,,,,,,C,,,,,B,A,,,A,,,N,,,,,,,,,,,,,,,,00000,K,R,,A,,Z9,,42A,,ZA,,Z9,,Z9,,Z9,,,,Z9,,A,64,A,04,64,A,28,82,A,A,82,A,H,88,A,63,88,J,88,,,,,,,,,,,,,F,1,0,0,0,0,1,0,0,0,0,0,0,0,0,0,0,0,0,,0,0,0,0,0,0,0,0,0,0,0,0,0,0,0,0,0,0,0,0,0,0,0,0,0,0,0,0,0,0,0,0,0,0,0,0,1,0,0,0,0,1,0,0,0,0,0,0,0,0,0,0,0,0,,,,,0,0,0,0,0,0,0,PRE1982.MDB,2026-04-14 02:19:16.142676
270,1966-04-05 00:00:00,2 0022,N6355X,1964-01-20 00:00:00,,MCFARLAND CALIF,CONT COPTER,T CAT,,1500,A,05,201,,04,13,B,E,A,1,A,S,,,C,B1,,,NY,EY,I,EY,,,,,,,,,,B,A,,,A,,,Z,,,,,,,,,,,,,,,,Z,Y,,,A,,022000,,000288,,433,,B2,,A1,,X7,,C3,,G7,,A,64,C,02,64,C,33,,,,,,,,,,,,,,,,,,,,,,,,,N,0,0,0,1,0,1,0,0,0,0,0,0,0,0,0,0,0,0,,0,0,0,0,0,0,0,0,0,0,0,0,0,0,0,0,0,0,0,0,0,0,0,0,0,0,0,0,0,0,0,0,0,0,0,0,0,0,0,1,0,1,0,0,0,0,0,0,0,0,0,0,0,0,,,,,0,0,0,0,0,0,0,PRE1982.MDB,2026-04-14 02:19:16.142676
271,1965-06-23 00:00:00,2 0023,N8660T,1964-02-09 00:00:00,,PROSSER WASH,CESSNA,182,,1800,A,47,039,17,20,26,A,A,A,1,A,D,,,D,B0,,,M0,D1,,,,,,,,,,,,D,A,,,A,,,N,,,,,,,,,,,,,,,,01700,A,R,,A,,032566,,000077,,444,,B2,,A1,,Y8,,C3,,G7,,A,64,A,17,88,A,67,,,,,,,,,,,,,,,,,,,,,,,,,F,1,0,0,0,0,1,0,0,0,0,0,0,0,0,0,0,0,0,,0,0,0,0,0,0,0,0,0,0,0,0,0,0,0,0,0,0,0,0,0,0,0,0,0,0,0,0,0,0,2,0,0,0,0,2,3,0,0,0,0,3,0,0,0,0,0,0,0,0,0,0,0,0,,,,,0,0,0,0,0,0,0,PRE1982.MDB,2026-04-14 02:19:16.142676
272,1966-02-19 00:00:00,2 0024,N7871P,1964-02-27 00:00:00,,NEW ORLEANS LA,PIPER,PA24,,2400,A,18,124,25,12,20,A,A,A,1,A,D,,,D,B0,,,M1,D9,,,,,,,,,,,,D,B,F,A,D,,X,J,Z,,F,LAKEFRONT,00010,A,Y,Z,,,A,04424,,,,00010,H,,,A,,001688,,000511,,311,,C3,,A1,,Y8,,B2,,C3,,A,64,A,04,64,J,19,82,J,A,82,J,C,88,J,45,,,,,,,,,,,,,,,,F,1,0,0,0,0,1,0,0,0,0,0,0,0,0,0,0,0,0,,0,0,0,0,0,0,0,0,0,0,0,0,0,0,0,0,0,0,0,0,0,0,0,0,0,0,0,0,0,0,1,0,0,0,0,1,2,0,0,0,0,2,0,0,0,0,0,0,0,0,0,0,0,0,,,,,0,0,0,0,0,0,0,PRE1982.MDB,2026-04-14 02:19:16.142676
273,1966-02-19 00:00:00,2 0025,N2136P,1964-01-22 00:00:00,,PRESCOTT ARIZ,PIPER,PA23,,2300,A,03,124,24,12,09,A,A,A,2,A,D,,,F,CI,,,M0,ED,,,,,,,,,,,,D,C,P,E,C,Z,Y,I,Z,,A,PRESCOTT,05042,A,Y,Z,,,,06820,,,,05042,,,,A,,063000,,000200,,422,,B2,,P7,,Y8,,C3,,G7,,A,64,A,26,82,A,A,82,A,D,88,J,06,,,,,,,,,,,,,,,,,,,F,1,0,0,0,0,1,0,0,0,0,0,0,0,0,0,0,0,0,,0,0,0,0,0,0,0,0,0,0,0,0,0,0,0,0,0,0,0,0,0,0,0,0,0,0,0,0,0,0,1,0,0,0,0,1,2,0,0,0,0,2,0,0,0,0,0,0,0,0,0,0,0,0,,,,,0,0,0,0,0,0,0,PRE1982.MDB,2026-04-14 02:19:16.142676
274,1966-02-19 00:00:00,2 0026,N9987D,1964-01-23 00:00:00,,BENSON ARIZ,PIPER,PA22,,1000,A,03,124,23,12,06,A,A,A,1,A,D,,,M,B2,,,Q,D1,,,,,,,,,,,,B,B,M,A,B,,Y,N,,,,,,,,,,,,,,,,04400,A,,,A,,000933,,000933,,500,,C3,,A1,,Y8,,B2,,Y8,,A,64,A,04,64,A,29,82,J,A,82,J,B,,,,,,,,,,,,,,,,,,,F,1,0,0,0,0,1,0,0,0,0,0,0,0,0,0,0,0,0,,0,0,0,0,0,0,0,0,0,0,0,0,0,0,0,0,0,0,0,0,0,0,0,0,0,0,0,0,0,0,2,0,0,0,0,2,3,0,0,0,0,3,0,0,0,0,0,0,0,0,0,0,0,0,,,,,0,0,0,0,0,0,0,PRE1982.MDB,2026-04-14 02:19:16.142676
275,1966-02-19 00:00:00,2 0027,N18946,1964-07-07 00:00:00,,MARTINSVILLE VA,LOCKHEED,12A,,0515,A,46,088,09,39,07,A,A,A,2,A,D,Y,Z,E,CI,,,N1,C1,,,,,,,,,,,,A,A,,,A,,,F,Z,,F,MARTINSVILLE,00800,A,Y,,,,,02000,,,,00800,H,,,A,,151655,,000044,,433,,H8,,M4,,Y8,,C3,,G7,,A,64,A,29,88,A,09,,,,,,,,,,,,,,,,,,,,,,,,,F,1,0,0,0,0,1,0,0,0,0,0,0,0,0,0,0,0,0,,0,0,0,0,0,0,0,0,0,0,0,0,0,0,0,0,0,0,0,0,0,0,0,0,0,0,0,0,0,0,4,0,0,0,0,4,5,0,0,0,0,5,0,0,0,0,0,0,0,0,0,0,0,0,,,,,0,0,0,0,0,0,0,PRE1982.MDB,2026-04-14 02:19:16.142676
276,1966-02-19 00:00:00,2 0028,N1061,1964-01-28 00:00:00,,YAKIMA WASH,BELL,47D1,,1000,A,47,024,02,04,13,B,E,A,1,A,S,,,F,A0,,,G,EI,,,,,,,,,,,,B,A,,,A,,,A,,,A,YAKIMA,1082,A,Y,,,,A,04090,,,,01082,,,,A,C,100000,,020000,,455,,B2,,T3,,Y8,,F6,,G7,,C,66,A,25,64,A,30,,,,,,,,,,,,,,,,,,,,,,,,,N,0,0,0,1,0,1,0,0,0,0,0,0,0,0,0,1,0,1,,0,0,0,0,0,0,0,0,0,0,0,0,0,0,0,0,0,0,0,0,0,0,0,0,0,0,0,0,0,0,0,0,0,0,0,0,0,0,0,2,0,2,0,0,0,0,0,0,0,0,0,0,0,0,,,,,0,0,0,0,0,0,0,PRE1982.MDB,2026-04-14 02:19:16.142676
277,1966-02-19 00:00:00,2 0029,N7208Y,1964-01-30 00:00:00,,PRIDDY TEX,PIPER,PA30,,1200,A,43,124,29,12,33,A,A,A,2,A,D,Y,Z,F,CI,,,N1,DB,,,,,,,,,,,,B,B,E,A,A,,Y,N,,,,,,,,,,,,,,,,Z,Z,,,A,,195000,,002000,,411,,A1,,M4,,Y8,,F6,,C3,,A,64,A,04,64,A,33,82,J,A,82,J,B,,,,,,,,,,,,,,,,,,,F,1,0,0,0,0,1,0,0,0,0,0,0,0,0,0,0,0,0,,0,0,0,0,0,0,0,0,0,0,0,0,0,0,0,0,0,0,0,0,0,0,0,0,0,0,0,0,0,0,1,0,0,0,0,1,2,0,0,0,0,2,0,0,0,0,0,0,0,0,0,0,0,0,,,,,0,0,0,0,0,0,0,PRE1982.MDB,2026-04-14 02:19:16.142676
278,1966-02-19 00:00:00,2 0030,N612X,1964-04-03 00:00:00,,BOSTON MASS,CARSON,C4,,1600,A,21,201,,04,15,B,E,A,1,A,S,,,F,DL,,,Q,C1,,,,,,,,,,,,B,A,,,A,,,E,Z,Z,A,LOGAN INT,00019,A,Y,,,,A,07021,,,,00019,K,,,A,,040000,,000066,,288,,A1,,T3,,Y8,,C3,,G7,,A,64,A,18,64,A,31,68,A,E0,88,J,06,88,J,88,,,,,,,,,,,,,,,,M,0,0,1,0,0,1,0,0,0,0,0,0,0,0,0,0,0,0,,0,0,0,0,0,0,0,0,0,0,0,0,0,0,0,0,0,0,0,0,0,0,0,0,0,0,0,0,0,0,0,0,1,0,0,1,0,0,2,0,0,2,0,0,0,0,0,0,0,0,0,0,0,0,,,,,0,0,0,0,0,0,0,PRE1982.MDB,2026-04-14 02:19:16.142676
279,1966-02-19 00:00:00,2 0031,N5194B,1964-01-27 00:00:00,,HENDERSONVILLE NC,BELL,47G2,,1600,A,33,024,02,12,15,B,E,A,1,A,S,,,F,CG,,,U,C1,N0,EI,Z,,,,B,,,,,B,A,,,A,,,N,,,,,,,,,,,,,,,,Z,Y,,,A,,064000,,052000,,355,,B2,,T3,,Y8,,C3,,G7,,A,64,C,29,88,A,87,,,,,,,,,,,,,,,,,,,,,,,,,N,0,0,0,1,0,1,0,0,0,0,0,0,0,0,0,0,0,0,,0,0,0,0,0,0,0,0,0,0,0,0,0,0,0,0,0,0,0,0,0,0,0,0,0,0,0,0,0,0,0,0,0,1,0,1,0,0,0,2,0,2,0,0,0,0,0,0,0,0,0,0,0,0,,,,,0,0,0,0,0,0,0,PRE1982.MDB,2026-04-14 02:19:16.142676
280,1966-02-19 00:00:00,2 0032,N8735F,1964-02-09 00:00:00,,OPA LOCKA FLA,HUGHES,269A,,1400,A,09,077,01,12,09,B,E,A,1,A,S,,,F,A0,,,U,C1,G,EI,Z,,,,A,,,,,B,A,,,A,,,A,,Z,F,OPA LOCKA,00009,A,Y,,,,A,08000,,,,00009,,,,A,C,024000,,002000,,288,,B2,,T3,,Y8,,F6,,G7,,A,78,C,AB,88,C,36,,,,,,,,,,,,,,,,,,,,,,,,,N,0,0,0,1,0,1,0,0,0,0,0,0,0,0,0,1,0,1,,0,0,0,0,0,0,0,0,0,0,0,0,0,0,0,0,0,0,0,0,0,0,0,0,0,0,0,0,0,0,0,0,0,0,0,0,0,0,0,2,0,2,0,0,0,0,0,0,0,0,0,0,0,0,,,,,0,0,0,0,0,0,0,PRE1982.MDB,2026-04-14 02:19:16.142676
281,1966-09-13 00:00:00,2 0033,N2663K,1964-01-04 00:00:00,,PALO ALTO CALIF,LUSCOMBE,8A,N3397K,1650,A,05,089,03,20,11,A,A,A,1,A,D,,,M,A1,,,L0,EB,,,00030,,062,WHITE CLOUD CB,,,,,,B,A,,,A,,,E,G,,,PALO ALTO,00004,A,,,,,,02500,,,,,,,,A,,00020A,,00020A,,46A,,CA,,AA,,,,AA,,JA,,A,68,A,K0,88,J,61,,,,,,,,,,,,,,,,,,,,,,,,,C,0,1,0,0,0,1,0,0,0,0,0,0,0,0,0,0,0,0,,0,0,0,0,0,0,0,0,0,0,0,0,0,0,0,0,0,0,0,0,0,0,0,0,0,0,0,0,0,0,0,0,0,0,0,0,0,1,0,0,0,1,0,0,0,1,0,0,0,0,0,0,0,1,,,,,0,1,0,1,0,2,0,PRE1982.MDB,2026-04-14 02:19:16.142676
282,1966-04-12 00:00:00,2 0033,N3397K,1964-01-04 00:00:00,,PALO ALTO CALIF,GLOBE,GC1B,N2663K,1650,A,05,162,01,20,14,A,A,A,1,A,S,,,D,B0,,,L0,EB,,,00030,,070,,,,,,,B,A,,,A,,,E,G,,F,PALO ALTO,00004,A,,,,,,02500,,,,,,,,A,,00353A,,00170A,,46A,,CA,,AA,,,,BA,,SA,,A,64,A,14,88,J,61,,,,,,,,,,,,,,,,,,,,,,,,,C,0,0,0,1,0,1,0,0,0,0,0,0,0,0,0,0,0,0,,0,0,0,0,0,0,0,0,0,0,0,0,0,0,0,0,0,0,0,0,0,0,0,0,0,0,0,0,0,0,0,0,0,0,0,0,0,0,0,1,0,1,0,1,0,0,0,0,0,0,0,0,0,1,,,,,0,1,0,1,0,2,0,PRE1982.MDB,2026-04-14 02:19:16.142676
283,1972-05-15 00:00:00,2 0034,N5121P,1964-01-05 00:00:00,,HARTSVILLE SC,PIPER,PA-24,,1300,A,40,124,25,12,09,A,A,A,1,A,S,,,D,B0,,,U,C1,NB,EE,00479,,,,B,,,,,B,A,,,A,,,F,Z,Z,F,HARTSVILLE,00379,C,Y,,,,,03500,,,,00379,,,,A,,006000,,000088,,399,,C3,,A1,,Y8,,B2,,Y8,,A,64,C,32,64,C,29,88,A,96,,,,,,,,,,,,,,,,,,,,,,C,0,1,0,0,0,1,0,0,0,0,0,0,0,0,0,0,0,0,,0,0,0,0,0,0,0,0,0,0,0,0,0,0,0,0,0,0,0,0,0,0,0,0,0,0,0,0,0,0,0,0,3,0,0,3,0,1,3,0,0,4,0,0,0,0,0,0,0,0,0,0,0,0,,,,,0,0,0,0,0,0,0,PRE1982.MDB,2026-04-14 02:19:16.142676
284,1965-09-03 00:00:00,2 0035,N2238H,1964-01-05 00:00:00,,ALEXANDRIA VA,ERCOUPE,415C,,2000,A,46,063,01,20,11,A,A,A,1,A,D,Y,Z,D,B0,,,K,EB,N1,EB,,,,,,,,,,D,A,,,A,,,E,Z,Z,F,WASHINGTON VA,00250,A,Y,Z,,,,02800,,,,00250,H,,,A,,000544,,000411,,233,,F6,,A1,,,,A1,,Y8,,A,64,C,17,64,C,02,,,,,,,,,,,,,,,,,,,,,,,,,C,0,0,0,1,0,1,0,0,0,0,0,0,0,0,0,0,0,0,,0,0,0,0,0,0,0,0,0,0,0,0,0,0,0,0,0,0,0,0,0,0,0,0,0,0,0,0,0,0,0,1,0,0,0,1,0,1,0,1,0,2,0,0,0,0,0,0,0,0,0,0,0,0,,,,,0,0,0,0,0,0,0,PRE1982.MDB,2026-04-14 02:19:16.142676
285,1966-05-07 00:00:00,2 0036,N8747M,1964-01-06 00:00:00,,BOCA RATON FLA,BEECHCRAFT,23,,1400,A,09,022,25,12,06,A,A,A,1,A,S,,,F,B0,,,G,EE,A,EF,,,,,,,,,,B,A,,,A,,,A,,,F,BOCA RATON,00014,A,Y,,,,,05000,,,,00014,,,,A,,002366,,000011,,333,,C3,,A1,,Y8,,B2,,A1,,A,64,C,25,64,C,80,,,,,,,,,,,,,,,,,,,,,,,,,C,0,1,0,0,0,1,0,0,0,0,0,0,0,0,0,0,0,0,,0,0,0,0,0,0,0,0,0,0,0,0,0,0,0,0,0,0,0,0,0,0,0,0,0,0,0,0,0,0,0,0,0,0,0,0,0,1,0,0,0,1,0,0,0,0,0,0,0,0,0,0,0,0,,,,,0,0,0,0,0,0,0,PRE1982.MDB,2026-04-14 02:19:16.142676
286,1966-02-19 00:00:00,2 0037,N6886U,1964-01-08 00:00:00,,HEAD WATERS VA,MOONEY,M20C,,2300,A,46,101,03,12,09,A,A,A,1,A,D,,,F,B2,,,N1,EA,,,,,,,,,,,,D,B,D,A,B,,Y,N,,,,,,,,,,,,,,,,Z,A,,,A,,001744,,000122,,233,,C3,,A1,,Y8,,B2,,Y8,,A,64,A,04,,,,,,,,,,,,,,,,,,,,,,,,,,,,C,0,1,0,0,0,1,0,0,0,0,0,0,0,0,0,0,0,0,,0,0,0,0,0,0,0,0,0,0,0,0,0,0,0,0,0,0,0,0,0,0,0,0,0,0,0,0,0,0,0,2,0,0,0,2,0,3,0,0,0,3,0,0,0,0,0,0,0,0,0,0,0,0,,,,,0,0,0,0,0,0,0,PRE1982.MDB,2026-04-14 02:19:16.142676
287,1966-09-28 00:00:00,2 0038,N8769A,1964-01-16 00:00:00,,ANDYTOWN FLA,BEECHCRAFT,A35,,2400,A,09,022,19,20,15,A,A,A,1,A,D,,,D,B2,,,M1,D9,,,,,,,,,,,,D,A,E,Z,G,,Y,N,,,,,,,,,,,,,,,,Z,H,,,A,,003055,,000611,,311,,B2,,A1,,Y8,,B2,,Y8,,A,64,A,05,,,,82,J,A,,,,,,,,,,,,,,,,,,,,,,C,0,1,0,0,0,1,0,0,0,0,0,0,0,0,0,0,0,0,,0,0,0,0,0,0,0,0,0,0,0,0,0,0,0,0,0,0,0,0,0,0,0,0,0,0,0,0,0,0,0,1,0,0,0,1,0,2,0,0,0,2,0,0,0,0,0,0,0,0,0,0,0,0,,,,,0,0,0,0,0,0,0,PRE1982.MDB,2026-04-14 02:19:16.142676
288,1966-05-07 00:00:00,2 0039,N29616,1964-01-16 00:00:00,,FRANCIS PEAK UTAH,BC65,DC65,,1200,A,44,157,05,20,06,A,A,A,1,A,D,,,D,B0,,,Q,D9,,,,,,,,,,,,B,A,,,A,,,N,,,,,,,,,,,,,,,,Z,A,,,A,,014000,,009000,,488,,C3,,A1,,Y8,,B2,,Y8,,A,64,A,16,,,,82,A,M,,,,,,,,,,,,,,,,,,,,,,C,0,1,0,0,0,1,0,0,0,0,0,0,0,0,0,0,0,0,,0,0,0,0,0,0,0,0,0,0,0,0,0,0,0,0,0,0,0,0,0,0,0,0,0,0,0,0,0,0,0,1,0,0,0,1,0,2,0,0,0,2,0,0,0,0,0,0,0,0,0,0,0,0,,,,,0,0,0,0,0,0,0,PRE1982.MDB,2026-04-14 02:19:16.142676
289,1966-02-19 00:00:00,2 0040,N7828B,1964-06-01 00:00:00,,LEON VALLEY TEX,NAVION,A,,1100,A,43,107,01,20,26,A,A,A,1,A,D,,,L,B0,,,A,C0,N1,C0,,,,,,,,,,B,A,,,A,,,A,,,E,BASSETT,,C,J,,,,,,,,,,,,,A,,003011,,000399,,355,,B2,,A1,,YA,,BA,,,,A,64,C,22,64,L,06,88,L,76,,,,,,,,,,,,,,,,,,,,,,F,0,1,0,0,0,1,0,0,0,0,0,0,0,0,0,0,0,0,,0,0,0,0,0,0,0,0,0,0,0,0,0,0,0,0,0,0,0,0,0,0,0,0,0,0,0,0,0,0,1,1,2,0,0,4,1,2,2,0,0,5,0,0,0,0,0,0,0,0,0,0,0,0,,,,,0,0,0,0,0,0,0,PRE1982.MDB,2026-04-14 02:19:16.142676
290,1966-02-19 00:00:00,2 0041,N7358B,1964-02-19 00:00:00,,LOUP CITY NEB,BEECHCRAFT,E35,,1000,A,27,022,19,20,15,A,A,A,1,A,D,Y,Z,F,B2,,,Q,D1,,,,,,,,,,,,B,B,B,A,A,,Y,N,,,,,,,,,,,,,,,,Z,Y,,,A,,013166,,010000,,522,,C3,,A1,,Y8,,B2,,Y8,,A,64,A,04,82,J,A,82,J,D,,,,,,,,,,,,,,,,,,,,,,F,1,0,0,0,0,1,0,0,0,0,0,0,0,0,0,0,0,0,,0,0,0,0,0,0,0,0,0,0,0,0,0,0,0,0,0,0,0,0,0,0,0,0,0,0,0,0,0,0,0,0,0,0,0,0,1,0,0,0,0,1,0,0,0,0,0,0,0,0,0,0,0,0,,,,,0,0,0,0,0,0,0,PRE1982.MDB,2026-04-14 02:19:16.142676
291,1966-05-07 00:00:00,2 0042,N3876A,1964-02-19 00:00:00,,ELSINORE CALIF,SCHWEIZER,126A,,1800,A,05,142,04,,,C,A,A,0,,D,,,M,B0,,,M1,D9,,,,,,,,,,,,B,A,,,A,,,N,,,,,,,,,,,,,,,,03100,A,,,A,,000233,,000133,,299,,F6,,V5,,,,A1,,Y8,,A,64,A,64,82,J,K,,,,,,,,,,,,,,,,,,,,,,,,,F,1,0,0,0,0,1,0,0,0,0,0,0,0,0,0,0,0,0,,0,0,0,0,0,0,0,0,0,0,0,0,0,0,0,0,0,0,0,0,0,0,0,0,0,0,0,0,0,0,0,0,0,0,0,0,1,0,0,0,0,1,0,0,0,0,0,0,0,0,0,0,0,0,,,,,0,0,0,0,0,0,0,PRE1982.MDB,2026-04-14 02:19:16.142676
292,1965-01-26 00:00:00,2 0043,N8756R,1964-02-23 00:00:00,,SMITHFIELD RI,BENSON,B8M,,1400,A,39,201,,99,,B,E,A,1,A,S,,,D,B1,,,A,EG,I,EG,,,,,,,,,,B,A,,,A,,,A,,,F,SMITHFIELD,429,A,Y,,,,,05000,,,,00429,,,,A,,00162,,00008,,54,,B,,Z,,,,A,,D,,A,64,C,28,64,C,31,,,,,,,,,,,,,,,,,,,,,,,,,N,0,0,0,1,0,1,0,0,0,0,0,0,0,0,0,0,0,0,,0,0,0,0,0,0,0,0,0,0,0,0,0,0,0,0,0,0,0,0,0,0,0,0,0,0,0,0,0,0,0,0,0,0,0,0,0,0,0,1,0,1,0,0,0,0,0,0,0,0,0,0,0,0,,,,,0,0,0,0,0,0,0,PRE1982.MDB,2026-04-14 02:19:16.142676
293,1966-02-19 00:00:00,2 0044,N74090,1964-02-26 00:00:00,,ELIZABETH CITY NC,BARNES,47D1,,1400,A,33,200,,04,13,B,E,A,1,A,S,,,D,A0,,,M0,DB,,,,,,,,,,,,B,A,,,A,,,M,,,,Z,Z,,,,,,,,,,,Z,D,,,A,,035000,,015000,,399,,B2,,T3,,Y8,,F6,,G7,,A,64,A,08,88,J,85,,,,,,,,,,,,,,,,,,,,,,,,,N,0,0,0,1,0,1,0,0,0,0,0,0,0,0,0,1,0,1,,0,0,0,0,0,0,0,0,0,0,0,0,0,0,0,0,0,0,0,0,0,0,0,0,0,0,0,0,0,0,0,0,0,0,0,0,0,0,0,2,0,2,0,0,0,0,0,0,0,0,0,0,0,0,,,,,0,0,0,0,0,0,0,PRE1982.MDB,2026-04-14 02:19:16.142676
294,1965-01-26 00:00:00,2 0045,N2947,1964-02-26 00:00:00,,FRANKFORT IND,GRUMMAN,G73,,1000,A,14,071,11,39,10,A,C,B,2,A,S,,,B,B3,,,N7,EF,E,EF,,,,,,,,,,B,A,,,A,,,A,,,F,CLINTON COUNTY,857,A,I,,,,,03000,,,,00857,,,,A,,07600,,02500,,41,,B,,S,,Y,,C,,G,,A,68,C,H2,68,C,H4,80,L,BC,,,,,,,,,,,,,,,,,,,,,,N,0,0,0,1,0,1,0,0,0,1,0,1,0,0,0,0,0,0,,0,0,0,0,0,0,0,0,0,0,0,0,0,0,0,0,0,0,0,0,0,0,0,0,0,0,0,0,0,0,0,0,0,3,0,3,0,0,0,5,0,5,0,0,0,0,0,0,0,0,0,0,0,0,,,,,0,0,0,0,0,0,0,PRE1982.MDB,2026-04-14 02:19:16.142676
295,1966-07-07 00:00:00,2 0046,N352L,1964-02-26 00:00:00,,OTAY CALIF,MACE,M101,,Z,A,05,200,,12,05,A,A,A,1,A,S,,,D,B0,,,M0,D7,,,,,,,,,,,,B,A,,,A,,,N,,,,,,,,,,,,,,,,Z,A,,,A,,020977,,000099,,455,,B2,,P7,,Y8,,F6,,Y8,,A,64,A,17,88,1,14,,,,,,,,,,,,,,,,,,,,,,,,,F,1,0,0,0,0,1,0,0,0,0,0,0,0,0,0,0,0,0,,0,0,0,0,0,0,0,0,0,0,0,0,0,0,0,0,0,0,0,0,0,0,0,0,0,0,0,0,0,0,0,0,0,0,0,0,1,0,0,0,0,1,0,0,0,0,0,0,0,0,0,0,0,0,,,,,0,0,0,0,0,0,0,PRE1982.MDB,2026-04-14 02:19:16.142676
296,1965-01-26 00:00:00,2 0047,N9909Y,1964-02-26 00:00:00,,SPLIT ROCK WY,CHAMPION,7GCB,,Z,A,50,003,12,12,06,A,A,A,1,A,D,,,F,DK,,,M1,D9,,,,,,,,,,,,B,A,,,A,,,N,,,,,,,,,,,,,,,,6700,A,,,A,,01216,,00141,,29,,B,,A,,Y,,F,,G,,A,84,A,I,,,,,,,,,,,,,,,,,,,,,,,,,,,,F,1,0,0,0,0,1,0,0,0,0,0,0,0,0,0,0,0,0,,0,0,0,0,0,0,0,0,0,0,0,0,0,0,0,0,0,0,0,0,0,0,0,0,0,0,0,0,0,0,1,0,0,0,0,1,2,0,0,0,0,2,0,0,0,0,0,0,0,0,0,0,0,0,,,,,0,0,0,0,0,0,0,PRE1982.MDB,2026-04-14 02:19:16.142676
297,1967-04-25 00:00:00,2 0048,N5315V,1964-02-27 00:00:00,,CHATSWORTH CALIF,HILLER,UH12C,,1200,A,05,076,02,04,13,B,E,A,1,A,S,,,I,DB,,,M0,DB,,,,,,,,,,,,B,A,,,A,,,M,,,,Z,Z,,,,,,,Z,,,,Z,,,,A,,030000,,005000,,411,,B2,,T3,,Y8,,C3,,A,,A,64,A,54,,,,,,,,,,,,,,,,,,,,,,,,,,,,N,0,0,0,1,0,1,0,0,0,0,0,0,0,0,0,0,0,0,,0,0,0,0,0,0,0,0,0,0,0,0,0,0,0,0,0,0,0,0,0,0,0,0,0,0,0,0,0,0,0,0,0,1,0,1,0,0,0,2,0,2,0,0,0,0,0,0,0,0,0,0,0,0,,,,,0,0,0,0,0,0,0,PRE1982.MDB,2026-04-14 02:19:16.142676
298,1966-02-19 00:00:00,2 0049,N5199B,1964-02-29 00:00:00,,GULF OF MEXICO,BELL,47J,,0700,A,95,024,04,12,15,B,E,A,1,A,S,,,F,B2,,,I,C3,,,,,,,,,,,,B,A,,,A,,,D,,,Y,HELIPORT,00060,Y,Y,,,,,Z,,,,00060,,,,A,,018633,,004488,,299,,B2,,T3,,Y8,,C3,,G7,,A,64,A,29,,,,,,,,,,,,,,,,,,,,,,,,,,,,N,0,0,0,1,0,1,0,0,0,0,0,0,0,0,0,0,0,0,,0,0,0,0,0,0,0,0,0,0,0,0,0,0,0,0,0,0,0,0,0,0,0,0,0,0,0,0,0,0,0,0,0,0,0,0,0,0,0,1,0,1,0,0,0,0,0,0,0,0,0,0,0,0,,,,,0,0,0,0,0,0,0,PRE1982.MDB,2026-04-14 02:19:16.142676
299,1965-01-26 00:00:00,2 0050,N5926X,1964-02-29 00:00:00,,SANTA ANA CALIF,BRANTLY,B2,,1500,A,05,028,01,12,10,B,E,A,1,A,S,,,F,A0,,,M0,D4,,,,,,,,,,,,B,A,,,A,,,A,,,F,ORANGE COUNTY,00054,A,Y,,,,,04800,,,,00054,,,,A,C,06000,,00126,,42,,B,,T,,Y,,F,,G,,A,64,A,23,66,A,42,,,,,,,,,,,,,,,,,,,,,,,,,N,0,0,0,1,0,1,0,0,0,0,0,0,0,0,0,1,0,1,,0,0,0,0,0,0,0,0,0,0,0,0,0,0,0,0,0,0,0,0,0,0,0,0,0,0,0,0,0,0,0,0,0,0,0,0,0,0,0,2,0,2,0,0,0,0,0,0,0,0,0,0,0,0,,,,,0,0,0,0,0,0,0,PRE1982.MDB,2026-04-14 02:19:16.142676
300,1965-01-26 00:00:00,2 0051,N1128Q,1964-03-03 00:00:00,N,LAKE JACKSON TEX,CESSNA,310H,,1900,A,43,039,22,20,28,A,A,A,2,A,D,Y,Z,B,B3,,,K,ED,N1,ED,,,,,,,,,,D,B,D,A,C,Z,Y,J,,,F,LAKE JACKSON,00012,A,Y,Z,,,,05000,,,,00012,H,,,A,,10345,,00181,,46,,D,,P,,Y,,D,,G,,A,64,C,26,82,L,A,82,L,F,,,,,,,,,,,,,,,,,,,,,,F,1,0,0,0,0,1,0,0,0,0,0,0,0,0,0,0,0,0,,0,0,0,0,0,0,0,0,0,0,0,0,0,0,0,0,0,0,0,0,0,0,0,0,0,0,0,0,0,0,0,2,0,0,0,2,1,2,0,0,0,3,0,0,0,0,0,0,0,0,0,0,0,0,,,,,0,0,0,0,0,0,0,PRE1982.MDB,2026-04-14 02:19:16.142676
301,1966-06-08 00:00:00,2 0052,N8497E,1964-03-04 00:00:00,,NIKISHIKA ALAS,BELL,47J2,,1200,A,02,024,04,12,21,B,E,A,1,A,S,,,F,CI,,,N0,B8,,,,,,,,,,,,B,A,,,A,,,A,,,G,,,,,,,,,,,,,Z,Z,,,A,,049000,,010000,,388,,B2,,T3,,Y8,,C3,,G7,,A,64,A,17,,,,,,,,,,,,,,,,,,,,,,,,,,,,N,0,0,0,1,0,1,0,0,0,0,0,0,0,0,0,0,0,0,,0,0,0,0,0,0,0,0,0,0,0,0,0,0,0,0,0,0,0,0,0,0,0,0,0,0,0,0,0,0,0,0,0,2,0,2,0,0,0,3,0,3,0,0,0,0,0,0,0,0,0,0,0,0,,,,,0,0,0,0,0,0,0,PRE1982.MDB,2026-04-14 02:19:16.142676
302,1967-04-25 00:00:00,2 0053,N162M,1964-03-04 00:00:00,,VAN NUYS CALIF,HILLER,UH12A,,Z,A,05,076,01,04,13,B,E,A,1,A,S,,,F,DZ,,,ND,Z,,,,,,,,,,,,Z,Z,,,A,,,A,,,F,VAN NUYS,126,A,Y,Z,,,,08000,,,,00126,,,,A,,Z9,,Z9,,Z9,,Z9,,Z9,,Z9,,,,A,,A,84,A,8,,,,,,,,,,,,,,,,,,,,,,,,,,,,Z,0,0,0,0,1,1,0,0,0,0,0,0,0,0,0,0,0,0,,0,0,0,0,0,0,0,0,0,0,0,0,0,0,0,0,0,0,0,0,0,0,0,0,0,0,0,0,0,0,0,0,0,0,0,0,0,0,0,0,1,1,0,0,0,0,0,0,0,0,0,0,0,0,,,,,0,0,0,0,0,0,0,PRE1982.MDB,2026-04-14 02:19:16.142676
303,1965-06-26 00:00:00,2 0054,N3629D,1964-03-04 00:00:00,N,ELKO NEV,CESSNA,310,,2200,A,28,039,22,20,26,A,A,A,2,A,D,Y,Z,D,B2,,,M0,D1,,,,,,,,,,,,D,B,F,A,H,,Y,N,,,,,,,,,,,,,,,,08300,A,R,,A,,010644,,000900,,433,,E5,,M4,,Y8,,B2,,E5,,A,64,A,04,64,A,33,82,J,A,,,,,,,,,,,,,,,,,,,,,,F,1,0,0,0,0,1,0,0,0,0,0,0,0,0,0,0,0,0,,0,0,0,0,0,0,0,0,0,0,0,0,0,0,0,0,0,0,0,0,0,0,0,0,0,0,0,0,0,0,0,0,0,0,0,0,1,0,0,0,0,1,0,0,0,0,0,0,0,0,0,0,0,0,,,,,0,0,0,0,0,0,0,PRE1982.MDB,2026-04-14 02:19:16.142676
304,1966-02-19 00:00:00,2 0055,N9887Y,1964-03-05 00:00:00,,FAREWELL ALAS,CHAMPION,7GCB,,Z,A,02,003,12,12,06,A,A,A,1,A,D,,,H,B4,,,Q,Z,,,,,,,,,,,,B,Z,,,B,,,N,,,,,,,,,,,,,,,,Z,,,,A,,014077,,Z9,,388,,C3,,I9,,Y8,,B2,,Y8,,,64,A,64,,,,,,,,,,,,,,,,,,,,,,,,,,,,F,1,0,0,0,0,1,0,0,0,0,0,0,0,0,0,0,0,0,,0,0,0,0,0,0,0,0,0,0,0,0,0,0,0,0,0,0,0,0,0,0,0,0,0,0,0,0,0,0,1,0,0,0,0,1,2,0,0,0,0,2,0,0,0,0,0,0,0,0,0,0,0,0,,,,,0,0,0,0,0,0,0,PRE1982.MDB,2026-04-14 02:19:16.142676
305,1965-01-26 00:00:00,2 0056,N3042Z,1964-03-07 00:00:00,,TROUP TEX,PIPER,PA22,,0800,A,43,124,23,12,06,A,A,A,1,A,D,,,D,B2,,,Q,D1,,,,,,,,,,,,B,B,Z,A,A,,,N,,,,,,,,,,,,,,,,Z,H,,,A,,00300,,Z,,32,,F,,A,,Y,,B,,Y,,A,64,A,04,64,A,33,82,A,A,82,A,C,,,,,,,,,,,,,,,,,,,F,1,0,0,0,0,1,0,0,0,0,0,0,0,0,0,0,0,0,,0,0,0,0,0,0,0,0,0,0,0,0,0,0,0,0,0,0,0,0,0,0,0,0,0,0,0,0,0,0,1,0,0,0,0,1,2,0,0,0,0,2,0,0,0,0,0,0,0,0,0,0,0,0,,,,,0,0,0,0,0,0,0,PRE1982.MDB,2026-04-14 02:19:16.142676
306,1965-08-10 00:00:00,2 0057,N8707W,1964-03-07 00:00:00,,ARCADIA FLA,PIPER,PA28,,1000,A,09,124,28,12,20,A,A,A,1,A,D,Y,Z,D,B2,,,J,EF,NB,EF,,,,,,,,,,B,A,,,A,,,E,,,F,ARCADIA,00060,C,Y,,,,,02600,,,,00060,,,,A,,007100,,Z9,,488,,C3,,A1,,Y8,,B2,,D4,,A,64,C,46,,,,,,,,,,,,,,,,,,,,,,,,,,,,F,1,0,0,0,0,1,0,0,0,0,0,0,0,0,0,0,0,0,,0,0,0,0,0,0,0,0,0,0,0,0,0,0,0,0,0,0,0,0,0,0,0,0,0,0,0,0,0,0,1,0,0,0,0,1,2,0,0,0,0,2,0,0,0,0,0,0,0,0,0,0,0,0,,,,,0,0,0,0,0,0,0,PRE1982.MDB,2026-04-14 02:19:16.142676
307,1966-05-11 00:00:00,2 0058,N344S,1964-06-19 00:00:00,N,SOUTHHAMPTON MASS,AERO CMDR,680,,2200,A,21,002,02,12,17,A,A,A,2,A,D,,,B,B3,,,K,ED,M0,ED,,,,,,,,,,D,B,P,A,C,E,Y,K,,,A,BARNES,00270,A,Y,Z,,,,09000,,,,00270,,R,,A,,107599,,007311,,499,,E5,,P7,,Y8,,F6,,G7,,A,64,C,26,82,L,A,82,L,C,,,,,,,,,,,,,,,,,,,,,,F,1,0,0,0,0,1,0,0,0,0,0,0,0,0,0,0,0,0,,0,0,0,0,0,0,0,0,0,0,0,0,0,0,0,0,0,0,0,0,0,0,0,0,0,0,0,0,0,0,1,3,0,0,0,4,2,3,0,0,0,5,0,0,0,0,0,0,0,0,0,0,0,0,,,,,0,0,0,0,0,0,0,PRE1982.MDB,2026-04-14 02:19:16.142676
308,1966-07-07 00:00:00,2 0059,N994B,1964-03-10 00:00:00,,GRAND ISLE LA,BELL,47G,,0700,A,18,024,03,04,13,B,E,A,1,A,D,,,F,CI,,,J,EB,G,EE,,,,,,,,,,B,A,,,A,,,A,,,G,OIL DRILLING RIG,00050,Y,Y,,,,,00070,,,,00050,,,,A,,024944,,007277,,288,,B2,,T3,,Y8,,C3,,G7,,A,64,C,27,64,C,34,64,C,80,88,L,88,,,,,,,,,,,,,,,,,,,F,1,0,0,0,0,1,0,0,0,0,0,0,0,0,0,0,0,0,,0,0,0,0,0,0,0,0,0,0,0,0,0,0,0,0,0,0,0,0,0,0,0,0,0,0,0,0,0,0,1,0,0,0,0,1,2,0,0,0,0,2,0,0,0,0,0,0,0,0,0,0,0,0,,,,,0,0,0,0,0,0,0,PRE1982.MDB,2026-04-14 02:19:16.142676
309,1966-02-19 00:00:00,2 0060,N85Z,1964-03-15 00:00:00,,RUSTON LA,BELL,47G,,0900,A,18,024,03,04,13,B,E,A,1,A,S,,,F,DD,,,U,D1,G,EI,,,,,B,,,,,B,A,,,A,,,N,,,,,,,,,,,,,,,,00050,D,,,A,,126300,,013600,,588,,E5,,T3,,Y8,,F6,,G7,,A,68,C,D1,68,C,D5,78,C,BJ,88,C,95,88,C,80,,,,,,,,,,,,,,,,N,0,0,0,1,0,1,0,0,0,0,0,0,0,0,0,0,0,0,,0,0,0,0,0,0,0,0,0,0,0,0,0,0,0,0,0,0,0,0,0,0,0,0,0,0,0,0,0,0,0,0,0,1,0,1,0,0,0,2,0,2,0,0,0,0,0,0,0,0,0,0,0,0,,,,,0,0,0,0,0,0,0,PRE1982.MDB,2026-04-14 02:19:16.142676
310,1965-06-23 00:00:00,2 0061,N2860N,1964-03-15 00:00:00,,INDIAN GROVE MO,CESSNA,120,,1600,A,25,039,10,20,11,A,A,A,1,A,D,,,D,B0,,,Q,EJ,,,,,,,,,,,,B,A,,,A,,,N,,,,,,,,,,,,,,,,Z,D,,,A,,001366,,000622,,366,,C3,,A1,,Y8,,B2,,Y8,,A,64,A,16,88,1,67,,,,,,,,,,,,,,,,,,,,,,,,,F,1,0,0,0,0,1,0,0,0,0,0,0,0,0,0,0,0,0,,0,0,0,0,0,0,0,0,0,0,0,0,0,0,0,0,0,0,0,0,0,0,0,0,0,0,0,0,0,0,0,1,0,0,0,1,1,1,0,0,0,2,0,0,0,0,0,0,0,0,0,0,0,0,,,,,0,0,0,0,0,0,0,PRE1982.MDB,2026-04-14 02:19:16.142676
311,1965-09-03 00:00:00,2 0062,N100V,1964-03-15 00:00:00,,BURLINGTON VT,LOCKHEED,18,,1900,A,45,088,12,52,12,A,A,B,2,A,S,,,B,B3,,,2,B1,,,,,,,,,,,,C,A,,,A,,,A,,,A,BURLINGTON,00335,A,Y,Z,,,,07800,,,,00335,,,,A,B,085000,,027500,,Z9,,B2,,F6,,Y8,,D4,,G7,,A,64,A,34,64,J,22,,,,,,,,,,,,,,,,,,,,,,,,,N,0,0,0,1,0,1,0,0,0,1,0,1,0,0,0,0,0,0,,0,0,0,0,0,0,0,0,0,0,0,0,0,0,0,0,0,0,0,0,0,0,0,0,0,0,0,0,0,0,0,0,0,1,0,1,0,0,0,3,0,3,0,0,0,0,0,0,0,0,0,0,0,0,,,,,0,0,0,0,0,0,0,PRE1982.MDB,2026-04-14 02:19:16.142676
312,1966-06-14 00:00:00,2 0063,N73272,1964-03-16 00:00:00,N,LOS ANGELES CALIF,BELL,47J2,,1200,A,05,024,04,12,21,B,E,A,1,A,S,,,I,CD,,,M1,C5,,,,,,,,,,,,B,A,,,A,,,A,,,G,,,,,,,,,,,,,Z,Y,,,A,,021000,,000822,,322,,B2,,U4,,Y8,,F6,,G7,,A,82,A,M,82,A,H,64,J,05,,,,,,,,,,,,,,,,,,,,,,N,0,0,0,1,0,1,0,0,0,0,0,0,0,0,0,0,0,0,,0,0,0,0,0,0,0,0,0,0,0,0,0,0,0,0,0,0,0,0,0,0,0,0,0,0,0,0,0,0,0,0,0,2,0,2,0,0,0,3,0,3,0,0,0,0,0,0,0,0,0,0,0,0,,,,,0,0,0,0,0,0,0,PRE1982.MDB,2026-04-14 02:19:16.142676
313,1966-02-19 00:00:00,2 0064,N39935,1964-03-17 00:00:00,,RENDON TEX,TAYLORCRAFT,BC12D,,1900,A,43,157,05,20,06,A,A,A,1,A,D,,,D,B0,,,Q1,D0,,,,,,,,,,,,B,A,,,A,,,N,,,,,,,,,,,,,,,,Z,Y,,,A,,000900,,000144,,344,,C3,,A1,,Y8,,B2,,Y8,,A,64,A,23,64,1,33,,,,,,,,,,,,,,,,,,,,,,,,,F,1,0,0,0,0,1,0,0,0,0,0,0,0,0,0,0,0,0,,0,0,0,0,0,0,0,0,0,0,0,0,0,0,0,0,0,0,0,0,0,0,0,0,0,0,0,0,0,0,1,0,0,0,0,1,2,0,0,0,0,2,0,0,0,0,0,0,0,0,0,0,0,0,,,,,0,0,0,0,0,0,0,PRE1982.MDB,2026-04-14 02:19:16.142676
314,1966-04-05 00:00:00,2 0065,N8439E,1964-03-18 00:00:00,,SEDALIA MO,BELL,47J2,,0800,A,25,024,04,12,21,B,E,A,1,A,S,,,F,CJ,,,N4,D4,,,,,,,,,,,,B,A,,,A,,,N,,,,,,,,,,,,,,,,Z,Y,,,A,,047000,,012000,,399,,B2,,T3,,Y8,,C3,,G7,,A,64,A,23,64,A,33,82,J,H,,,,,,,,,,,,,,,,,,,,,,N,0,0,0,1,0,1,0,0,0,0,0,0,0,0,0,0,0,0,,0,0,0,0,0,0,0,0,0,0,0,0,0,0,0,0,0,0,0,0,0,0,0,0,0,0,0,0,0,0,0,0,0,0,0,0,0,0,0,1,0,1,0,0,0,0,0,0,0,0,0,0,0,0,,,,,0,0,0,0,0,0,0,PRE1982.MDB,2026-04-14 02:19:16.142676
315,1965-09-03 00:00:00,2 0066,N89606,1964-02-01 00:00:00,,SANTA PAULA CALIF,CESSNA,140,,1500,A,05,039,10,20,11,A,A,A,1,A,D,,,F,DC,,,U,D0,Q,EB,,,,,B,,,,,B,A,,,A,,,E,,,F,SANTA PAULA,00240,C,Y,,,,,02100,,,,00240,,,,A,,030044,,000800,,366,,B2,,A1,,Y8,,C3,,Y8,,A,64,C,32,64,C,29,88,A,96,,,,,,,,,,,,,,,,,,,,,,C,0,1,0,0,0,1,0,0,0,0,0,0,0,0,0,0,0,0,,0,0,0,0,0,0,0,0,0,0,0,0,0,0,0,0,0,0,0,0,0,0,0,0,0,0,0,0,0,0,0,0,1,0,0,1,0,1,1,0,0,2,0,0,0,0,0,0,0,0,0,0,0,0,,,,,0,0,0,0,0,0,0,PRE1982.MDB,2026-04-14 02:19:16.142676
316,1966-05-07 00:00:00,2 0067,N68267,1964-02-06 00:00:00,,FREMONT CALIF,SCHWEIZER,TG3A,,1100,A,05,142,01,,,C,A,A,0,E,D,,,F,B0,,,Q,EB,,,,,,,,,,,,B,A,,,A,,,E,,,F,FREMONT,00015,C,Y,,,,,01000,,,,00015,,,,A,,001388,,000099,,366,,C3,,V5,,Y8,,B2,,Y8,,A,64,A,16,,,,,,,,,,,,,,,,,,,,,,,,,,,,C,0,1,0,0,0,1,0,0,0,0,0,0,0,0,0,0,0,0,,0,0,0,0,0,0,0,0,0,0,0,0,0,0,0,0,0,0,0,0,0,0,0,0,0,0,0,0,0,0,0,0,0,0,0,0,0,1,0,0,0,1,0,0,0,0,0,0,0,0,0,0,0,0,,,,,0,0,0,0,0,0,0,PRE1982.MDB,2026-04-14 02:19:16.142676
317,1965-01-26 00:00:00,2 0068,N28440,1964-02-17 00:00:00,,QUARTZ HILL CALIF,LUSCOMBE,8A,,1500,A,05,089,03,20,06,A,A,A,1,A,D,,,D,B1,,,Q,EJ,,,,,,,,,,,,B,A,,,A,,,A,,,,Z,Z,,,,,,,Z,,,,Z,,,,A,,00245,,00010,,37,,C,,A,,Y,,B,,Y,,A,64,A,16,,,,,,,,,,,,,,,,,,,,,,,,,,,,F,1,0,0,0,0,1,0,0,0,0,0,0,0,0,0,0,0,0,,0,0,0,0,0,0,0,0,0,0,0,0,0,0,0,0,0,0,0,0,0,0,0,0,0,0,0,0,0,0,0,0,0,0,0,0,1,0,0,0,0,1,0,0,0,0,0,0,0,0,0,0,0,0,,,,,0,0,0,0,0,0,0,PRE1982.MDB,2026-04-14 02:19:16.142676
318,1966-06-08 00:00:00,2 0069,N84554,1964-02-22 00:00:00,,KANSAS CITY MO,CHAMPION,7AC,,1400,A,25,003,12,20,06,A,A,A,1,A,S,,,D,B0,,,U,C1,Q,EB,,,,,B,,,,,B,A,,,A,,,A,,,E,Z,Z,,,,,,,Z,,,,Z,,,,A,,000933,,000799,,344,,C3,,A1,,Y8,,B2,,E5,,A,64,C,29,64,B,16,88,A,63,,,,,,,,,,,,,,,,,,,,,,C,0,1,0,0,0,1,0,0,0,0,0,0,0,0,0,0,0,0,,0,0,0,0,0,0,0,0,0,0,0,0,0,0,0,0,0,0,0,0,0,0,0,0,0,0,0,0,0,0,0,0,0,0,0,0,0,1,0,0,0,1,0,0,0,0,0,0,0,0,0,0,0,0,,,,,0,0,0,0,0,0,0,PRE1982.MDB,2026-04-14 02:19:16.142676
319,1965-01-26 00:00:00,2 0070,N8149E,1964-02-23 00:00:00,,COLUMBUS OHIO,MOONEY,M20A,,1200,A,35,101,02,12,09,A,A,A,1,A,S,,,F,A0,,,U,C1,G,EE,,,,,A,,,,,B,A,,,A,,,A,,,F,PRICE FIELD,00762,A,Y,,,,,02200,,,,00762,,,,A,C,01209,,00020,,27,,B,,P,,Y,,F,,G,,A,88,A,96,64,C,29,64,C,30,74,J,J2,,,,,,,,,,,,,,,,,,,C,0,0,1,0,0,1,0,0,0,0,0,0,0,0,1,0,0,1,,0,0,0,0,0,0,0,0,0,0,0,0,0,0,0,0,0,0,0,0,0,0,0,0,0,0,0,0,0,0,0,1,0,0,0,1,0,1,2,0,0,3,0,0,0,0,0,0,0,0,0,0,0,0,,,,,0,0,0,0,0,0,0,PRE1982.MDB,2026-04-14 02:19:16.142676
320,1965-01-26 00:00:00,2 0071,N6357X,1964-03-18 00:00:00,,SEDALIA MO,KITZ KOPTER,D1,,0900,A,25,201,,12,13,B,E,A,1,A,S,,,F,CI,,,N0,EB,,,,,,,,,,,,B,A,,,A,,,N,,,,,,,,,,,,,,,,Z,Y,,,A,,12264,,00617,,46,,E,,T,,Y,,C,,G,,A,64,A,15,,,,,,,,,,,,,,,,,,,,,,,,,,,,N,0,0,0,1,0,1,0,0,0,0,0,0,0,0,0,0,0,0,,0,0,0,0,0,0,0,0,0,0,0,0,0,0,0,0,0,0,0,0,0,0,0,0,0,0,0,0,0,0,0,0,0,2,0,2,0,0,0,3,0,3,0,0,0,0,0,0,0,0,0,0,0,0,,,,,0,0,0,0,0,0,0,PRE1982.MDB,2026-04-14 02:19:16.142676
321,1965-09-03 00:00:00,2 0072,N3629N,1964-03-19 00:00:00,,PELHAM NC,PIPER,J3C,,0900,A,33,124,05,12,04,A,A,A,1,A,D,,,C,CA,,,N1,DG,,,,,,,,,,,,B,A,,,A,,,N,,,,,,,,,,,,,,,,Z,Y,,,A,,024588,,000388,,344,,B2,,A1,,Y8,,B2,,Y8,,A,64,A,47,64,A,54,,,,,,,,,,,,,,,,,,,,,,,,,F,1,0,0,0,0,1,0,0,0,0,0,0,0,0,0,0,0,0,,0,0,0,0,0,0,0,0,0,0,0,0,0,0,0,0,0,0,0,0,0,0,0,0,0,0,0,0,0,0,0,0,0,0,0,0,1,0,0,0,0,1,0,0,0,0,0,0,0,0,0,0,0,0,,,,,0,0,0,0,0,0,0,PRE1982.MDB,2026-04-14 02:19:16.142676
1330,1966-02-19 00:00:00,3 0015,N5194P,1964-01-02 00:00:00,,DENVER COLO,PIPER,PA24,,1100,A,06,124,25,12,20,A,A,A,1,A,S,,,D,B2,,,E,EF,,,,,,,,,,,,B,A,,,A,,,A,,,,,,,,,,,,,,,,,,,,A,,01200A,,00068A,,49A,,EA,,AA,,,,CA,,,,A,84,A,I,,,,,,,,,,,,,,,,,,,,,,,,,,,,N,0,0,0,1,0,1,0,0,0,0,0,0,0,0,0,0,0,0,,0,0,0,0,0,0,0,0,0,0,0,0,0,0,0,0,0,0,0,0,0,0,0,0,0,0,0,0,0,0,0,0,0,1,0,1,0,0,0,2,0,2,0,0,0,0,0,0,0,0,0,0,0,0,,,,,0,0,0,0,0,0,0,PRE1982.MDB,2026-04-14 02:19:16.142676
322,1965-01-26 00:00:00,2 0073,N7613B,1964-03-14 00:00:00,,EL DORADO KAN,BEECHCRAFT,A45,,Z,A,16,022,21,20,25,A,A,A,1,A,S,,,L,B0,,,C,EE,,,,,,,,,,,,B,A,,,A,,,A,,,F,EL DORADO,01380,A,Y,,,,,03000,,,,01380,,,,A,,00573,,00159,,44,,C,,A,,Y,,B,,I,,A,75,A,AJ,68,A,D0,68,A,D4,70,A,CC,,,,,,,,,,,,,,,,,,,C,0,1,0,0,0,1,0,0,0,0,0,0,0,0,0,0,0,0,,0,0,0,0,0,0,0,0,0,0,0,0,0,0,0,0,0,0,0,0,0,0,0,0,0,0,0,0,0,0,0,0,0,0,0,0,0,1,0,0,0,1,0,0,0,0,0,0,0,0,0,0,0,0,,,,,0,0,0,0,0,0,0,PRE1982.MDB,2026-04-14 02:19:16.142676
323,1966-02-19 00:00:00,2 0074,N560R,1964-02-15 00:00:00,,ST LOUIS MO,DOUGLAS,DC3A,,1800,A,25,055,09,39,19,A,A,B,2,A,S,,,P,CT,,,A,EF,N6,EF,,,,,,,,,,D,B,F,A,A,W,Y,A,,,A,LAMBERT FIELD,00571,A,C,,,,A,07600,,,,00571,,,,A,B,120000,Z9,Z9,Z9,433,Z9,A1,A1,F6,P7,Y8,Y8,D4,D4,G7,G7,A,64,C,22,64,C,28,80,L,BC,68,1,H2,,,,,,,,,,,,,,,,,,,N,0,0,0,1,0,1,0,0,0,1,0,1,0,0,0,0,0,0,,0,0,0,0,0,0,0,0,0,0,0,0,0,0,0,0,0,0,0,0,0,1,0,1,0,0,0,0,0,0,0,0,0,20,0,20,0,0,0,23,0,23,0,0,0,0,0,0,0,0,0,0,0,0,,,,,0,0,0,0,0,0,0,PRE1982.MDB,2026-04-14 02:19:16.142676
324,1965-01-26 00:00:00,2 0075,N2138U,1964-02-22 00:00:00,,TUCSON ARIZ,BRANTLY,B2A,,1700,A,03,028,01,12,10,B,E,A,1,A,S,,,F,DD,,,M1,D9,,,,,,,,,,,,B,A,,,A,,,N,,,,,,,,,,,,,,,,Z,Y,,,A,,06541,,00041,,40,,A,,T,,Y,,G,,G,,A,64,A,44,64,A,23,,,,,,,,,,,,,,,,,,,,,,,,,C,0,1,0,0,0,1,0,0,0,0,0,0,0,0,0,0,0,0,,0,0,0,0,0,0,0,0,0,0,0,0,0,0,0,0,0,0,0,0,0,0,0,0,0,0,0,0,0,0,0,0,0,0,0,0,0,1,0,0,0,1,0,0,0,0,0,0,0,0,0,0,0,0,,,,,0,0,0,0,0,0,0,PRE1982.MDB,2026-04-14 02:19:16.142676
325,1966-09-28 00:00:00,2 0076,N4694D,1964-03-07 00:00:00,N,SEARCHLIGHT NEV,BEECHCRAFT,H35,,1200,A,28,022,20,20,28,A,A,A,1,A,D,,,D,B0,,,M1,D9,,,,,,,,,,,,B,B,Z,A,A,,Y,N,,,,,,,,,,,,,,,,Z,D,,,A,,040000,,015000,,666,,F6,,A1,,Y8,,B2,,D4,,A,64,A,04,64,A,29,82,J,A,82,J,D,64,J,27,,,,,,,,,,,,,,,,F,1,0,0,0,0,1,0,0,0,0,0,0,0,0,0,0,0,0,,0,0,0,0,0,0,0,0,0,0,0,0,0,0,0,0,0,0,0,0,0,0,0,0,0,0,0,0,0,0,2,0,0,0,0,2,3,0,0,0,0,3,0,0,0,0,0,0,0,0,0,0,0,0,,,,,0,0,0,0,0,0,0,PRE1982.MDB,2026-04-14 02:19:16.142676
326,1965-01-26 00:00:00,2 0077,N7664B,1964-02-28 00:00:00,N,GUSTINE CALIF,BELLANCA,1419-2,,1800,A,05,056,01,20,26,A,A,A,1,A,D,,,D,B0,,,M1,D9,,,,,,,,,,,,B,B,F,A,B,,Z,N,,,,,,,,,,,,,,,,Z,,,,A,,03000,,00040,,31,,B,,P,,Y,,C,,Y,,A,64,A,04,,,,,,,,,,,,,,,,,,,,,,,,,,,,F,1,0,0,0,0,1,0,0,0,0,0,0,0,0,0,0,0,0,,0,0,0,0,0,0,0,0,0,0,0,0,0,0,0,0,0,0,0,0,0,0,0,0,0,0,0,0,0,0,1,0,0,0,0,1,2,0,0,0,0,2,0,0,0,0,0,0,0,0,0,0,0,0,,,,,0,0,0,0,0,0,0,PRE1982.MDB,2026-04-14 02:19:16.142676
327,1966-02-19 00:00:00,2 0078,N4253A,1964-03-22 00:00:00,,MIAMI FLA,BELL,47D1,,1100,A,09,024,02,12,13,B,E,A,1,A,S,,,D,DB,,,N0,D1,G,EI,,,,,,,,,,B,A,,,A,,,A,,,,Z,Z,,,,,,,,,,,Z,,,,A,,016188,,008000,,544,,E5,,T3,,Y8,,F6,,G7,,A,64,C,15,,,,,,,,,,,,,,,,,,,,,,,,,,,,N,0,0,0,1,0,1,0,0,0,0,0,0,0,0,0,0,0,0,,0,0,0,0,0,0,0,0,0,0,0,0,0,0,0,0,0,0,0,0,0,0,0,0,0,0,0,0,0,0,0,0,0,1,0,1,0,0,0,2,0,2,0,0,0,0,0,0,0,0,0,0,0,0,,,,,0,0,0,0,0,0,0,PRE1982.MDB,2026-04-14 02:19:16.142676
328,1966-02-19 00:00:00,2 0079,N9353K,1964-03-25 00:00:00,,BRECKENRIDGE TEX,STINSON,108-2,,0600,A,43,162,02,04,11,A,A,A,1,A,D,,,D,B2,,,M0,DB,,,,,,,,,,,,A,B,N,,A,,,I,,,F,STEPHENS COUNTY,01282,A,Y,,,,,03800,,,,01282,Y,R,,A,,020000,,020000,,544,,F6,,A1,,Y8,,B2,,E5,,A,64,A,04,64,A,33,82,A,A,82,A,C,,,,,,,,,,,,,,,,,,,F,1,0,0,0,0,1,0,0,0,0,0,0,0,0,0,0,0,0,,0,0,0,0,0,0,0,0,0,0,0,0,0,0,0,0,0,0,0,0,0,0,0,0,0,0,0,0,0,0,0,0,0,0,0,0,1,0,0,0,0,1,0,0,0,0,0,0,0,0,0,0,0,0,,,,,0,0,0,0,0,0,0,PRE1982.MDB,2026-04-14 02:19:16.142676
329,1966-06-08 00:00:00,2 0080,N7909P,1964-03-26 00:00:00,,MENTONE TEX,PIPER,PA24,,1700,A,43,124,25,12,20,A,A,A,1,A,D,Y,Z,D,B0,,,K,EB,N0,EB,,,,,,,,,,B,A,,,A,,,A,,,E,Z,Z,C,Y,,,,,02100,,,,Z,,,,A,,011000,,Z9,,511,,F6,,A1,,Y8,,B2,,Y8,,A,64,C,17,88,L,79,,,,,,,,,,,,,,,,,,,,,,,,,F,1,0,0,0,0,1,0,0,0,0,0,0,0,0,0,0,0,0,,0,0,0,0,0,0,0,0,0,0,0,0,0,0,0,0,0,0,0,0,0,0,0,0,0,0,0,0,0,0,1,3,0,0,0,4,2,3,0,0,0,5,0,0,0,0,0,0,0,0,0,0,0,0,,,,,0,0,0,0,0,0,0,PRE1982.MDB,2026-04-14 02:19:16.142676
330,1967-04-25 00:00:00,2 0081,N201W,1964-03-27 00:00:00,,HAYWARD CALIF,BELL,47D1,,1400,A,05,024,02,04,13,B,E,A,1,A,D,Y,,F,B1,,,H,C3,,,,,,,,,,,,B,A,,,A,,,A,,,F,HAYWARD,00046,A,Y,,,,A,05200,,,,00046,,,,A,,005766,,000322,,388,,B2,,P7,,,,C3,,A,,A,64,A,22,64,J,02,,,,,,,,,,,,,,,,,,,,,,,,,M,0,0,1,0,0,1,0,0,0,0,0,0,0,0,0,0,0,0,,0,0,0,0,0,0,0,0,0,0,0,0,0,0,0,0,0,0,0,0,0,0,0,0,0,0,0,0,0,0,0,0,0,0,0,0,0,0,1,0,0,1,0,0,0,0,0,0,0,0,0,0,0,0,,,,,0,0,0,0,0,0,0,PRE1982.MDB,2026-04-14 02:19:16.142676
331,1966-06-08 00:00:00,2 0082,N2636K,1964-03-29 00:00:00,,HOUMA LA,LUSCOMBE,8E,,1600,A,18,089,03,20,11,A,A,A,1,A,D,,,D,B0,,,Q,C1,,,,,,,,,,,,B,A,,,A,,,A,,,E,Z,00020,C,Y,,,,,02400,,,,00020,,,,A,,006500,,Z9,,333,,B2,,I9,,Y8,,C3,,Y8,,A,64,A,16,88,J,14,,,,,,,,,,,,,,,,,,,,,,,,,F,1,0,0,0,0,1,0,0,0,0,0,0,0,0,0,0,0,0,,0,0,0,0,0,0,0,0,0,0,0,0,0,0,0,0,0,0,0,0,0,0,0,0,0,0,0,0,0,0,1,0,0,0,0,1,2,0,0,0,0,2,0,0,0,0,0,0,0,0,0,0,0,0,,,,,0,0,0,0,0,0,0,PRE1982.MDB,2026-04-14 02:19:16.142676
332,1965-06-23 00:00:00,2 0083,N6447A,1964-04-01 00:00:00,,WICHITA FALLS TEX,CESSNA,182,,1700,A,43,039,17,20,26,A,A,A,1,A,D,,,B,B0,,,Q,D8,,,,,,,,,,,,B,A,,,A,,,N,,,,,,,,,,,,,,,,Z,,,,A,,035000,,Z9,,400,,E5,,A1,,Y8,,I9,,Y8,,A,64,A,16,64,A,33,88,A,14,,,,,,,,,,,,,,,,,,,,,,F,1,0,0,0,0,1,0,0,0,0,0,0,0,0,0,0,0,0,,0,0,0,0,0,0,0,0,0,0,0,0,0,0,0,0,0,0,0,0,0,0,0,0,0,0,0,0,0,0,0,1,0,0,0,1,1,1,0,0,0,2,0,0,0,0,0,0,0,0,0,0,0,0,,,,,0,0,0,0,0,0,0,PRE1982.MDB,2026-04-14 02:19:16.142676
333,1965-06-23 00:00:00,2 0084,N4175V,1964-04-03 00:00:00,,TRENTON MICH,CESSNA,170,,1800,A,22,039,13,20,24,A,A,A,1,A,D,,,D,A0,,,M0,D7,,,,,,,,,,,,B,A,,,A,,,N,,,,,,,,,,,,,,,,00750,Y,,,A,C,065355,,Z9,,400,,A1,,M4,,Y8,,G7,,G7,,A,64,A,17,64,A,33,88,A,14,88,J,67,,,,,,,,,,,,,,,,,,,F,1,0,0,0,0,1,0,0,0,0,0,0,1,0,0,0,0,1,,0,0,0,0,0,0,0,0,0,0,0,0,0,0,0,0,0,0,0,0,0,0,0,0,0,0,0,0,0,0,1,0,0,0,0,1,3,0,0,0,0,3,0,0,0,0,0,0,0,0,0,0,0,0,,,,,0,0,0,0,0,0,0,PRE1982.MDB,2026-04-14 02:19:16.142676
334,1965-06-26 00:00:00,2 0085,N1248H,1964-04-04 00:00:00,,FRESWATE BAY ALAS,AERONCA,15AC,,1800,A,02,003,11,20,14,A,B,A,1,A,D,Y,Z,D,B0,,,Q,C1,,,,,,,,,,,,B,A,,,A,,,E,,,Z,FRESHWATER BAY,Z,Y,H,,,,,Z,,,,Z,K,,,A,,000100,,000100,,288,,C3,,A1,,,,A1,,Y8,,A,64,A,16,,,,,,,,,,,,,,,,,,,,,,,,,,,,F,1,0,0,0,0,1,0,0,0,0,0,0,0,0,0,0,0,0,,0,0,0,0,0,0,0,0,0,0,0,0,0,0,0,0,0,0,0,0,0,0,0,0,0,0,0,0,0,0,1,0,0,0,0,1,2,0,0,0,0,2,0,0,0,0,0,0,0,0,0,0,0,0,,,,,0,0,0,0,0,0,0,PRE1982.MDB,2026-04-14 02:19:16.142676
335,1966-02-19 00:00:00,2 0086,N2544V,1964-04-07 00:00:00,,DINOSAUR CVR ARIZ,CESSNA,170A,,0700,A,03,039,13,20,14,A,A,A,1,A,D,Y,Z,D,B0,,,Q,D0,,,,,,,,,,,,B,A,,,A,,,G,,,F,DINOSAUR CAVERNS,05381,C,Y,,,,,04200,,,,05381,,,,A,,00240A,,00057A,,34A,,CA,,AA,,YA,,B2,,,,A,64,A,16,,,,,,,,,,,,,,,,,,,,,,,,,,,,F,1,0,0,0,0,1,0,0,0,0,0,0,0,0,0,0,0,0,,0,0,0,0,0,0,0,0,0,0,0,0,0,0,0,0,0,0,0,0,0,0,0,0,0,0,0,0,0,0,3,0,0,0,0,3,4,0,0,0,0,4,0,0,0,0,0,0,0,0,0,0,0,0,,,,,0,0,0,0,0,0,0,PRE1982.MDB,2026-04-14 02:19:16.142676
336,1966-02-19 00:00:00,2 0087,N7688E,1964-04-11 00:00:00,,TORTUGAS NM,CHAMPION,7FC,,1700,A,31,003,12,20,12,A,A,A,1,A,D,,,M,B0,,,Q,D8,,,,,,,,,,,,B,A,,,A,,,I,,,F,UNIVERSITY,03900,A,Y,,,,,04200,,,,03900,Y,,,A,,000111,,000111,,200,,C3,,A1,,,,A1,,Y8,,A,64,A,16,64,A,02,88,A,14,,,,,,,,,,,,,,,,,,,,,,F,1,0,0,0,0,1,0,0,0,0,0,0,0,0,0,0,0,0,,0,0,0,0,0,0,0,0,0,0,0,0,0,0,0,0,0,0,0,0,0,0,0,0,0,0,0,0,0,0,1,0,0,0,0,1,2,0,0,0,0,2,0,0,0,0,0,0,0,0,0,0,0,0,,,,,0,0,0,0,0,0,0,PRE1982.MDB,2026-04-14 02:19:16.142676
337,1966-02-19 00:00:00,2 0088,N7036C,1964-04-12 00:00:00,,LAS VEGAS NEV,BELL,47E,,1500,A,28,024,02,04,13,B,E,A,1,A,S,,,A,A0,,,G,EI,I,EI,,,,,,,,,,B,A,,,A,,,N,,,,,,,,,,,,,,,,Z,,,,A,C,039433,,000400,,400,,B2,,T3,,Y8,,F6,,G7,,A,66,A,23,64,A,30,88,J,85,,,,,,,,,,,,,,,,,,,,,,N,0,0,0,1,0,1,0,0,0,0,0,0,0,0,0,1,0,1,,0,0,0,0,0,0,0,0,0,0,0,0,0,0,0,0,0,0,0,0,0,0,0,0,0,0,0,0,0,0,0,0,0,0,0,0,0,0,0,2,0,2,0,0,0,0,0,0,0,0,0,0,0,0,,,,,0,0,0,0,0,0,0,PRE1982.MDB,2026-04-14 02:19:16.142676
338,1969-06-24 00:00:00,2 0089,N5234K,1964-04-13 00:00:00,N,ALTOONA PA,NAVION,B,,1400,A,38,107,01,12,13,A,A,A,1,A,D,Y,Z,D,B1,,,M0,D1,,,,,,,,,,,,B,B,C,A,A,,Y,N,,,,,,,,,,,,,,,,01900,A,R,,A,,106500,,000311,,466,,A1,,P7,,Y8,,D4,,G7,,A,64,A,04,64,A,03,82,J,B,82,J,A,88,1,06,,,,,,,,,,,,,,,,F,1,0,0,0,0,1,0,0,0,0,0,0,0,0,0,0,0,0,,0,0,0,0,0,0,0,0,0,0,0,0,0,0,0,0,0,0,0,0,0,0,0,0,0,0,0,0,0,0,0,0,0,0,0,0,1,0,0,0,0,1,0,0,0,0,0,0,0,0,0,0,0,0,,,,,0,0,0,0,0,0,0,PRE1982.MDB,2026-04-14 02:19:16.142676
340,1965-01-26 00:00:00,2 0091,N9972Y,1964-02-03 00:00:00,,LITHONIA GA,CHAMPION,7GCB,,1200,A,10,003,12,12,06,A,A,A,1,A,D,,,K,B0,,,Q,C1,,,,,,,,,,,,B,A,,,A,,,A,,,F,GUNN,00930,A,Y,,,,,02100,,,,00930,,,,A,,03723,,00015,,33,,B,,P,,Y,,F,,G,,A,64,A,16,64,1,33,,,,,,,,,,,,,,,,,,,,,,,,,F,1,0,0,0,0,1,0,0,0,0,0,0,0,0,0,0,0,0,,0,0,0,0,0,0,0,0,0,0,0,0,0,0,0,0,0,0,0,0,0,0,0,0,0,0,0,0,0,0,1,0,0,0,0,1,2,0,0,0,0,2,0,0,0,0,0,0,0,0,0,0,0,0,,,,,0,0,0,0,0,0,0,PRE1982.MDB,2026-04-14 02:19:16.142676
341,1966-06-08 00:00:00,2 0092,N81006,1964-02-03 00:00:00,,PALO ALTO CALIF,HILLER,OH5A,,1000,A,05,201,,99,,B,E,A,1,A,S,,,K,A0,,,G,EI,,,,,,,,,,,,B,A,,,A,,,A,,,G,,,,,,,,,,,,,Z,,,,A,C,050000,,003000,,411,,B2,,T3,,Y8,,F6,,G7,,A,64,A,25,,,,,,,,,,,,,,,,,,,,,,,,,,,,N,0,0,0,1,0,1,0,0,0,0,0,0,0,0,0,1,0,1,,0,0,0,0,0,0,0,0,0,0,0,0,0,0,0,0,0,0,0,0,0,0,0,0,0,0,0,0,0,0,0,0,0,0,0,0,0,0,0,2,0,2,0,0,0,0,0,0,0,0,0,0,0,0,,,,,0,0,0,0,0,0,0,PRE1982.MDB,2026-04-14 02:19:16.142676
342,1967-04-25 00:00:00,2 0093,N5960X,1964-02-03 00:00:00,,LYONS PA,BRANTLY,B2,,1300,A,38,028,01,12,10,B,E,A,1,A,D,Y,Z,D,B2,,,N0,EB,M1,D9,,,,,,,,,,B,A,,,A,,,N,,,,,,,,,,,,,,,,Z,,,,A,,025000,,Z9,,Z9,,Z9,,Z9,,Z9,,B2,,A,,A,64,C,28,64,C,27,82,C,H,,,,,,,,,,,,,,,,,,,,,,F,1,0,0,0,0,1,0,0,0,0,0,0,0,0,0,0,0,0,,0,0,0,0,0,0,0,0,0,0,0,0,0,0,0,0,0,0,0,0,0,0,0,0,0,0,0,0,0,0,0,0,0,0,0,0,1,0,0,0,0,1,0,0,0,0,0,0,0,0,0,0,0,0,,,,,0,0,0,0,0,0,0,PRE1982.MDB,2026-04-14 02:19:16.142676
343,1966-02-19 00:00:00,2 0094,N1895Z,1964-02-06 00:00:00,,PINON NM,CESSNA,210,,1900,A,31,039,19,20,28,A,A,A,1,A,D,,,F,B0,,,M0,D1,,,,,,,,,,,,D,A,Z,A,A,,Y,N,,,,,,,,,,,,,,,,05000,A,R,,A,,00312A,,00006A,,29A,,CA,,AA,,A,,AA,,DA,,A,64,A,04,64,A,02,82,J,A,82,J,D,,,,,,,,,,,,,,,,,,,F,1,0,0,0,0,1,0,0,0,0,0,0,0,0,0,0,0,0,,0,0,0,0,0,0,0,0,0,0,0,0,0,0,0,0,0,0,0,0,0,0,0,0,0,0,0,0,0,0,3,0,0,0,0,3,4,0,0,0,0,4,0,0,0,0,0,0,0,0,0,0,0,0,,,,,0,0,0,0,0,0,0,PRE1982.MDB,2026-04-14 02:19:16.142676
344,1965-01-26 00:00:00,2 0095,N8879F,1964-02-08 00:00:00,,SAN JOSE CALIF,HUGHES,269A,,1100,A,05,077,01,12,10,B,E,A,1,A,S,,,F,A0,,,I,EG,,,,,,,,,,,,B,A,,,A,,,A,,,A,SAN JOSE,00056,A,Y,,,,A,07800,,,,00056,,,,A,C,01607,,00500,,30,,B,,T,,Y,,F,,G,,C,66,A,22,64,A,30,,,,,,,,,,,,,,,,,,,,,,,,,N,0,0,0,1,0,1,0,0,0,0,0,0,0,0,0,1,0,1,,0,0,0,0,0,0,0,0,0,0,0,0,0,0,0,0,0,0,0,0,0,0,0,0,0,0,0,0,0,0,0,0,0,0,0,0,0,0,0,2,0,2,0,0,0,0,0,0,0,0,0,0,0,0,,,,,0,0,0,0,0,0,0,PRE1982.MDB,2026-04-14 02:19:16.142676
345,1965-01-26 00:00:00,2 0096,N92163,1964-02-09 00:00:00,,AMITYVILLE NY,PIPER,J3C,,1500,A,32,124,05,20,06,A,A,A,1,A,N,,,D,B0,,,W,A1,,,,,,,,,,,,B,A,,,A,,,A,,,F,ZAHN,00054,A,Y,,,,A,04200,,,,00054,,,,A,,00075,,00075,,45,,F,,A,,Y,,B,,Y,,A,68,A,K4,64,A,30,,,,,,,,,,,,,,,,,,,,,,,,,F,0,0,0,1,0,1,0,0,0,0,0,0,0,0,0,0,0,0,,0,0,0,0,0,0,0,0,0,0,0,0,0,0,0,0,0,0,0,0,0,0,0,0,0,0,0,0,0,0,1,0,0,0,0,1,1,0,0,1,0,2,0,0,0,0,0,0,0,0,0,0,0,0,,,,,0,0,0,0,0,0,0,PRE1982.MDB,2026-04-14 02:19:16.142676
346,1965-07-27 00:00:00,2 0097,N5692P,1964-02-09 00:00:00,,DALLAS TEX,PIPER,PA24,,1900,A,43,124,25,12,20,A,A,A,1,A,D,Y,,D,B2,,,K,EB,N0,EB,,,,,,,,,,D,A,,,A,,,E,,,F,REDBIRD,00659,A,Y,,,,A,04400,,,,00659,,,,A,,000700,,Z9,,466,,C3,,A1,,Y8,,B2,,C3,,A,64,C,17,88,C,62,,,,,,,,,,,,,,,,,,,,,,,,,F,1,0,0,0,0,1,0,0,0,0,0,0,0,0,0,0,0,0,,0,0,0,0,0,0,0,0,0,0,0,0,0,0,0,0,0,0,0,0,0,0,0,0,0,0,0,0,0,0,0,0,0,0,0,0,1,0,0,0,0,1,0,0,0,0,0,0,0,0,0,0,0,0,,,,,0,0,0,0,0,0,0,PRE1982.MDB,2026-04-14 02:19:16.142676
347,1966-09-28 00:00:00,2 0098,N6480E,1964-02-13 00:00:00,,NEWCASTLE WYO,CESSNA,172A,,1700,A,50,039,14,20,24,A,A,A,1,A,D,,,F,B0,,,N0,DB,M1,D9,,,,,,,,,,B,A,,,A,,,N,,,,,,,,,,,,,,,,Z,,,,A,,008800,,006855,,355,,C3,,A1,,Y8,,B2,,Y8,,A,64,C,15,88,C,14,,,,,,,,,,,,,,,,,,,,,,,,,F,1,0,0,0,0,1,0,0,0,0,0,0,0,0,0,0,0,0,,0,0,0,0,0,0,0,0,0,0,0,0,0,0,0,0,0,0,0,0,0,0,0,0,0,0,0,0,0,0,0,0,0,0,0,0,1,0,0,0,0,1,0,0,0,0,0,0,0,0,0,0,0,0,,,,,0,0,0,0,0,0,0,PRE1982.MDB,2026-04-14 02:19:16.142676
348,1966-02-19 00:00:00,2 0099,N2375J,1964-02-13 00:00:00,,SEATTLE WASH,BEECHCRAFT,23,,1600,A,47,022,25,12,06,A,A,A,1,A,D,,,F,B0,,,Q,D7,,,,,,,,,,,,B,A,,,A,,,N,,,,,,,,,,,,,,,,Z,K,,,A,,005355,,Z9,,388,,C3,,A1,,Y8,,C3,,Z9,,A,64,A,16,64,A,33,88,A,67,88,A,14,,,,,,,,,,,,,,,,,,,F,1,0,0,0,0,1,0,0,0,0,0,0,0,0,0,0,0,0,,0,0,0,0,0,0,0,0,0,0,0,0,0,0,0,0,0,0,0,0,0,0,0,0,0,0,0,0,0,0,3,0,0,0,0,3,4,0,0,0,0,4,0,0,0,0,0,0,0,0,0,0,0,0,,,,,0,0,0,0,0,0,0,PRE1982.MDB,2026-04-14 02:19:16.142676
349,1966-05-07 00:00:00,2 0100,N2970U,1964-02-13 00:00:00,,PROVO UTAH,CESSNA,172D,,1000,A,44,039,14,20,24,A,A,A,1,A,D,,,D,B0,,,M1,D9,,,,,,,,,,,,B,B,F,A,A,,Y,N,,,,,,,,,,,,,,,,Z,K,,,A,,000711,,000466,,222,,B2,,A1,,Y8,,B2,,Y8,,A,64,A,04,64,A,33,82,A,A,82,A,D,,,,,,,,,,,,,,,,,,,F,1,0,0,0,0,1,0,0,0,0,0,0,0,0,0,0,0,0,,0,0,0,0,0,0,0,0,0,0,0,0,0,0,0,0,0,0,0,0,0,0,0,0,0,0,0,0,0,0,1,0,0,0,0,1,2,0,0,0,0,2,0,0,0,0,0,0,0,0,0,0,0,0,,,,,0,0,0,0,0,0,0,PRE1982.MDB,2026-04-14 02:19:16.142676
350,1965-01-26 00:00:00,2 0101,N5585Z,1964-02-17 00:00:00,,SANDSTON VA,PIPER,PA22,,2000,A,46,124,23,12,04,A,A,A,1,A,M,,,F,B0,,,W,A1,,,,,,,,,,,,D,A,,,A,,,A,,,Z,Z,Z,,,,,,,Z,,,,Z,,,,A,,00222,,00011,,21,,B,,A,,Y,,B,,Y,,A,68,A,K4,64,A,29,,,,,,,,,,,,,,,,,,,,,,,,,F,0,0,0,1,0,1,0,0,0,0,0,0,0,0,0,0,0,0,,0,0,0,0,0,0,0,0,0,0,0,0,0,0,0,0,0,0,0,0,0,0,0,0,0,0,0,0,0,0,1,0,0,0,0,1,1,0,0,1,0,2,0,0,0,0,0,0,0,0,0,0,0,0,,,,,0,0,0,0,0,0,0,PRE1982.MDB,2026-04-14 02:19:16.142676
351,1966-02-19 00:00:00,2 0102,N7595P,1964-02-21 00:00:00,N,GILLETTE WY,PIPER,PA18,,1200,A,50,124,20,12,06,A,A,A,1,A,D,,,D,DY,,,Q,DB,,,,,,,,,,,,B,A,,,A,,,N,,,,,,,,,,,,,,,,Z,Y,,,A,,040000,,015000,,422,,B2,,R9,,Y8,,F6,,E5,,A,64,A,16,,,,,,,,,,,,,,,,,,,,,,,,,,,,F,1,0,0,0,0,1,0,0,0,0,0,0,0,0,0,0,0,0,,0,0,0,0,0,0,0,0,0,0,0,0,0,0,0,0,0,0,0,0,0,0,0,0,0,0,0,0,0,0,0,0,0,0,0,0,1,0,0,0,0,1,0,0,0,0,0,0,0,0,0,0,0,0,,,,,0,0,0,0,0,0,0,PRE1982.MDB,2026-04-14 02:19:16.142676
352,1966-02-19 00:00:00,2 0103,N4267C,1964-01-09 00:00:00,,STUART FLA,DEHAVILLAND,1046BA,,1100,A,09,052,01,99,,A,A,A,2,A,D,,Z,F,DD,,,Q,C1,,,,,,,,,,,,B,A,,,A,,,E,,,F,WITHAM FIELD,00017,A,Y,,,,,05000,,,,00017,,,,A,B,040355,,002100,,255,,E5,,B2,,YA,,DA,,G7,,A,64,A,16,64,A,30,,,,,,,,,,,,,,,,,,,,,,,,,F,1,0,0,0,0,1,1,0,0,0,0,1,0,0,0,0,0,0,,0,0,0,0,0,0,0,0,0,0,0,0,0,0,0,0,0,0,0,0,0,0,0,0,0,0,0,0,0,0,0,0,0,0,0,0,2,0,0,0,0,2,0,0,0,0,0,0,0,0,0,0,0,0,,,,,0,0,0,0,0,0,0,PRE1982.MDB,2026-04-14 02:19:16.142676
353,1965-06-23 00:00:00,2 0104,N8239D,1964-01-03 00:00:00,,BRUCETON MILLS WV,AERO CMDR,560,,0600,A,48,002,01,12,16,A,A,A,2,A,D,Y,Z,F,CI,,,U,D1,M1,D9,Z,,,,,,,,,D,A,,,A,,,N,,,,,,,,,,,,,,,,Z,,,,A,,088799,,016500,,399,,H8,,B2,,Y8,,G7,,G7,,A,88,C,65,74,3,CH,,,,,,,,,,,,,,,,,,,,,,,,,F,1,0,0,0,0,1,0,0,0,0,0,0,0,0,0,0,0,0,,0,0,0,0,0,0,0,0,0,0,0,0,0,0,0,0,0,0,0,0,0,0,0,0,0,0,0,0,0,0,0,0,0,0,0,0,1,0,0,0,0,1,0,0,0,0,0,0,0,0,0,0,0,0,,,,,0,0,0,0,0,0,0,PRE1982.MDB,2026-04-14 02:19:16.142676
354,1967-04-25 00:00:00,2 0105,N4734S,1964-05-27 00:00:00,,PANA ILL,BELL,47G,,1800,A,13,024,02,04,13,B,E,A,1,A,S,,,C,CB,,,U,DA,G,EI,Z,,,,,,,,,B,A,,,A,,,N,,,,,,,,,,,,,,,,00800,D,,,A,,091000,,040000,,399,,B2,,T3,,Y8,,C3,,G7,,A,74,C,BC,88,C,AR,74,C,G0,88,C,CB,68,C,D1,68,C,D5,,,,,,,,,,,,,N,0,0,0,1,0,1,0,0,0,0,0,0,0,0,0,0,0,0,,0,0,0,0,0,0,0,0,0,0,0,0,0,0,0,0,0,0,0,0,0,0,0,0,0,0,0,0,0,0,0,0,0,0,0,0,0,0,0,1,0,1,0,0,0,0,0,0,0,0,0,0,0,0,,,,,0,0,0,0,0,0,0,PRE1982.MDB,2026-04-14 02:19:16.142676
355,1966-02-19 00:00:00,2 0106,N3681M,1964-02-21 00:00:00,N,RIPLEY TENN,PIPER,PA12,,1400,A,42,124,15,12,04,A,A,A,1,A,D,,,D,DD,,,N1,D8,,,,,,,,,,,,B,A,,,A,,,N,,,,,,,,,,,,,,,,Z,H,,,A,,080000,,010000,,477,,E5,,M4,,Y8,,F6,,G7,,A,88,A,67,64,J,17,,,,,,,,,,,,,,,,,,,,,,,,,F,1,0,0,0,0,1,0,0,0,0,0,0,0,0,0,0,0,0,,0,0,0,0,0,0,0,0,0,0,0,0,0,0,0,0,0,0,0,0,0,0,0,0,0,0,0,0,0,0,0,0,0,0,0,0,1,0,0,0,0,1,0,0,0,0,0,0,0,0,0,0,0,0,,,,,0,0,0,0,0,0,0,PRE1982.MDB,2026-04-14 02:19:16.142676
356,1967-04-25 00:00:00,2 0107,N8839E,1964-06-16 00:00:00,,BAKERSFIELD CALIF,HUGHES,269A,,1800,A,05,077,01,12,09,B,E,A,1,A,S,,,D,B0,,,G,EH,I,EE,,,,,,,,,,B,A,,,A,,,A,,,G,,,,,,,,,,,,,Z,,,,A,,001000,,001000,,677,,F6,,T3,,,,A1,,A,,A,64,C,23,64,C,18,,,,,,,,,,,,,,,,,,,,,,,,,M,0,0,1,0,0,1,0,0,0,0,0,0,0,0,0,0,0,0,,0,0,0,0,0,0,0,0,0,0,0,0,0,0,0,0,0,0,0,0,0,0,0,0,0,0,0,0,0,0,0,0,0,0,0,0,0,0,1,0,0,1,0,0,0,0,0,0,0,0,0,0,0,0,,,,,0,0,0,0,0,0,0,PRE1982.MDB,2026-04-14 02:19:16.142676
357,1967-07-28 00:00:00,2 0108,N690V,1964-03-01 00:00:00,,MOUNT HOPE ALA,BEECHCRAFT,M35,,1200,A,01,022,20,20,27,A,A,A,1,A,D,,,D,B2,,,S0,D1,M1,D9,,,,,,,,,,B,B,B,A,B,,Y,N,,,,,,,,,,,,,,,,Z,A,,,A,,003322,,000144,,355,,E5,,A1,,Y8,,,,Y8,,A,64,C,04,70,C,AA,88,C,94,88,C,49,82,L,A,82,L,B,88,L,49,,,,,,,,,,F,1,0,0,0,0,1,0,0,0,0,0,0,0,0,0,0,0,0,,0,0,0,0,0,0,0,0,0,0,0,0,0,0,0,0,0,0,0,0,0,0,0,0,0,0,0,0,0,0,1,0,0,0,0,1,2,0,0,0,0,2,0,0,0,0,0,0,0,0,0,0,0,0,,,,,0,0,0,0,0,0,0,PRE1982.MDB,2026-04-14 02:19:16.142676
358,1967-04-25 00:00:00,2 0109,N8791F,1964-03-13 00:00:00,,BANDERA TEX,HUGHES,269A,,1700,A,43,077,01,12,09,B,E,A,1,A,S,,,F,DD,,,N0,EB,,,,,,,E,,,,,B,A,,,A,,,N,,,,,,,,,,,,,,,,Z,,,,A,,001033,,Z9,,433,,C3,,T3,,Y8,,B2,,A,,A,64,A,15,64,A,03,,,,,,,,,,,,,,,,,,,,,,,,,N,0,0,0,1,0,1,0,0,0,0,0,0,0,0,0,0,0,0,,0,0,0,0,0,0,0,0,0,0,0,0,0,0,0,0,0,0,0,0,0,0,0,0,0,0,0,0,0,0,0,0,0,0,0,0,0,0,0,1,0,1,0,0,0,0,0,0,0,0,0,0,0,0,,,,,0,0,0,0,0,0,0,PRE1982.MDB,2026-04-14 02:19:16.142676
359,1967-04-25 00:00:00,2 0110,N8H,1964-03-29 00:00:00,,VAN NUYS CALIF,BELL,47G,,1300,A,05,024,02,04,13,B,E,A,1,A,S,,,A,B1,,,G,B7,E,B7,,,,,,,,,,B,A,,,A,,,A,,,A,VAN NUYS,00126,A,Y,,,,A,08000,,,,00126,,,,A,,000288,,000266,,266,,B2,,T3,,,,A1,,A,,A,64,C,23,64,C,33,88,L,61,,,,,,,,,,,,,,,,,,,,,,N,0,0,0,1,0,1,0,0,0,0,0,0,0,0,0,0,0,0,,0,0,0,0,0,0,0,0,0,0,0,0,0,0,0,0,0,0,0,0,0,0,0,0,0,0,0,0,0,0,0,0,0,0,0,0,0,0,0,1,0,1,0,0,0,0,0,0,0,0,0,0,0,0,,,,,0,0,0,0,0,0,0,PRE1982.MDB,2026-04-14 02:19:16.142676
360,1967-04-25 00:00:00,2 0111,N10194,1964-03-31 00:00:00,,WALLA WALLA WASH,BELL,47G2,,1400,A,47,024,02,12,11,B,E,A,1,A,S,,,C,CA,,,N0,DG,,,,,,,,,,,,B,A,,,A,,,N,,,,,,,,,,,,,,,,02000,Y,,,A,,041000,,000700,,444,,E5,,T3,,Y8,,C3,,I9,,A,64,A,15,,,,,,,,,,,,,,,,,,,,,,,,,,,,N,0,0,0,1,0,1,0,0,0,0,0,0,0,0,0,0,0,0,,0,0,0,0,0,0,0,0,0,0,0,0,0,0,0,0,0,0,0,0,0,0,0,0,0,0,0,0,0,0,0,0,0,0,0,0,0,0,0,1,0,1,0,0,0,0,0,0,0,0,0,0,0,0,,,,,0,0,0,0,0,0,0,PRE1982.MDB,2026-04-14 02:19:16.142676
361,1967-04-25 00:00:00,2 0112,N8784F,1964-04-03 00:00:00,,PHOENIX ARIZ,HUGHES,269A,,0900,A,03,077,01,12,09,B,E,A,1,A,S,,,F,B1,,,G,EI,,,,,,,,,,,,B,A,,,A,,,N,,,,,,,,,,,,,,,,Z,Z,,,A,,042700,,000011,,ZA,,B2,,T3,,Y8,,C3,,A,,A,64,A,25,88,J,85,,,,,,,,,,,,,,,,,,,,,,,,,N,0,0,0,1,0,1,0,0,0,0,0,0,0,0,0,0,0,0,,0,0,0,0,0,0,0,0,0,0,0,0,0,0,0,0,0,0,0,0,0,0,0,0,0,0,0,0,0,0,0,0,0,1,0,1,0,0,0,2,0,2,0,0,0,0,0,0,0,0,0,0,0,0,,,,,0,0,0,0,0,0,0,PRE1982.MDB,2026-04-14 02:19:16.142676
362,1967-04-25 00:00:00,2 0113,N8851F,1964-04-15 00:00:00,,MCFARLAND CALIF,HUGHES,269A,,1500,A,05,077,01,12,09,B,E,A,1,A,S,,,D,CA,,,M0,DF,,,,,,,,,,,,B,A,,,A,,,N,,,,,,,,,,,,,,,,00400,D,,,A,,002533,,001511,,311,,B2,,T3,,Y8,,C3,,E5,,A,64,A,17,,,,,,,,,,,,,,,,,,,,,,,,,,,,N,0,0,0,1,0,1,0,0,0,0,0,0,0,0,0,0,0,0,,0,0,0,0,0,0,0,0,0,0,0,0,0,0,0,0,0,0,0,0,0,0,0,0,0,0,0,0,0,0,0,0,0,0,0,0,0,0,0,1,0,1,0,0,0,0,0,0,0,0,0,0,0,0,,,,,0,0,0,0,0,0,0,PRE1982.MDB,2026-04-14 02:19:16.142676
363,1966-02-19 00:00:00,2 0114,N81007,1964-04-11 00:00:00,,MAMMOTH LAKES CAL,HILLER,OH5A,,0800,A,05,076,,06,,B,E,A,1,A,S,,,K,DB,,,G,EI,E,EI,,,,,,,,,,B,A,,,A,,,A,,,F,LONG VALLEY,07132,A,Y,,,,,04300,,,,07130,,,,A,,07000A,,00300A,,41A,,BA,,TA,,YA,,FA,,GA,,A,64,C,23,88,L,85,,,,,,,,,,,,,,,,,,,,,,,,,C,0,0,0,1,0,1,0,0,0,0,0,0,0,0,0,0,0,0,,0,0,0,0,0,0,0,0,0,0,0,0,0,0,0,0,0,0,0,0,0,0,0,0,0,1,0,0,0,1,0,0,0,0,0,0,0,1,0,1,0,2,0,0,0,0,0,0,0,0,0,0,0,0,,,,,0,0,0,0,0,0,0,PRE1982.MDB,2026-04-14 02:19:16.142676
364,1966-02-19 00:00:00,2 0115,N7829Z,1964-04-12 00:00:00,,SOLON SPRINGS WIS,CESSNA,150,,1600,A,49,039,12,20,22,A,A,A,1,A,D,,,F,B0,,,K,EB,N0,EB,,,,,,,,,,B,A,,,A,,,A,,,F,SOLON SPRINGS,01100,A,Y,,,,,02600,,,,01100,,,,A,,00228A,,00008A,,28A,,FA,,AA,,YA,,BA,,IA,,A,64,C,17,,,,,,,,,,,,,,,,,,,,,,,,,,,,F,0,0,1,0,0,1,0,0,0,0,0,0,0,0,0,0,0,0,,0,0,0,0,0,0,0,0,0,0,0,0,0,0,0,0,0,0,0,0,0,0,0,0,0,0,0,0,0,0,1,0,0,0,0,1,1,0,1,0,0,2,0,0,0,0,0,0,0,0,0,0,0,0,,,,,0,0,0,0,0,0,0,PRE1982.MDB,2026-04-14 02:19:16.142676
365,1966-07-07 00:00:00,2 0116,N1473K,1964-04-15 00:00:00,,PLEASENT HILL OHI,LUSCOMBE,8A,,0600,A,35,089,03,20,06,A,A,A,1,A,D,,,D,B0,,,M0,EA,,,,,,,,,,,,B,A,,,A,,,G,,,F,PLEASENT HILL,01032,C,Y,,,,,02100,,,,01032,,,,A,,00250A,,00175A,,32A,,CA,,AA,,,,AA,,YA,,A,64,A,17,64,A,33,88,1,79,88,1,67,,,,,,,,,,,,,,,,,,,F,0,0,1,0,0,1,0,0,0,0,0,0,0,0,0,0,0,0,,0,0,0,0,0,0,0,0,0,0,0,0,0,0,0,0,0,0,0,0,0,0,0,0,0,0,0,0,0,0,1,0,0,0,0,1,1,0,1,0,0,2,0,0,0,0,0,0,0,0,0,0,0,0,,,,,0,0,0,0,0,0,0,PRE1982.MDB,2026-04-14 02:19:16.142676
366,1965-01-26 00:00:00,2 0117,N56529,1964-04-15 00:00:00,,MERCED CALIF,RYAN,ST3KR,,1800,A,05,137,04,25,05,A,A,A,1,A,D,Y,,L,B0,,,Q,D7,,,,,,,,,,,,B,A,,,A,,,N,,,,,,,,,,,,,,,,Z,Z,,,A,,00400A,,00003A,,35A,,BA,,AA,,YA,,BA,,IA,,A,64,A,16,64,A,23,,,,,,,,,,,,,,,,,,,,,,,,,F,1,0,0,0,0,1,0,0,0,0,0,0,0,0,0,0,0,0,,0,0,0,0,0,0,0,0,0,0,0,0,0,0,0,0,0,0,0,0,0,0,0,0,0,0,0,0,0,0,1,0,0,0,0,1,2,0,0,0,0,2,0,0,0,0,0,0,0,0,0,0,0,0,,,,,0,0,0,0,0,0,0,PRE1982.MDB,2026-04-14 02:19:16.142676
367,1965-01-26 00:00:00,2 0118,N7246X,1964-04-18 00:00:00,,BILLINGS OKLA,PIPER,PA18,,1900,A,36,124,20,12,05,A,A,A,1,A,D,Y,,C,CA,,,Q,DH,,,,,,,,,,,,B,A,,,A,,,N,,,,,,,,,,,,,,,,01800,D,,,A,,01500A,,00030A,,33A,,BA,,EA,,YA,,CA,,GA,,A,64,A,16,,,,,,,,,,,,,,,,,,,,,,,,,,,,F,1,0,0,0,0,1,0,0,0,0,0,0,0,0,0,0,0,0,,0,0,0,0,0,0,0,0,0,0,0,0,0,0,0,0,0,0,0,0,0,0,0,0,0,0,0,0,0,0,0,0,0,0,0,0,1,0,0,0,0,1,0,0,0,0,0,0,0,0,0,0,0,0,,,,,0,0,0,0,0,0,0,PRE1982.MDB,2026-04-14 02:19:16.142676
368,1965-09-03 00:00:00,2 0119,N34382,1964-04-18 00:00:00,,LUBBOCK TEX,MEYERS,200,,1500,A,43,095,03,20,28,A,A,A,1,A,D,Y,,D,B0,,,Q,EB,,,,,,,,,,,,B,A,,,A,,,H,,,A,LUBBOCK MUNICIPAL,01749,A,Y,,,,A,08500,,,,01749,,,,A,,00500A,,ZA,,47A,,CA,,AA,,YA,,BA,,AA,,A,64,A,16,,,,,,,,,,,,,,,,,,,,,,,,,,,,F,1,0,0,0,0,1,0,0,0,0,0,0,0,0,0,0,0,0,,0,0,0,0,0,0,0,0,0,0,0,0,0,0,0,0,0,0,0,0,0,0,0,0,0,0,0,0,0,0,2,0,0,0,0,2,3,0,0,0,0,3,0,0,0,0,0,0,0,0,0,0,0,0,,,,,0,0,0,0,0,0,0,PRE1982.MDB,2026-04-14 02:19:16.142676
369,1969-06-24 00:00:00,2 0120,N45089,1964-04-20 00:00:00,,WILLOWS CALIF,NAF,N3N,,1500,A,05,106,02,39,16,A,A,A,1,A,D,,,C,CB,,,Q,D7,,,,,,,,,,,,B,A,,,A,,,K,,,F,GLENN COUNTY,00139,A,Y,,,,,04500,,,,00139,,,,A,,00700A,,00065A,,32A,,BA,,AA,,YA,,CA,,GA,,A,64,A,23,88,J,88,88,1,14,,,,,,,,,,,,,,,,,,,,,,F,1,0,0,0,0,1,0,0,0,0,0,0,0,0,0,0,0,0,,0,0,0,0,0,0,0,0,0,0,0,0,0,0,0,0,0,0,0,0,0,0,0,0,0,0,0,0,0,0,0,0,0,0,0,0,1,0,0,0,0,1,0,0,0,0,0,0,0,0,0,0,0,0,,,,,0,0,0,0,0,0,0,PRE1982.MDB,2026-04-14 02:19:16.142676
370,1966-02-19 00:00:00,2 0121,N9323F,1964-04-21 00:00:00,,WINOOSKI VT,HUGHES,269B,,1600,A,45,077,01,12,34,B,E,A,1,A,S,,,K,DC,,,M0,EH,H,EH,,,,,,,,,,B,A,,,A,,,N,,,,,,,,,,,,,,,,Z,D,,,A,,01647A,,00089A,,27A,,BA,,TA,,YA,,CA,,CA,,A,64,C,23,,,,,,,,,,,,,,,,,,,,,,,,,,,,C,0,1,0,0,0,1,0,0,0,0,0,0,0,0,0,0,0,0,,0,0,0,0,0,0,0,0,0,0,0,0,0,0,0,0,0,0,0,0,0,0,0,0,0,0,0,0,0,0,0,0,1,0,0,1,0,1,1,0,0,2,0,0,0,0,0,0,0,0,0,0,0,0,,,,,0,0,0,0,0,0,0,PRE1982.MDB,2026-04-14 02:19:16.142676
371,1966-06-14 00:00:00,2 0122,N9979R,1964-04-22 00:00:00,,COLBY KAN,BEECHCRAFT,B95,,1400,A,16,022,24,12,09,A,A,A,2,A,D,,,B,B3,,,Q,EB,,,,,,,,,,,,B,A,,,A,,,G,,,A,COLBY MUNICIPAL,03176,A,Y,,,,,02600,,,,03176,,,,A,,07417A,,00451A,,40A,,BA,,SA,,YA,,GA,,GA,,A,64,A,16,82,A,H,,,,,,,,,,,,,,,,,,,,,,,,,F,1,0,0,0,0,1,0,0,0,0,0,0,0,0,0,0,0,0,,0,0,0,0,0,0,0,0,0,0,0,0,0,0,0,0,0,0,0,0,0,0,0,0,0,0,0,0,0,0,2,0,0,0,0,2,3,0,0,0,0,3,0,0,0,0,0,0,0,0,0,0,0,0,,,,,0,0,0,0,0,0,0,PRE1982.MDB,2026-04-14 02:19:16.142676
372,1965-06-23 00:00:00,2 0123,N3146D,1964-04-22 00:00:00,,SAN CARLOS TEX,CESSNA,180,,2300,A,43,039,16,20,26,A,A,A,1,A,D,,,D,B0,,,M0,D7,,,,,,,,,,,,D,A,,,A,,,N,,,,,,,,,,,,,,,,Z,,,,A,,05600A,,00250A,,47A,,EA,,AA,,YA,,CA,,YA,,A,64,A,17,88,A,14,88,A,67,,,,,,,,,,,,,,,,,,,,,,F,1,0,0,0,0,1,0,0,0,0,0,0,0,0,0,0,0,0,,0,0,0,0,0,0,0,0,0,0,0,0,0,0,0,0,0,0,0,0,0,0,0,0,0,0,0,0,0,0,0,0,0,0,0,0,1,0,0,0,0,1,0,0,0,0,0,0,0,0,0,0,0,0,,,,,0,0,0,0,0,0,0,PRE1982.MDB,2026-04-14 02:19:16.142676
373,1967-04-25 00:00:00,2 0124,N6355X,1964-04-24 00:00:00,,SHAFTER CALIF,CONT COPTER,M2,,1500,A,05,201,,04,13,B,E,A,1,A,S,,,F,CA,,,R0,D4,I,A3,00435,,,,A,,,,,B,A,,,A,,,A,,,F,KERN COUNTY,00425,A,Y,,,,,04500,,,,00425,,,,A,,02260A,,00068A,,44A,,BA,,TA,,YA,,CA,,GA,,A,64,C,19,64,C,33,88,L,06,,,,,,,,,,,,,,,,,,,,,,N,0,0,0,1,0,1,0,0,0,0,0,0,0,0,0,0,0,0,,0,0,0,0,0,0,0,0,0,0,0,0,0,0,0,0,0,0,0,0,0,0,0,0,0,0,0,0,0,0,0,0,0,0,0,0,0,0,0,1,0,1,0,0,0,0,0,0,0,0,0,0,0,0,,,,,0,0,0,0,0,0,0,PRE1982.MDB,2026-04-14 02:19:16.142676
374,1965-06-23 00:00:00,2 0125,N11J,1964-04-25 00:00:00,,LEOTI KAN,PITTS,SPEC,,0900,A,16,200,,12,06,A,A,A,1,A,D,,,F,B1,,,M0,D7,,,,,,,,,,,,B,A,,,A,,,A,,,F,LEOTI,03300,C,Y,,,,,02600,,,,03300,,,,A,,01300A,,00048A,,48A,,BA,,MA,,YA,,FA,,GA,,A,64,A,17,64,A,33,88,A,14,,,,,,,,,,,,,,,,,,,,,,F,1,0,0,0,0,1,0,0,0,0,0,0,0,0,0,0,0,0,,0,0,0,0,0,0,0,0,0,0,0,0,0,0,0,0,0,0,0,0,0,0,0,0,0,0,0,0,0,0,0,0,0,0,0,0,1,0,0,0,0,1,0,0,0,0,0,0,0,0,0,0,0,0,,,,,0,0,0,0,0,0,0,PRE1982.MDB,2026-04-14 02:19:16.142676
375,1965-06-23 00:00:00,2 0126,N5319N,1964-04-25 00:00:00,N,KAPLAN LA,BOEING,E75,,0700,A,18,027,15,39,06,A,A,A,1,A,D,,,C,CA,,,N1,DJ,,,,,,,,,,,,B,A,,,A,,,N,,,,,,,,,,,,,,,,00020,D,,,A,,00225A,,00014A,,200,,BA,,AA,,YA,,CA,,GA,,A,64,A,15,,,,,,,,,,,,,,,,,,,,,,,,,,,,F,1,0,0,0,0,1,0,0,0,0,0,0,0,0,0,0,0,0,,0,0,0,0,0,0,0,0,0,0,0,0,0,0,0,0,0,0,0,0,0,0,0,0,0,0,0,0,0,0,0,0,0,0,0,0,1,0,0,0,0,1,0,0,0,0,0,0,0,0,0,0,0,0,,,,,0,0,0,0,0,0,0,PRE1982.MDB,2026-04-14 02:19:16.142676
376,1967-04-25 00:00:00,2 0127,N7985A,1964-04-25 00:00:00,,HAYWARD CALIF,BELL,47G,,0700,A,05,024,02,04,13,B,E,A,1,A,S,,,A,B1,,,G,EH,I,EH,,,,,,,,,,B,A,,,A,,,M,,,F,HAYWARD,00046,A,,,,,A,05200,,,,,,,,A,,00138A,,00056A,,31A,,BA,,AA,,XA,,BA,,A,,A,64,C,18,,,,,,,,,,,,,,,,,,,,,,,,,,,,N,0,0,0,1,0,1,0,0,0,0,0,0,0,0,0,0,0,0,,0,0,0,0,0,0,0,0,0,0,0,0,0,0,0,0,0,0,0,0,0,0,0,0,0,0,0,0,0,0,0,0,0,0,0,0,0,0,0,1,0,1,0,0,0,0,0,0,0,0,0,0,0,0,,,,,0,0,0,0,0,0,0,PRE1982.MDB,2026-04-14 02:19:16.142676
377,1965-06-23 00:00:00,2 0128,N1076Z,1964-04-25 00:00:00,,ROSEMOUNT MINN,BENSON,B2,,0900,A,23,200,,99,01,B,E,A,1,A,S,,,D,B1,,,Q,C1,I,EG,,,,,,,,,,B,A,,,A,,,A,,,F,SOUTHPORT,00962,A,,,,,,02800,,,,,,,,A,,00230A,,00002A,,28A,,BA,,AA,,XA,,CA,,,,A,64,C,16,64,C,31,,,,,,,,,,,,,,,,,,,,,,,,,N,0,0,0,1,0,1,0,0,0,0,0,0,0,0,0,0,0,0,,0,0,0,0,0,0,0,0,0,0,0,0,0,0,0,0,0,0,0,0,0,0,0,0,0,0,0,0,0,0,0,0,0,0,0,0,0,0,0,1,0,1,0,0,0,0,0,0,0,0,0,0,0,0,,,,,0,0,0,0,0,0,0,PRE1982.MDB,2026-04-14 02:19:16.142676
378,1967-04-25 00:00:00,2 0129,N8811F,1964-04-25 00:00:00,,DUNCAN MILLS CAL,HUGHES,269A,,1300,A,05,077,01,12,09,B,E,A,1,A,S,,,D,B1,,,N0,C1,,,,,,,,,,,,B,A,,,A,,,N,,,,,,,,,,,,,,,,Z,K,,,A,,00099A,,00030A,,28A,,CA,,AA,,XA,,BA,,A,,A,64,A,15,64,A,29,,,,,,,,,,,,,,,,,,,,,,,,,N,0,0,0,1,0,1,0,0,0,0,0,0,0,0,0,0,0,0,,0,0,0,0,0,0,0,0,0,0,0,0,0,0,0,0,0,0,0,0,0,0,0,0,0,0,0,0,0,0,0,0,0,0,0,0,0,0,0,1,0,1,0,0,0,0,0,0,0,0,0,0,0,0,,,,,0,0,0,0,0,0,0,PRE1982.MDB,2026-04-14 02:19:16.142676
379,1965-06-23 00:00:00,2 0130,N4997C,1964-04-26 00:00:00,,THETFORD VT,BRANTLY,B2,,1800,A,45,028,01,12,10,B,E,A,1,A,S,,,F,DC,,,Q,C1,,,,,,,,,,,,B,A,,,A,,,N,,,,,,,,,,,,,,,,Z,C,,,A,,01453A,,00046A,,25A,,BA,,TA,,YA,,FA,,GA,,A,64,A,18,,,,,,,,,,,,,,,,,,,,,,,,,,,,N,0,0,0,1,0,1,0,0,0,0,0,0,0,0,0,0,0,0,,0,0,0,0,0,0,0,0,0,0,0,0,0,0,0,0,0,0,0,0,0,0,0,0,0,0,0,0,0,0,0,0,0,1,0,1,0,0,0,2,0,2,0,0,0,0,0,0,0,0,0,0,0,0,,,,,0,0,0,0,0,0,0,PRE1982.MDB,2026-04-14 02:19:16.142676
380,1967-07-28 00:00:00,2 0131,N73871,1964-04-30 00:00:00,,WINDSOR MO,CONT COPTER,47G,,1300,A,25,201,,04,13,B,E,A,1,A,S,,,F,CG,,,I,A2,,,,,,,,,,,,B,A,,,A,,,N,,,,,,,,,,,,,,,,Z,D,,,A,,01500A,,00800A,,27A,,BA,,TA,,YA,,,,GA,,A,82,A,H,,,,,,,,,,,,,,,,,,,,,,,,,,,,M,0,0,1,0,0,1,0,0,0,0,0,0,0,0,0,0,0,0,,0,0,0,0,0,0,0,0,0,0,0,0,0,0,0,0,0,0,0,0,0,0,0,0,0,0,0,0,0,0,0,0,2,0,0,2,0,0,3,0,0,3,0,0,0,0,0,0,0,0,0,0,0,0,,,,,0,0,0,0,0,0,0,PRE1982.MDB,2026-04-14 02:19:16.142676
381,1966-06-22 00:00:00,2 0132,N3646Z,1964-05-04 00:00:00,,BATON ROUGE LA,PIPER,PA22,N5877Z,1240,A,18,124,23,12,06,A,A,A,1,A,D,,,F,B1,,,L0,ED,,,00100,,075,,,,,,,B,A,,,A,,,E,,,,DOWNTOWN B R LA,00053,A,,,,,,03000,,,,,,,,A,,00020A,,00020A,,21A,,AA,,AA,,YA,,AA,,PA,,A,64,A,14,68,A,K0,,,,,,,,,,,,,,,,,,,,,,,,,F,1,0,0,0,0,1,0,0,0,0,0,0,0,0,0,0,0,0,,0,0,0,0,0,0,0,0,0,0,0,0,0,0,0,0,0,0,0,0,0,0,0,0,0,0,0,0,0,0,0,0,0,0,0,0,1,0,0,0,0,1,1,0,0,0,0,0,0,0,0,0,0,1,,,,,2,0,0,0,0,2,0,PRE1982.MDB,2026-04-14 02:19:16.142676
382,1966-06-22 00:00:00,2 0132,N5877Z,1964-05-04 00:00:00,,BATON ROUGE LA,PIPER,PA22,N3646Z,1240,A,18,124,23,12,,A,A,A,1,A,D,,,F,B1,,,L0,ED,,,00100,,085,,,,,,,B,A,,,A,,,E,,,,DOWNTOWN B R LA,00053,A,,,,,,03000,,,,,,,,A,,00032A,,00030A,,44A,,CA,,AA,,YA,,AA,,DA,,A,64,A,14,68,A,K0,,,,,,,,,,,,,,,,,,,,,,,,,F,1,0,0,0,0,1,0,0,0,0,0,0,0,0,0,0,0,0,,0,0,0,0,0,0,0,0,0,0,0,0,0,0,0,0,0,0,0,0,0,0,0,0,0,0,0,0,0,0,0,0,0,0,0,0,1,0,0,0,0,1,1,0,0,0,0,0,0,0,0,0,0,1,,,,,2,0,0,0,0,2,0,PRE1982.MDB,2026-04-14 02:19:16.142676
383,1965-06-23 00:00:00,2 0133,N72621,1964-05-05 00:00:00,,WINSLOW ARIZ,CESSNA,140,,1100,A,03,039,10,20,11,A,A,A,1,A,D,,,D,B2,,,Q,C1,,,,,,,,,,,,B,A,,,A,,,A,,,A,WINSLOW MUNICIPAL,04937,A,,,,,,07500,,,,,,,,A,,00146A,,00144A,,31A,,CA,,AA,,YA,,BA,,A,,A,64,A,16,82,A,H,88,J,76,,,,,,,,,,,,,,,,,,,,,,F,1,0,0,0,0,1,0,0,0,0,0,0,0,0,0,0,0,0,,0,0,0,0,0,0,0,0,0,0,0,0,0,0,0,0,0,0,0,0,0,0,0,0,0,0,0,0,0,0,1,0,0,0,0,1,2,0,0,0,0,2,0,0,0,0,0,0,0,0,0,0,0,0,,,,,0,0,0,0,0,0,0,PRE1982.MDB,2026-04-14 02:19:16.142676
384,1966-06-08 00:00:00,2 0134,N7221W,1964-05-07 00:00:00,,WICHITA KAN,PIPER,PA28,,0407,A,16,124,28,12,09,A,A,A,1,A,D,Y,Z,D,B2,,,Q,Z,,,Z,,,,,,,,,D,A,,,A,,,N,,,,,,,,,,,,,,,,Z,J,,,A,,00076A,,00065A,,47A,,CA,,AA,,A,,BA,,A,,A,64,A,66,82,J,A,,,,,,,,,,,,,,,,,,,,,,,,,F,1,0,0,0,0,1,0,0,0,0,0,0,0,0,0,0,0,0,,0,0,0,0,0,0,0,0,0,0,0,0,0,0,0,0,0,0,0,0,0,0,0,0,0,0,0,0,0,0,3,0,0,0,0,3,4,0,0,0,0,4,0,0,0,0,0,0,0,0,0,0,0,0,,,,,0,0,0,0,0,0,0,PRE1982.MDB,2026-04-14 02:19:16.142676
385,1967-07-28 00:00:00,2 0135,N10172,1964-05-07 00:00:00,,ABILENE KANS,HILLER,UH12A,,1200,A,16,076,01,04,13,B,E,A,1,A,S,,,D,CB,,,M1,DK,,,,,,,,,,,,B,A,,,A,,,N,,,,,,,,,,,,,,,,01148,D,,,A,,17045A,,00025A,,37A,,BA,,TA,,A,,FA,,GA,,A,64,A,16,,,,,,,,,,,,,,,,,,,,,,,,,,,,N,0,0,0,1,0,1,0,0,0,0,0,0,0,0,0,0,0,0,,0,0,0,0,0,0,0,0,0,0,0,0,0,0,0,0,0,0,0,0,0,0,0,0,0,0,0,0,0,0,0,0,0,0,0,0,0,0,0,1,0,1,0,0,0,0,0,0,0,0,0,0,0,0,,,,,0,0,0,0,0,0,0,PRE1982.MDB,2026-04-14 02:19:16.142676
386,1965-06-23 00:00:00,2 0136,N9421H,1964-05-09 00:00:00,N,FULLERTON CALIF,BELL,47D-1,,1300,A,05,024,02,04,13,B,E,A,1,A,S,,,A,A0,,,M0,D4,,,,,,,,,,,,B,A,,,A,,,N,,,,,,,,,,,,,,,,Z,D,,,A,C,00346A,ZC,00132A,ZC,26A,ZC,BA,ZC,TA,ZC,Y8,XC,FA,ZC,GA,C,C,66,A,23,64,A,30,,,,,,,,,,,,,,,,,,,,,,,,,N,0,0,0,1,0,1,0,0,0,0,0,0,0,0,0,1,0,1,,0,0,0,0,0,0,0,0,0,0,0,0,0,0,0,0,0,0,0,0,0,0,0,0,0,0,0,0,0,0,0,0,0,0,0,0,0,0,0,2,0,2,0,0,0,0,0,0,0,0,0,0,0,0,,,,,0,0,0,0,0,0,0,PRE1982.MDB,2026-04-14 02:19:16.142676
387,1966-02-19 00:00:00,2 0137,N9299T,1964-05-11 00:00:00,,KNOXVILLE TENN,CESSNA,180-C,,1800,A,42,039,16,20,26,A,C,A,1,A,S,,,D,DZ,,,D,EE,,,,,,,,,,,,B,A,,,A,,,B,,,F,FT LOUDON LAKE,Z,,,,,,,Z,,,,,,,,A,,00725A,,00659A,,56A,,EA,,IA,,A,,CA,,A,,A,64,A,11,64,A,34,,,,,,,,,,,,,,,,,,,,,,,,,F,1,0,0,0,0,1,0,0,0,0,0,0,0,0,0,0,0,0,,0,0,0,0,0,0,0,0,0,0,0,0,0,0,0,0,0,0,0,0,0,0,0,0,0,0,0,0,0,0,0,0,0,0,0,0,1,0,0,0,0,1,0,0,0,0,0,0,0,0,0,0,0,0,,,,,0,0,0,0,0,0,0,PRE1982.MDB,2026-04-14 02:19:16.142676
388,1965-06-23 00:00:00,2 0138,N2495B,1964-05-11 00:00:00,,HUNTINGTON BC CAL,BELL,47G2,,2200,A,05,024,02,12,15,B,E,A,1,A,D,,,E,CI,,,M1,D9,,,,,,,,,,,,D,B,N,A,A,,X,N,,,,,,,,,,,,,,,,Z,K,,,A,,02000A,,00800A,,31A,,BA,,TA,,A,,CA,,GA,,A,64,A,66,82,A,C,64,J,08,88,J,88,,,,,,,,,,,,,,,,,,,C,0,0,1,0,0,1,0,0,0,0,0,0,0,0,0,0,0,0,,0,0,0,0,0,0,0,0,0,0,0,0,0,0,0,0,0,0,0,0,0,0,0,0,0,0,0,0,0,0,0,2,0,0,0,2,0,2,1,0,0,3,0,0,0,0,0,0,0,0,0,0,0,0,,,,,0,0,0,0,0,0,0,PRE1982.MDB,2026-04-14 02:19:16.142676
389,1965-06-26 00:00:00,2 0139,N7492D,1964-05-12 00:00:00,,COOTER MO,PIPER,PA18A,,Z,A,25,124,21,12,06,A,A,A,1,A,D,,,C,CA,,,N0,DJ,,,Z,,,,,,,,,B,A,,,A,,,N,,,,,,,,,,,,,,,,00400,D,,,A,,01488A,,00178A,,36A,,BA,,AA,,A,,CA,,GA,,A,64,A,17,,,,,,,,,,,,,,,,,,,,,,,,,,,,F,1,0,0,0,0,1,0,0,0,0,0,0,0,0,0,0,0,0,,0,0,0,0,0,0,0,0,0,0,0,0,0,0,0,0,0,0,0,0,0,0,0,0,0,0,0,0,0,0,0,0,0,0,0,0,1,0,0,0,0,1,0,0,0,0,0,0,0,0,0,0,0,0,,,,,0,0,0,0,0,0,0,PRE1982.MDB,2026-04-14 02:19:16.142676
390,1965-06-23 00:00:00,2 0140,N7540P,1964-01-01 00:00:00,,WEATHERFORD TEX,PIPER,PA24,,1200,A,43,124,25,12,20,A,A,A,1,A,D,,,D,B2,,,U,D1,G,EE,Z,,,,B,,,,,B,A,,,A,,,N,,,,,,,,,,,,,,,,Z,D,,,A,,00190A,,00190A,,34A,,CA,,AA,,A,,BA,,A,,A,74,C,AF,88,C,95,68,3,D1,,,,,,,,,,,,,,,,,,,,,,C,0,1,0,0,0,1,0,0,0,0,0,0,0,0,0,0,0,0,,0,0,0,0,0,0,0,0,0,0,0,0,0,0,0,0,0,0,0,0,0,0,0,0,0,0,0,0,0,0,0,0,0,0,0,0,0,1,0,0,0,1,0,0,0,0,0,0,0,0,0,0,0,0,,,,,0,0,0,0,0,0,0,PRE1982.MDB,2026-04-14 02:19:16.142676
391,1965-06-23 00:00:00,2 0141,N73249,1964-05-19 00:00:00,N,SHERIDAN WY,BELL,47G3B,,1700,A,50,024,03,12,15,B,E,A,1,A,S,,,F,CI,,,N1,C2,,,,,,,,,,,,B,A,,,A,,,N,,,,,,,,,,,,,,,,Z,A,,,A,,08000A,,00208A,,33A,,AA,,TA,,A,,CA,,GA,,A,64,A,15,,,,,,,,,,,,,,,,,,,,,,,,,,,,N,0,0,0,1,0,1,0,0,0,0,0,0,0,0,0,0,0,0,,0,0,0,0,0,0,0,0,0,0,0,0,0,0,0,0,0,0,0,0,0,0,0,0,0,0,0,0,0,0,0,0,0,0,0,0,0,0,0,1,0,1,0,0,0,0,0,0,0,0,0,0,0,0,,,,,0,0,0,0,0,0,0,PRE1982.MDB,2026-04-14 02:19:16.142676
392,1972-05-15 00:00:00,2 0142,N7037Y,1964-01-15 00:00:00,,WHITEHAVEN TENN,PIPER,PA-30,,0700,A,42,124,29,12,33,A,A,A,2,A,D,,,D,B2,,,U,D0,Q,D0,Z,,,,B,,,,,B,A,,,A,,,J,,,A,MEMPHIS METRO,331,A,J,,,,A,08900,,,,00331,,,,A,,00662A,,00101A,,33A,,FA,,M4,,A,,BA,,DA,,A,88,A,96,68,A,K4,64,B,16,,,,,,,,,,,,,,,,,,,,,,F,1,0,0,0,0,1,0,0,0,0,0,0,0,0,0,0,0,0,,0,0,0,0,0,0,0,0,0,0,0,0,0,0,0,0,0,0,0,0,0,0,0,0,0,0,0,0,0,0,2,0,0,0,0,2,3,0,0,0,0,3,0,0,0,0,0,0,0,0,0,0,0,0,,,,,0,0,0,0,0,0,0,PRE1982.MDB,2026-04-14 02:19:16.142676
393,1965-07-07 00:00:00,2 0143,N38801,1964-01-19 00:00:00,,ALBERTVILLE MINN,PIPER,J-3,,1500,A,23,124,05,20,06,A,A,A,1,A,D,,,D,B0,,,N1,DB,,,,,,,,,,,,B,A,,,A,,,N,,,,,,,,,,,,,,,,Z,D,,,A,,02500A,,00100A,,31A,,BA,,PA,,,,CA,,GA,,A,64,A,15,64,A,33,88,A,14,,,,,,,,,,,,,,,,,,,,,,C,0,1,0,0,0,1,0,0,0,0,0,0,0,0,0,0,0,0,,0,0,0,0,0,0,0,0,0,0,0,0,0,0,0,0,0,0,0,0,0,0,0,0,0,0,0,0,0,0,0,0,1,0,0,1,0,1,1,0,0,2,0,0,0,0,0,0,0,0,0,0,0,0,,,,,0,0,0,0,0,0,0,PRE1982.MDB,2026-04-14 02:19:16.142676
394,1966-02-19 00:00:00,2 0144,N85758,1964-01-26 00:00:00,,HASTY MINN,AERONCA,7BCM,,1600,A,23,003,12,20,11,A,A,A,1,A,D,,,M,DK,,,Q3,DB,,,,,,,,,,,,B,A,,,A,,,N,,,,,,,,,,,,,,,,Z,D,,,A,,00200A,,00200A,,43A,,CA,,AA,,A,,BA,,A,,A,64,A,16,82,A,M,64,J,33,,,,,,,,,,,,,,,,,,,,,,C,0,1,0,0,0,1,0,0,0,0,0,0,0,0,0,0,0,0,,0,0,0,0,0,0,0,0,0,0,0,0,0,0,0,0,0,0,0,0,0,0,0,0,0,0,0,0,0,0,0,0,0,0,0,0,0,1,0,0,0,1,0,0,0,0,0,0,0,0,0,0,0,0,,,,,0,0,0,0,0,0,0,PRE1982.MDB,2026-04-14 02:19:16.142676
395,1966-05-07 00:00:00,2 0145,N9289E,1964-01-26 00:00:00,,BAYPORT NY,AERONCA,11AC,,1600,A,32,003,09,20,06,A,A,A,1,A,N,,,D,B0,,,W,B1,,,,,,,,,,,,B,A,,,A,,,A,,,F,EDWARDS,00041,C,,,,,,03200,,,,,,,,A,,03500A,,00040A,,36A,,CA,,PA,,A,,FA,,A,,A,68,A,K4,84,A,J,,,,,,,,,,,,,,,,,,,,,,,,,C,0,0,0,1,0,1,0,0,0,0,0,0,0,0,0,0,0,0,,0,0,0,0,0,0,0,0,0,0,0,0,0,0,0,0,0,0,0,0,0,0,0,0,0,0,0,0,0,0,0,1,0,0,0,1,0,1,0,1,0,2,0,0,0,0,0,0,0,0,0,0,0,0,,,,,0,0,0,0,0,0,0,PRE1982.MDB,2026-04-14 02:19:16.142676
396,1966-08-05 00:00:00,2 0146,N1396C,1964-01-28 00:00:00,,YUMA ARIZ,PIPER,PA22,,1700,A,03,124,23,12,05,A,A,A,1,A,D,,Z,D,A0,,,R0,C1,H,EF,00500,,Z,,B,B,,,,B,A,,,A,,,N,,,,,,,,,,,,,,,,00130,D,,,A,C,02400A,ZC,00250A,ZC,37A,ZC,EA,ZC,PA,ZC,A,C,FA,ZC,GA,C,A,64,C,33,75,C,EF,88,C,50,,,,,,,,,,,,,,,,,,,,,,C,0,1,0,0,0,1,0,0,0,0,0,0,0,1,0,0,0,1,,0,0,0,0,0,0,0,0,0,0,0,0,0,0,0,0,0,0,0,0,0,0,0,0,0,0,0,0,0,0,0,0,0,0,0,0,0,2,0,0,0,2,0,0,0,0,0,0,0,0,0,0,0,0,,,,,0,0,0,0,0,0,0,PRE1982.MDB,2026-04-14 02:19:16.142676
397,1965-06-23 00:00:00,2 0147,N9264D,1964-01-29 00:00:00,,ANCHORAGE ALAS,PIPER,PA18,,0800,A,02,124,20,12,06,A,A,A,1,A,N,,,D,B2,,,W,A1,,,,,,,,,,,,B,A,,,A,,,A,,,A,ANCHORAGE,00124,A,,,,,A,05000,,,,,,,,A,,00162A,,00074A,,23A,,CA,,IA,,A,,BA,,A,,A,68,A,K4,,,,,,,,,,,,,,,,,,,,,,,,,,,,C,0,0,0,1,0,1,0,0,0,0,0,0,0,0,0,0,0,0,,0,0,0,0,0,0,0,0,0,0,0,0,0,0,0,0,0,0,0,0,0,0,0,0,0,0,0,0,0,0,0,1,0,0,0,1,0,1,0,1,0,2,0,0,0,0,0,0,0,0,0,0,0,0,,,,,0,0,0,0,0,0,0,PRE1982.MDB,2026-04-14 02:19:16.142676
398,1965-06-23 00:00:00,2 0148,N4527C,1964-01-29 00:00:00,,BROWNING MONT,CESSNA,170B,,1400,A,26,039,13,20,14,A,A,A,1,A,D,,,D,B0,,,J,EF,N4,EF,,,,,,,,,,B,A,,,A,,,N,,,,,,,,,,,,,,,,Z,Y,,,A,,00644A,,00194A,,38A,,CA,,AA,,A,,BA,,A,,A,64,C,46,64,C,07,,,,,,,,,,,,,,,,,,,,,,,,,C,0,0,0,1,0,1,0,0,0,0,0,0,0,0,0,0,0,0,,0,0,0,0,0,0,0,0,0,0,0,0,0,0,0,0,0,0,0,0,0,0,0,0,0,0,0,0,0,0,0,0,0,1,0,1,0,0,0,2,0,2,0,0,0,0,0,0,0,0,0,0,0,0,,,,,0,1,0,2,0,3,0,PRE1982.MDB,2026-04-14 02:19:16.142676
399,1966-09-13 00:00:00,2 0149,N8425T,1964-02-08 00:00:00,,WATSONVILLE CALIF,CESSNA,182,,1900,A,05,039,17,20,26,A,A,A,1,A,S,,,D,B0,,,ND,A0,,,,,,,,,,,,B,A,,,A,,,A,,,F,WATSONVILLE,00160,A,,,,,,04500,,,,,,,,A,,ZA,,ZA,,41A,,ZA,,ZA,,A,,BA,,A,,A,64,A,37,,,,,,,,,,,,,,,,,,,,,,,,,,,,N,0,0,0,1,0,1,0,0,0,0,0,0,0,0,0,0,0,0,,0,0,0,0,0,0,0,0,0,0,0,0,0,0,0,0,0,0,0,0,0,0,0,0,0,0,0,0,0,0,0,0,0,3,0,3,0,0,0,4,0,4,0,0,0,0,0,0,0,0,0,0,0,0,,,,,0,0,0,0,0,0,0,PRE1982.MDB,2026-04-14 02:19:16.142676
400,1965-06-23 00:00:00,2 0150,N72836,1964-02-13 00:00:00,,LAGRANGE NC,CESSNA,140,,1500,A,33,039,10,20,11,A,A,A,1,A,D,,,F,B0,,,K,EB,N0,EB,,,,,,,,,,B,A,,,A,,,N,,,,,,,,,,,,,,,,Z,Y,,,A,,07126A,,00100A,,47A,,BA,,PA,,A,,FA,,A,,A,64,C,47,82,C,M,83,L,I,,,,,,,,,,,,,,,,,,,,,,C,0,1,0,0,0,1,0,0,0,0,0,0,0,0,0,0,0,0,,0,0,0,0,0,0,0,0,0,0,0,0,0,0,0,0,0,0,0,0,0,0,0,0,0,0,0,0,0,0,0,0,0,0,0,0,0,1,0,0,0,1,0,0,0,0,0,0,0,0,0,0,0,0,,,,,0,0,0,0,0,0,0,PRE1982.MDB,2026-04-14 02:19:16.142676
401,1966-02-19 00:00:00,2 0151,N3035U,1964-02-25 00:00:00,,OAKLAND CALIF,CESSNA,172,,1800,A,05,039,14,20,22,A,A,A,1,A,N,,,F,A0,,,W,A1,,,,,,,,,,,,D,A,,,A,,,A,,,A,METROPOLITAN,00006,A,J,,,,A,10000,,,,,,,,A,C,03743A,ZC,00150A,ZC,26A,ZC,BA,ZC,SA,ZC,A,ZC,GA,ZC,GA,ZC,A,68,A,K9,68,J,C0,88,J,06,,,,,,,,,,,,,,,,,,,,,,C,0,0,0,1,0,1,0,0,0,0,0,0,0,1,0,0,0,1,,0,0,0,0,0,0,0,0,0,0,0,0,0,0,0,0,0,0,0,0,0,0,0,0,0,0,0,0,0,0,0,0,0,0,0,0,0,1,0,1,0,2,0,0,0,0,0,0,0,0,0,0,0,0,,,,,0,0,0,0,0,0,0,PRE1982.MDB,2026-04-14 02:19:16.142676
402,1965-06-23 00:00:00,2 0152,N2069M,1964-02-23 00:00:00,,GREENVILLE MISS,PIPER,J3,,1200,A,24,124,04,20,11,A,A,A,1,A,D,Y,Z,D,DB,,,Q,C1,,,Z,,,,,,,,,B,A,,,A,,,N,,,,,,,,,,,,,,,,Z,D,,,A,,ZA,,ZA,,29A,,CA,,AA,,YA,,AA,,A,,A,64,A,16,,,,,,,,,,,,,,,,,,,,,,,,,,,,F,1,0,0,0,0,1,0,0,0,0,0,0,0,0,0,0,0,0,,0,0,0,0,0,0,0,0,0,0,0,0,0,0,0,0,0,0,0,0,0,0,0,0,0,0,0,0,0,0,1,0,0,0,0,1,2,0,0,0,0,2,0,0,0,0,0,0,0,0,0,0,0,0,,,,,0,0,0,0,0,0,0,PRE1982.MDB,2026-04-14 02:19:16.142676
403,1965-06-23 00:00:00,2 0153,N7260T,1964-02-28 00:00:00,N,QUINCY CALIF,CESSNA,172A,,1900,A,05,039,14,20,24,A,A,A,1,A,D,,,D,B2,,,U,D1,M1,D9,Z,,,,B,,,,,D,B,D,A,A,,Y,N,,,,,,,,,,,,,,,,06850,A,R,,A,,01335A,,01335A,,34A,,CA,,AA,,A,,BA,,A,,A,88,A,63,64,C,04,64,C,33,82,L,D,82,L,A,,,,,,,,,,,,,,,,F,1,0,0,0,0,1,0,0,0,0,0,0,0,0,0,0,0,0,,0,0,0,0,0,0,0,0,0,0,0,0,0,0,0,0,0,0,0,0,0,0,0,0,0,0,0,0,0,0,0,0,0,0,0,0,1,0,0,0,0,1,0,0,0,0,0,0,0,0,0,0,0,0,,,,,0,0,0,0,0,0,0,PRE1982.MDB,2026-04-14 02:19:16.142676
404,1965-06-23 00:00:00,2 0154,N5608P,1964-02-29 00:00:00,,BIRMINGHAM MICH,PIPER,PA22,,1200,A,22,124,23,12,09,A,A,A,1,A,D,,,D,B0,,,U,C1,Q,C1,Z,,,,B,,,,,B,A,,,A,,,E,,,F,BERZ,00730,A,Y,,,,,03900,,,,,,,,A,,00376A,,00170A,,58A,,FA,,AA,,A,,BA,,A,,A,74,C,KA,,,,,,,,,,,,,,,,,,,,,,,,,,,,F,0,1,0,0,0,1,0,0,0,0,0,0,0,0,0,0,0,0,,0,0,0,0,0,0,0,0,0,0,0,0,0,0,0,0,0,0,0,0,0,0,0,0,0,0,0,0,0,0,1,1,0,0,0,2,1,2,0,0,0,3,0,0,0,0,0,0,0,0,0,0,0,0,,,,,0,0,0,0,0,0,0,PRE1982.MDB,2026-04-14 02:19:16.142676
405,1966-09-28 00:00:00,2 0155,N3041C,1964-03-01 00:00:00,,NEW ORLEANS LA,BEECHCRAFT,J35,,1600,A,18,022,20,20,,A,A,A,1,A,D,,,D,B2,,,U,D1,4,EE,Z,,,,C,,,,,B,B,F,Z,B,,Y,N,,,,,,,,,,,,,,,,00000,K,,,A,,01500A,,00750A,,61A,,FA,,AA,,A,,BA,,AA,,A,64,C,04,64,C,33,75,C,AY,88,C,63,82,L,A,82,L,B,88,L,88,,,,,,,,,,C,0,1,0,0,0,1,0,0,0,0,0,0,0,0,0,0,0,0,,0,0,0,0,0,0,0,0,0,0,0,0,0,0,0,0,0,0,0,0,0,0,0,0,0,0,0,0,0,0,0,1,0,0,0,1,0,2,0,0,0,2,0,0,0,0,0,0,0,0,0,0,0,0,,,,,0,0,0,0,0,0,0,PRE1982.MDB,2026-04-14 02:19:16.142676
406,1965-06-23 00:00:00,2 0156,N8025P,1964-03-01 00:00:00,,EL PASO TEX,PIPER,PA24,,1400,A,43,124,25,12,20,A,A,A,1,A,S,,,D,B0,,,U,EA,NB,EE,Z,,,,B,,,,,B,A,,,A,,,E,,,A,EL PASO INTL,03956,A,,,,,A,11200,,,,,,,,A,,02501A,,00018A,,29A,,BA,,PA,,A,,CA,,A,,A,88,A,63,64,C,29,83,K,F,,,,,,,,,,,,,,,,,,,,,,C,0,0,0,1,0,1,0,0,0,0,0,0,0,0,0,0,0,0,,0,0,0,0,0,0,0,0,0,0,0,0,0,0,0,0,0,0,0,0,0,0,0,0,0,0,0,0,0,0,0,1,0,2,0,3,0,1,0,3,0,4,0,0,0,0,0,0,0,0,0,0,0,0,,,,,0,0,0,0,0,0,0,PRE1982.MDB,2026-04-14 02:19:16.142676
407,1966-02-19 00:00:00,2 0157,N5645D,1964-03-05 00:00:00,,DELTA UTAH,BEECHCRAFT,E18S,,1900,A,44,022,17,39,07,A,A,A,2,A,D,,,B,B3,,,U,D1,M0,EE,Z,,,,B,,,,,D,B,E,A,C,,Y,N,,,,,,,,,,,,,,,,Z,A,,,A,,08634A,,ZA,,45A,,BA,,PA,,YA,,FA,,GA,,A,88,C,02,82,L,D,82,L,G,,,,,,,,,,,,,,,,,,,,,,F,1,0,0,0,0,1,0,0,0,0,0,0,0,0,0,0,0,0,,0,0,0,0,0,0,0,0,0,0,0,0,0,0,0,0,0,0,0,0,0,0,0,0,0,0,0,0,0,0,0,0,3,0,0,3,1,0,3,0,0,4,0,0,0,0,0,0,0,0,0,0,0,0,,,,,0,0,0,0,0,0,0,PRE1982.MDB,2026-04-14 02:19:16.142676
408,1966-02-19 00:00:00,2 0158,N6508T,1964-03-07 00:00:00,,BRISTOL VT,CESSNA,150,,1300,A,45,039,12,20,22,A,A,A,1,A,N,,,F,A0,,,W,A1,,,,,,,,,,,,B,A,,,A,,,A,,,F,BRISTOL,00570,C,,,,,,02100,,,,,,,,A,C,02200A,,01000A,,42A,,BA,,AA,,A,,FA,,GA,,A,64,A,30,84,A,J,82,J,H,,,,,,,,,,,,,,,,,,,,,,C,0,0,0,1,0,1,0,0,0,0,0,0,0,1,0,0,0,1,,0,0,0,0,0,0,0,0,0,0,0,0,0,0,0,0,0,0,0,0,0,0,0,0,0,0,0,0,0,0,0,0,0,0,0,0,0,1,0,1,0,2,0,0,0,0,0,0,0,0,0,0,0,0,,,,,0,0,0,0,0,0,0,PRE1982.MDB,2026-04-14 02:19:16.142676
409,1965-06-23 00:00:00,2 0159,N7778T,1964-03-06 00:00:00,,BIG BEAR CITY CAL,CESSNA,172,,Z,A,05,039,14,20,24,A,A,A,1,A,S,,,M,B0,,,M1,D9,,,,,,,,,,,,D,B,E,A,B,,Y,N,,,,,,,,,,,,,,,,08900,A,,,A,,00152A,,00010A,,47A,,CA,,AA,,A,,BA,,A,,A,64,A,04,64,A,33,82,J,A,82,J,D,,,,,,,,,,,,,,,,,,,F,1,0,0,0,0,1,0,0,0,0,0,0,0,0,0,0,0,0,,0,0,0,0,0,0,0,0,0,0,0,0,0,0,0,0,0,0,0,0,0,0,0,0,0,0,0,0,0,0,1,0,0,0,0,1,2,0,0,0,0,2,0,0,0,0,0,0,0,0,0,0,0,0,,,,,0,0,0,0,0,0,0,PRE1982.MDB,2026-04-14 02:19:16.142676
410,1967-07-28 00:00:00,2 0160,N37R,1964-03-09 00:00:00,,KEY WEST FLA,BEECHCRAFT,C18S,N8630M,1715,A,09,022,17,39,07,A,A,A,2,A,M,,,E,CI,,,L2,B0,,,,,,AMERICAN AIR T,,,,,,B,A,,,B,,,A,,,A,KEY WEST INTL,00004,B,,,,,A,04800,,,,,,,,A,,05967A,,00677A,,31A,,BA,,PA,,YA,,GA,,GA,,A,64,A,14,68,A,K0,64,J,34,,,,,,,,,,,,,,,,,,,,,,N,0,0,0,1,0,1,0,0,0,0,0,0,0,0,0,0,0,0,,0,0,0,0,0,0,0,0,0,0,0,0,0,0,0,0,0,0,0,0,0,0,0,0,0,0,0,0,0,0,0,0,0,2,0,2,0,0,0,3,0,3,0,0,0,1,0,0,0,0,0,0,0,1,,,,,0,0,0,4,0,4,0,PRE1982.MDB,2026-04-14 02:19:16.142676
411,1966-02-19 00:00:00,2 0160,N8630M,1964-03-09 00:00:00,,KEY WEST FLA,BEECHCRAFT,95-55,N37R,1715,A,09,022,24,,,A,A,A,2,A,M,,,B,B2,,,L2,B0,,,,,,,,,,,,B,A,,,B,,,A,,,A,KEY WEST INTL,00004,B,,,,,A,04800,,,,,,,,A,,02500A,,00100A,,42A,,BA,,SA,,A,,CA,,DA,,A,64,A,14,68,A,K0,64,J,34,,,,,,,,,,,,,,,,,,,,,,N,0,0,0,1,0,1,0,0,0,0,0,0,0,0,0,0,0,0,,0,0,0,0,0,0,0,0,0,0,0,0,0,0,0,0,0,0,0,0,0,0,0,0,0,0,0,0,0,0,0,0,0,0,0,0,0,0,0,1,0,1,0,0,0,3,0,0,0,0,0,0,0,3,,,,,0,0,0,4,0,4,0,PRE1982.MDB,2026-04-14 02:19:16.142676
412,1965-09-03 00:00:00,2 0161,N9818T,1964-03-13 00:00:00,,AUBURN CALIF,CESSNA,172,,2200,A,05,039,14,20,14,A,A,A,1,A,D,,,D,B1,,,J,EF,NB,EF,,,,,,,,,,D,A,,,A,,,A,,,F,AUBURN,01523,C,Y,Z,,,,03100,,,,,,,,A,,00017A,,00017A,,39A,,CA,,AA,,YA,,AA,,A1,,A,64,C,46,64,C,02,88,1,AW,,,,,,,,,,,,,,,,,,,,,,C,0,1,0,0,0,1,0,0,0,0,0,0,0,0,0,0,0,0,,0,0,0,0,0,0,0,0,0,0,0,0,0,0,0,0,0,0,0,0,0,0,0,0,0,0,0,0,0,0,0,0,1,0,0,1,0,1,1,0,0,2,0,0,0,0,0,0,0,0,0,0,0,0,,,,,0,0,0,0,0,0,0,PRE1982.MDB,2026-04-14 02:19:16.142676
413,1966-02-19 00:00:00,2 0162,N71137,1964-03-15 00:00:00,,BRONX NY,LUSCOMBE,8A,,1600,A,32,089,03,20,06,A,B,A,1,A,D,,,D,B0,,,Q1,D0,,,,,,,,,,,,B,A,,,A,,,E,,,F,,00000,,,,,,,03000,,,,,,,,A,,00012A,,00012A,,34A,,CA,,ZA,,ZA,,AA,,A,,A,64,A,16,64,A,02,,,,,,,,,,,,,,,,,,,,,,,,,C,0,1,0,0,0,1,0,0,0,0,0,0,0,0,0,0,0,0,,0,0,0,0,0,0,0,0,0,0,0,0,0,0,0,0,0,0,0,0,0,0,0,0,0,0,0,0,0,0,0,0,0,0,0,0,0,1,0,0,0,1,0,0,0,0,0,0,0,0,0,0,0,0,,,,,0,0,0,0,0,0,0,PRE1982.MDB,2026-04-14 02:19:16.142676
414,1968-10-03 00:00:00,2 0163,N2109E,1964-03-15 00:00:00,,CHINO CALIF,AERONCA,7AC,N2761B,1400,A,05,003,12,20,06,A,A,A,1,A,S,,,D,B0,,,L2,EF,L2,EF,,,,,,,,,,B,A,,,A,,,A,,,F,CHINO,00625,A,J,,,,,06100,,,,,,,,A,,11034A,,00464A,,34A,,BA,,PA,,A,,GA,,GA,,A,64,C,22,,,,,,,,,,,,,,,,,,,,,,,,,,,,C,0,1,0,0,0,1,0,0,0,0,0,0,0,0,0,0,0,0,,0,0,0,0,0,0,0,0,0,0,0,0,0,0,0,0,0,0,0,0,0,0,0,0,0,0,0,0,0,0,0,1,0,0,0,1,0,2,0,0,0,2,0,0,0,4,0,0,0,0,0,0,0,4,,,,,0,2,0,4,0,6,0,PRE1982.MDB,2026-04-14 02:19:16.142676
415,1966-09-13 00:00:00,2 0163,N2761B,1964-03-15 00:00:00,,CHINO CALIF,AERO COMMAN,560A,N2109E,1400,A,05,002,01,12,16,A,A,A,2,A,S,,,D,B0,,,L2,A1,,,,,,,,,,,,B,A,,,A,,,A,,,F,CHINO,00625,A,J,,,,,06100,,,,,,,,A,B,00895A,B,00034A,B,31A,B,BA,B,PA,B,YA,B,FA,B,JA,B,A,68,A,K0,,,,,,,,,,,,,,,,,,,,,,,,,,,,C,0,0,0,1,0,1,0,0,0,1,0,1,0,0,0,0,0,0,,0,0,0,0,0,0,0,0,0,0,0,0,0,0,0,0,0,0,0,0,0,0,0,0,0,0,0,0,0,0,0,0,0,2,0,2,0,0,0,4,0,4,0,2,0,0,0,0,0,0,0,0,0,2,,,,,0,2,0,4,0,6,0,PRE1982.MDB,2026-04-14 02:19:16.142676
416,1966-02-19 00:00:00,2 0164,N5370E,1964-03-15 00:00:00,,SAN FERNANDO CAL,BEECHCRAFT,K35,,1300,A,05,022,20,20,27,A,A,A,1,A,D,Y,Z,F,B0,,,A,EF,N0,EF,,,,,,,,,,B,A,,,A,,,A,,,F,SAN FERNANDO,01168,A,J,,,,,03400,,,,,,,,A,,00119A,,00010A,,43A,,CA,,AA,,A,,BA,,A,,A,84,C,J,,,,,,,,,,,,,,,,,,,,,,,,,,,,C,0,1,0,0,0,1,0,0,0,0,0,0,0,0,0,0,0,0,,0,0,0,0,0,0,0,0,0,0,0,0,0,0,0,0,0,0,0,0,0,0,0,0,0,0,0,0,0,0,0,1,0,0,0,1,0,2,0,0,0,2,0,0,0,0,0,0,0,0,0,0,0,0,,,,,0,0,0,0,0,0,0,PRE1982.MDB,2026-04-14 02:19:16.142676
417,1967-04-25 00:00:00,2 0165,N2868B,1964-03-19 00:00:00,,MAKAWAO MAUI HAWA,BELL,47G2,,1400,A,11,024,02,12,15,B,E,A,1,A,S,Y,Z,F,CK,,,M1,D4,,,,,,,,,,,,B,A,,,A,,,N,,,,,,,,,,,,,,,,Z,A,,,A,,08000A,,02250A,,38A,,BA,,UA,,YA,,GA,,GA,,A,68,A,K3,83,J,F,,,,,,,,,,,,,,,,,,,,,,,,,M,0,0,1,0,0,1,0,0,0,0,0,0,0,0,0,0,0,0,,0,0,0,0,0,0,0,0,0,0,0,0,0,0,0,0,0,0,0,0,0,0,0,0,0,0,0,0,0,0,0,0,0,0,0,0,0,0,1,0,0,1,0,0,0,0,0,0,0,0,0,0,0,0,,,,,0,0,3,0,0,3,0,PRE1982.MDB,2026-04-14 02:19:16.142676
418,1966-05-07 00:00:00,2 0166,N58700,1964-03-19 00:00:00,,PULLMAN WASH,BOEING,PT17,,1600,A,47,027,15,39,07,A,A,A,1,A,S,,,C,CB,,,Q3,C1,H,EE,,,,,,,,,,B,A,,,A,,,F,,,E,Z,Z,C,J,,,,,01500,,,,,,,,A,,07000A,,04000A,,30A,,EA,,AA,,A,,CA,,GA,,A,64,C,35,64,C,29,,,,,,,,,,,,,,,,,,,,,,,,,C,0,1,0,0,0,1,0,0,0,0,0,0,0,0,0,0,0,0,,0,0,0,0,0,0,0,0,0,0,0,0,0,0,0,0,0,0,0,0,0,0,0,0,0,0,0,0,0,0,0,0,0,0,0,0,0,1,0,0,0,1,0,0,0,0,0,0,0,0,0,0,0,0,,,,,0,0,0,0,0,0,0,PRE1982.MDB,2026-04-14 02:19:16.142676
419,1965-06-23 00:00:00,2 0167,N86893,1964-03-19 00:00:00,,SANTA ANA CALIF,BELLANCA,14-13,,0800,A,05,025,09,04,11,A,A,A,1,A,D,Y,Z,D,A0,,,U,C1,Q1,EB,,,,,B,,,,,B,A,,,A,,,E,,,F,SANTA ANA,00054,A,,,,,,04800,,,,,,,,A,C,01200A,C,00012A,C,23A,C,BA,C,AA,C,A,C,FA,C,GA,C,A,64,C,32,64,C,30,88,A,96,64,C,27,,,,,,,,,,,,,,,,,,,C,0,1,0,0,0,1,0,0,0,0,0,0,0,1,0,0,0,1,,0,0,0,0,0,0,0,0,0,0,0,0,0,0,0,0,0,0,0,0,0,0,0,0,0,0,0,0,0,0,0,0,0,0,0,0,0,2,0,0,0,2,0,0,0,0,0,0,0,0,0,0,0,0,,,,,0,0,0,0,0,0,0,PRE1982.MDB,2026-04-14 02:19:16.142676
420,1966-02-19 00:00:00,2 0168,N2954,1964-03-20 00:00:00,,WEST PALM BC FLA,GRUMMAN,G73,,1900,A,09,071,11,39,16,A,C,B,2,A,S,,,B,B3,,,F,EF,,,,,,,,,,,,C,A,,,A,,,A,,,A,KEY WEST INT,00004,A,J,,,,,04800,,,,,,,,A,,18500A,,00800A,,47A,,BA,,SA,,YA,,CA,,GA,,A,75,A,BD,88,A,36,70,J,CB,,,,,,,,,,,,,,,,,,,,,,N,0,0,0,1,0,1,0,0,0,0,0,0,0,0,0,0,0,0,,0,0,0,0,0,0,0,0,0,0,0,0,0,0,0,0,0,0,0,0,0,0,0,0,0,0,0,0,0,0,0,0,0,3,0,3,0,0,0,4,0,4,0,0,0,0,0,0,0,0,0,0,0,0,,,,,0,0,0,0,0,0,0,PRE1982.MDB,2026-04-14 02:19:16.142676
421,1965-06-23 00:00:00,2 0169,N5994A,1964-03-22 00:00:00,,WRIGTWOOD CALIF,CESSNA,172,,1300,A,05,039,14,20,24,A,A,A,1,A,D,,,D,B0,,,M0,D9,,,,,,,,,,,,B,B,E,E,B,,Z,N,,,,,,,,,,,,,,,,04000,A,,,A,,00275A,,00016A,,58A,,FA,,AA,,A,,BA,,A,,A,64,A,04,82,A,A,82,A,D,84,A,J,,,,,,,,,,,,,,,,,,,C,0,1,0,0,0,1,0,0,0,0,0,0,0,0,0,0,0,0,,0,0,0,0,0,0,0,0,0,0,0,0,0,0,0,0,0,0,0,0,0,0,0,0,0,0,0,0,0,0,0,1,2,0,0,3,0,2,2,0,0,4,0,0,0,0,0,0,0,0,0,0,0,0,,,,,0,0,0,0,0,0,0,PRE1982.MDB,2026-04-14 02:19:16.142676
422,1965-06-23 00:00:00,2 0170,N97244,1964-03-23 00:00:00,N,PALMDALE CALIF,STINSON,108,,1800,A,05,162,02,04,11,A,A,A,1,A,D,,,D,B0,,,M1,D9,,,,,,,,,,,,C,B,N,Z,A,,X,N,,,,,,,,,,,,,,,,Z,A,,,A,,00405A,,00265A,,40A,,CA,,AA,,A,,CA,,A,,A,64,A,04,64,A,33,82,J,A,82,J,D,,,,,,,,,,,,,,,,,,,C,0,0,1,0,0,1,0,0,0,0,0,0,0,0,0,0,0,0,,0,0,0,0,0,0,0,0,0,0,0,0,0,0,0,0,0,0,0,0,0,0,0,0,0,0,0,0,0,0,0,1,0,0,0,1,0,1,1,0,0,2,0,0,0,0,0,0,0,0,0,0,0,0,,,,,0,0,0,0,0,0,0,PRE1982.MDB,2026-04-14 02:19:16.142676
423,1965-06-23 00:00:00,2 0171,N76660,1964-03-23 00:00:00,,WESTBORO MASS,CESSNA,140,,1500,A,21,039,10,20,11,A,A,A,1,A,D,,,D,B0,,,U,C1,Q,C1,Z,,,,B,,,,,B,A,,,A,,,E,,,F,WESTBORO,00310,C,,,,,,01700,,,,,,,,A,,00500A,,00020A,,46A,,CA,,AA,,YA,,AA,,A,,A,64,C,29,88,A,87,64,B,16,,,,,,,,,,,,,,,,,,,,,,F,1,0,0,0,0,1,0,0,0,0,0,0,0,0,0,0,0,0,,0,0,0,0,0,0,0,0,0,0,0,0,0,0,0,0,0,0,0,0,0,0,0,0,0,0,0,0,0,0,0,0,0,0,0,0,1,0,0,0,0,1,0,0,0,0,0,0,0,0,0,0,0,0,,,,,0,0,0,0,0,0,0,PRE1982.MDB,2026-04-14 02:19:16.142676
424,1972-05-15 00:00:00,2 0172,N7117D,1964-03-26 00:00:00,,CLE ELUM WASH,PIPER,PA-22,,2200,A,47,124,23,12,06,A,A,A,1,A,D,,,M,B0,,,U,D1,N1,EB,Z,,,,B,,,,,D,Z,,,B,,,N,,,,,,,,,,,,,,,,Z,H,,,A,,00115A,,00092A,,40A,,CA,,AA,,A,,BA,,A,,A,64,C,32,88,A,96,82,K,A,83,K,I,,,,,,,,,,,,,,,,,,,F,1,0,0,0,0,1,0,0,0,0,0,0,0,0,0,0,0,0,,0,0,0,0,0,0,0,0,0,0,0,0,0,0,0,0,0,0,0,0,0,0,0,0,0,0,0,0,0,0,0,0,3,0,0,3,1,0,3,0,0,4,0,0,0,0,0,0,0,0,0,0,0,0,,,,,0,0,0,0,0,0,0,PRE1982.MDB,2026-04-14 02:19:16.142676
425,1965-06-23 00:00:00,2 0173,N7488X,1964-03-29 00:00:00,N,WILMINGTON OHIO,CESSNA,172,,1600,A,35,039,14,20,24,A,A,A,1,A,D,,,F,B0,,,N1,D1,,,Z,,,,,,,,,C,B,E,A,A,,Z,N,,,,,,,,,,,,,,,,Z,,,,A,,00140A,,00010A,,35A,,CA,,AA,,A,,BA,,A,,A,64,A,04,64,A,33,82,J,D,82,J,L,,,,,,,,,,,,,,,,,,,C,0,1,0,0,0,1,0,0,0,0,0,0,0,0,0,0,0,0,,0,0,0,0,0,0,0,0,0,0,0,0,0,0,0,0,0,0,0,0,0,0,0,0,0,0,0,0,0,0,0,0,2,0,0,2,0,1,2,0,0,3,0,0,0,0,0,0,0,0,0,0,0,0,,,,,0,0,0,0,0,0,0,PRE1982.MDB,2026-04-14 02:19:16.142676
426,1965-06-23 00:00:00,2 0174,N3533P,1964-03-29 00:00:00,,BOWLING GREEN MO,PIPER,PA22,,1700,A,25,124,23,12,06,A,A,A,1,A,D,,,D,B0,,,Q3,C1,,,Z,,,,,,,,,B,A,,,B,,,E,,,F,BOWLING GREEN,882,C,,,,,,02200,,,,,,,,A,,01500A,,00100A,,44A,,BA,,AA,,A,,CA,,A,,A,64,A,29,,,,,,,,,,,,,,,,,,,,,,,,,,,,C,0,1,0,0,0,1,0,0,0,0,0,0,0,0,0,0,0,0,,0,0,0,0,0,0,0,0,0,0,0,0,0,0,0,0,0,0,0,0,0,0,0,0,0,0,0,0,0,0,0,3,0,0,0,3,0,4,0,0,0,4,0,0,0,0,0,0,0,0,0,0,0,0,,,,,0,0,0,0,0,0,0,PRE1982.MDB,2026-04-14 02:19:16.142676
427,1965-06-23 00:00:00,2 0175,N82082,1964-03-29 00:00:00,,SAN DIEGO CALIF,AERONCA,7AC,,1400,A,05,003,12,20,06,A,A,A,1,A,D,,,D,B0,,,Q3,C1,,,Z,,,,,,,,,B,A,,,A,,,A,,,F,MONTGOMERY,00423,A,,,,,,03400,,,,,,,,A,,00075A,,ZA,,46A,,CA,,AA,,A,,BA,,A,,A,64,A,23,64,A,29,,,,,,,,,,,,,,,,,,,,,,,,,C,0,1,0,0,0,1,0,0,0,0,0,0,0,0,0,0,0,0,,0,0,0,0,0,0,0,0,0,0,0,0,0,0,0,0,0,0,0,0,0,0,0,0,0,0,0,0,0,0,0,1,0,0,0,1,0,2,0,0,0,2,0,0,0,0,0,0,0,0,0,0,0,0,,,,,0,0,0,0,0,0,0,PRE1982.MDB,2026-04-14 02:19:16.142676
428,1965-06-23 00:00:00,2 0176,N8824C,1964-03-29 00:00:00,,UNION SC,PIPER,PA22,,1900,A,40,124,23,12,06,A,A,A,1,A,S,,,D,B0,,,U,C1,Q,EB,Z,,,,A,,,,,B,A,,,A,,,A,,,Z,Z,Z,Z,Z,,,,,Z,,,,,,,,A,,01600A,,ZA,,27A,,BA,,PA,,A,,CA,,A,,A,64,C,29,88,A,63,,,,,,,,,,,,,,,,,,,,,,,,,C,0,0,0,1,0,1,0,0,0,0,0,0,0,0,0,0,0,0,,0,0,0,0,0,0,0,0,0,0,0,0,0,0,0,0,0,0,0,0,0,0,0,0,0,0,0,0,0,0,0,1,3,0,0,4,0,1,3,1,0,5,0,0,0,0,0,0,0,0,0,0,0,0,,,,,0,0,0,0,0,0,0,PRE1982.MDB,2026-04-14 02:19:16.142676
429,1966-02-19 00:00:00,2 0177,N2371B,1964-04-05 00:00:00,,MT LAGUNA CALIF,SWIFT,GC1B,,Z,A,05,162,01,20,13,A,A,A,1,A,D,,,D,B0,,,M0,D1,,,,,,,,,,,,B,B,N,A,A,,X,N,,,,,,,,,,,,,,,,05700,A,,,A,,00065A,,00030A,,36A,,CA,,AA,,YA,,AA,,A,,A,64,A,04,64,A,29,82,J,A,82,J,M,,,,,,,,,,,,,,,,,,,F,1,0,0,0,0,1,0,0,0,0,0,0,0,0,0,0,0,0,,0,0,0,0,0,0,0,0,0,0,0,0,0,0,0,0,0,0,0,0,0,0,0,0,0,0,0,0,0,0,1,0,0,0,0,1,2,0,0,0,0,2,0,0,0,0,0,0,0,0,0,0,0,0,,,,,0,0,0,0,0,0,0,PRE1982.MDB,2026-04-14 02:19:16.142676
430,1965-06-23 00:00:00,2 0178,N8792F,1964-04-05 00:00:00,,PUYALLUP WASH,HUGHES,269A,,1300,A,47,077,01,12,09,B,E,A,1,A,S,,,D,B2,,,U,D1,G,EE,Z,,,,B,,,,,B,A,,,A,,,N,,,,,,,,,,,,,,,,Z,,,,A,,00207A,,00207A,,54A,,CA,,TA,,YA,,BA,,A,,A,64,C,32,88,A,96,64,J,08,,,,,,,,,,,,,,,,,,,,,,N,0,0,0,1,0,1,0,0,0,0,0,0,0,0,0,0,0,0,,0,0,0,0,0,0,0,0,0,0,0,0,0,0,0,0,0,0,0,0,0,0,0,0,0,0,0,0,0,0,0,0,0,0,0,0,0,0,0,1,0,1,0,0,0,0,0,0,0,0,0,0,0,0,,,,,0,0,0,0,0,0,0,PRE1982.MDB,2026-04-14 02:19:16.142676
431,1966-02-19 00:00:00,2 0179,N430C,1964-04-07 00:00:00,,ST JOHN UTAH,STINSON,108-2,,1800,A,44,162,02,04,11,A,A,A,1,A,D,,,D,B0,,,U,D1,Q3,EB,Z,,,,E,,,,,B,A,,,A,,,N,,,,,,,,,,,,,,,,Z,,,,A,,00076A,,00069A,,46A,,CA,,AA,,A,,BA,,A,,A,68,A,D1,68,A,D5,64,B,16,74,J,AF,88,J,AR,,,,,,,,,,,,,,,,F,1,0,0,0,0,1,0,0,0,0,0,0,0,0,0,0,0,0,,0,0,0,0,0,0,0,0,0,0,0,0,0,0,0,0,0,0,0,0,0,0,0,0,0,0,0,0,0,0,1,2,0,0,0,3,2,2,0,0,0,4,0,0,0,0,0,0,0,0,0,0,0,0,,,,,0,0,0,0,0,0,0,PRE1982.MDB,2026-04-14 02:19:16.142676
432,1965-07-07 00:00:00,2 0180,N6623C,1964-04-08 00:00:00,,MEDICINE BOW WYO,BEECHCRAFT,T34B,,1000,A,50,022,21,20,15,A,A,A,1,A,D,,,L,B0,,,U,C1,Q3,EB,06966,,,,B,,,,,B,A,,,A,,,E,,,F,MEDICINE BOW,6646,C,,,,,,03600,,,,,,,,A,,00143A,,00121A,,24A,,CA,,AA,,A,,BA,,A,,A,74,A,BC,88,A,95,64,B,16,,,,,,,,,,,,,,,,,,,,,,F,1,0,0,0,0,1,0,0,0,0,0,0,0,0,0,0,0,0,,0,0,0,0,0,0,0,0,0,0,0,0,0,0,0,0,0,0,0,0,0,0,0,0,0,0,0,0,0,0,0,0,0,0,0,0,1,0,0,0,0,1,0,0,0,0,0,0,0,0,0,0,0,0,,,,,0,0,0,0,0,0,0,PRE1982.MDB,2026-04-14 02:19:16.142676
433,1965-06-23 00:00:00,2 0181,N870B,1964-04-12 00:00:00,N,BECKWOURTH CALIF,MOONEY,M20,,Z,A,05,101,02,12,06,A,A,A,1,A,D,,,D,B2,,,N1,D1,,,,,,,,,,,,B,A,,,A,,,N,,,,,,,,,,,,,,,,07500,H,R,,A,,00824A,,00482A,,50A,,FA,,AA,,A,,BA,,A,,A,64,A,54,82,A,M,,,,,,,,,,,,,,,,,,,,,,,,,F,1,0,0,0,0,1,0,0,0,0,0,0,0,0,0,0,0,0,,0,0,0,0,0,0,0,0,0,0,0,0,0,0,0,0,0,0,0,0,0,0,0,0,0,0,0,0,0,0,2,0,0,0,0,2,3,0,0,0,0,3,0,0,0,0,0,0,0,0,0,0,0,0,,,,,0,0,0,0,0,0,0,PRE1982.MDB,2026-04-14 02:19:16.142676
434,1966-02-19 00:00:00,2 0182,N8923F,1964-04-28 00:00:00,,PHOENIX ARIZ,HUGHES,269A,,1000,A,03,077,01,12,09,B,E,A,1,A,S,,,F,B1,,,E,C3,I,C3,,,,,,,,,,B,A,,,A,,,N,,,,,,,,,,,,,,,,Z,,,,A,,00064A,,00064A,,38A,,BA,,TA,,YA,,AA,,A,,A,70,C,CI,88,C,95,68,C,D8,,,,,,,,,,,,,,,,,,,,,,N,0,0,0,1,0,1,0,0,0,0,0,0,0,0,0,0,0,0,,0,0,0,0,0,0,0,0,0,0,0,0,0,0,0,0,0,0,0,0,0,0,0,0,0,0,0,0,0,0,0,0,0,0,0,0,0,0,0,1,0,1,0,0,0,0,0,0,0,0,0,0,0,0,,,,,0,0,0,0,0,0,0,PRE1982.MDB,2026-04-14 02:19:16.142676
435,1966-09-13 00:00:00,2 0183,N9326F,1964-04-30 00:00:00,,WEST CONCORD MINN,HUGHES,269B,,0800,A,23,077,01,12,34,B,E,A,1,A,D,,,F,B2,,,M1,EH,,,,,,,E,,,,,B,A,,,A,,,N,,,,,,,,,,,,,,,,Z,,,,A,,00060A,,00060A,,42A,,CA,,TA,,YA,,AA,,A,,A,88,A,45,64,A,03,68,J,E5,,,,,,,,,,,,,,,,,,,,,,M,0,0,1,0,0,1,0,0,0,0,0,0,0,0,0,0,0,0,,0,0,0,0,0,0,0,0,0,0,0,0,0,0,0,0,0,0,0,0,0,0,0,0,0,0,0,0,0,0,0,0,0,0,0,0,0,0,1,0,0,1,0,0,0,0,0,0,0,0,0,0,0,0,,,,,0,0,0,0,0,0,0,PRE1982.MDB,2026-04-14 02:19:16.142676
436,1967-04-25 00:00:00,2 0184,N953B,1964-05-04 00:00:00,,TANNERSVILLE PA,BELL,47G,,1000,A,38,024,03,04,15,B,E,A,1,A,S,,,F,CB,,,U,C5,K,EH,Z,,,,D,,,,,B,A,,,A,,,C,,,F,Z,02130,F,,,,,,00120,,,,,,,,A,,02273A,,00255A,,39A,,BA,,TA,,YA,,CA,,GA,,A,68,C,D0,68,C,D4,64,C,01,88,J,46,,,,,,,,,,,,,,,,,,,N,0,0,0,1,0,1,0,0,0,0,0,0,0,0,0,0,0,0,,0,0,0,0,0,0,0,0,0,0,0,0,0,0,0,0,0,0,0,0,0,0,0,0,0,0,0,0,0,0,0,0,0,0,0,0,0,0,0,1,0,1,0,0,0,0,0,0,0,0,0,0,0,0,,,,,0,0,0,0,0,0,0,PRE1982.MDB,2026-04-14 02:19:16.142676
437,1967-04-25 00:00:00,2 0185,N73207,1964-05-08 00:00:00,N,WEST MILFORD NJ,BELL,47G2A,,1700,A,30,024,03,12,15,B,B,A,1,A,S,,,E,CD,,,N7,EH,,,,,,,,,,,,B,A,,,A,,,N,,,,,,,,,,,,,,,,Z,K,,,A,,01865A,,01100A,,27A,,BA,,TA,,YA,,CA,,GA,,A,83,A,E,88,J,88,,,,,,,,,,,,,,,,,,,,,,,,,N,0,0,0,1,0,1,0,0,0,0,0,0,0,0,0,0,0,0,,0,0,0,0,0,0,0,0,0,0,0,0,0,0,0,0,0,0,0,0,0,0,0,0,0,0,0,0,0,0,0,0,0,0,0,0,0,0,0,1,0,1,0,0,0,0,0,0,0,0,0,0,0,0,,,,,0,0,0,0,0,0,0,PRE1982.MDB,2026-04-14 02:19:16.142676
438,1972-05-15 00:00:00,2 0186,N9890R,1964-05-12 00:00:00,,COLUMBUS NEB,BEECH,B95,,1200,A,27,022,24,12,09,A,A,A,2,A,S,,,F,B2,,,U,EB,Q3,EB,Z,,,,B,,,,,B,A,,,A,,,G,,,F,COLUMBUS,01442,A,,,,,,04000,,,,,,,,A,,06886A,,00015A,,35A,,BA,,PA,,YA,,CA,,GA,,A,64,A,32,88,A,96,64,B,16,64,3,07,,,,,,,,,,,,,,,,,,,F,0,1,0,0,0,1,0,0,0,0,0,0,0,0,0,0,0,0,,0,0,0,0,0,0,0,0,0,0,0,0,0,0,0,0,0,0,0,0,0,0,0,0,0,0,0,0,0,0,2,2,0,0,0,4,2,3,0,0,0,5,0,0,0,0,0,0,0,0,0,0,0,0,,,,,0,0,0,0,0,0,0,PRE1982.MDB,2026-04-14 02:19:16.142676
439,1966-06-08 00:00:00,2 0187,N9066B,1964-05-16 00:00:00,,HARRINGTON DEL,AERONCA,7FC,,1900,A,08,003,12,20,12,A,A,A,1,A,D,Y,Z,D,B0,,,N1,D8,,,,,,,,,,,,B,A,,,A,,,N,,,,,,,,,,,,,,,,Z,H,,,A,,Z9,,ZA,,28A,,JA,,ZA,,A,,IA,,A,,A,64,A,54,88,A,14,,,,,,,,,,,,,,,,,,,,,,,,,F,1,0,0,0,0,1,0,0,0,0,0,0,0,0,0,0,0,0,,0,0,0,0,0,0,0,0,0,0,0,0,0,0,0,0,0,0,0,0,0,0,0,0,0,0,0,0,0,0,0,0,0,0,0,0,1,0,0,0,0,1,0,0,0,0,0,0,0,0,0,0,0,0,,,,,0,0,0,0,0,0,0,PRE1982.MDB,2026-04-14 02:19:16.142676
440,1965-06-23 00:00:00,2 0188,N2161U,1964-05-17 00:00:00,,PORT JEFFERSON NY,BRANTLY,B2B,,1100,A,32,028,01,12,34,B,E,A,1,A,S,,,K,B0,,,N0,EB,,,,,,,,,,,,B,A,,,A,,,N,,,,,,,,,,,,,,,,Z,Y,,,A,,05000A,,00065A,,48A,,EA,,TA,,YA,,CA,,GA,,A,64,A,15,64,1,29,,,,,,,,,,,,,,,,,,,,,,,,,N,0,0,0,1,0,1,0,0,0,0,0,0,0,0,0,0,0,0,,0,0,0,0,0,0,0,0,0,0,0,0,0,0,0,0,0,0,0,0,0,0,0,0,0,0,0,0,0,0,0,0,0,0,0,0,0,0,0,1,0,1,0,0,0,0,0,0,0,0,0,0,0,0,,,,,0,0,0,0,0,0,0,PRE1982.MDB,2026-04-14 02:19:16.142676
441,1967-04-25 00:00:00,2 0189,N5968X,1964-05-17 00:00:00,,MANVILLE NJ,BRANTLY,B2,,1500,A,30,028,01,12,10,B,E,A,1,A,S,,,F,A0,,,I,D4,,,,,,,,,,,,B,A,,,A,,,A,,,F,KUPPER,00090,A,,,,,,3200,,,,,,,,A,C,02600A,ZC,00001A,ZC,30A,ZC,BA,ZC,TA,ZC,YA,ZC,FA,ZC,GA,C,C,66,A,23,64,A,30,,,,,,,,,,,,,,,,,,,,,,,,,N,0,0,0,1,0,1,0,0,0,0,0,0,0,0,0,1,0,1,,0,0,0,0,0,0,0,0,0,0,0,0,0,0,0,0,0,0,0,0,0,0,0,0,0,0,0,0,0,0,0,0,0,0,0,0,0,0,0,2,0,2,0,0,0,0,0,0,0,0,0,0,0,0,,,,,0,0,0,0,0,0,0,PRE1982.MDB,2026-04-14 02:19:16.142676
442,1966-02-19 00:00:00,2 0190,N2170U,1964-05-18 00:00:00,,TULSA OKLA,BRANTLY,B2B,,1400,A,36,028,01,12,34,B,E,A,1,A,D,,,F,B2,,,Q1,EJ,,,,,,,,,,,,B,A,,,A,,,N,,,,,,,,,,,,,,,,01000,A,,,A,,06000A,,00015A,,25A,,BA,,TA,,YA,,FA,,GA,,A,82,A,H,64,A,33,83,A,I,82,J,W,,,,,,,,,,,,,,,,,,,M,0,0,1,0,0,1,0,0,0,0,0,0,0,0,0,0,0,0,,0,0,0,0,0,0,0,0,0,0,0,0,0,0,0,0,0,0,0,0,0,0,0,0,0,0,0,0,0,0,0,0,0,0,0,0,0,0,1,0,0,1,0,0,0,0,0,0,0,0,0,0,0,0,,,,,0,0,0,0,0,0,0,PRE1982.MDB,2026-04-14 02:19:16.142676
443,1965-06-23 00:00:00,2 0191,N9353F,1964-05-22 00:00:00,,BISHOP CALIF,HUGHES,300,,1200,A,05,077,01,12,34,B,E,A,1,A,D,,,D,B0,,,Q1,D9,,,,,,,,,,,,B,A,,,A,,,N,,,,,,,,,,,,,,,,07000,A,,,A,,00775A,,00050A,,42A,,BA,,TA,,YA,,FA,,GA,,A,82,A,M,82,A,W,64,A,03,64,J,29,,,,,,,,,,,,,,,,,,,F,0,1,0,0,0,1,0,0,0,0,0,0,0,0,0,0,0,0,,0,0,0,0,0,0,0,0,0,0,0,0,0,0,0,0,0,0,0,0,0,0,0,0,0,0,0,0,0,0,1,0,0,0,0,1,1,1,0,0,0,2,0,0,0,0,0,0,0,0,0,0,0,0,,,,,0,0,0,0,0,0,0,PRE1982.MDB,2026-04-14 02:19:16.142676
444,1965-06-23 00:00:00,2 0192,N1173D,1964-05-23 00:00:00,,STUTTGART ARK,CESSNA,305A,,1000,A,04,039,20,20,26,A,A,A,1,A,D,Y,Z,C,CA,,,Q3,DH,,,,,,,,,,,,B,A,,,A,,,N,,,,,,,,,,,,,,,,Z,Y,,,A,,00700A,,00250A,,20A,,BA,,AA,,A,,CA,,GA,,A,64,A,16,,,,,,,,,,,,,,,,,,,,,,,,,,,,F,1,0,0,0,0,1,0,0,0,0,0,0,0,0,0,0,0,0,,0,0,0,0,0,0,0,0,0,0,0,0,0,0,0,0,0,0,0,0,0,0,0,0,0,0,0,0,0,0,0,0,0,0,0,0,1,0,0,0,0,1,0,0,0,0,0,0,0,0,0,0,0,0,,,,,0,0,0,0,0,0,0,PRE1982.MDB,2026-04-14 02:19:16.142676
445,1965-06-23 00:00:00,2 0193,N8756B,1964-05-23 00:00:00,,SMITHFIELD RI,BENSEN,,,1500,A,39,200,,99,,B,E,A,1,A,S,,,D,DC,,,Q3,EB,,,Z,,,,,,,,,B,A,,,A,,,A,,,F,NO CENTRAL STATE,00429,A,,,,,,05000,,,,,,,,A,,02100A,,ZA,,47A,,BA,,TA,,YA,,CA,,GA,,A,64,A,16,82,J,H,,,,,,,,,,,,,,,,,,,,,,,,,M,0,0,1,0,0,1,0,0,0,0,0,0,0,0,0,0,0,0,,0,0,0,0,0,0,0,0,0,0,0,0,0,0,0,0,0,0,0,0,0,0,0,0,0,0,0,0,0,0,0,0,0,0,0,0,0,0,1,0,0,1,0,0,0,0,0,0,0,0,0,0,0,0,,,,,0,0,0,0,0,0,0,PRE1982.MDB,2026-04-14 02:19:16.142676
446,1967-04-25 00:00:00,2 0194,N8929F,1964-05-25 00:00:00,,MEXICO MO,HUGHES,269A,,1200,A,25,077,01,12,09,B,E,A,1,A,D,,,F,CA,,,Q3,DH,,,,,,,,,,,,B,A,,,A,,,N,,,,,,,,,,,,,,,,00750,D,,,A,,07560A,,00093A,,32A,,BA,,TA,,YA,,GA,,GA,,A,64,A,16,,,,,,,,,,,,,,,,,,,,,,,,,,,,M,0,0,1,0,0,1,0,0,0,0,0,0,0,0,0,0,0,0,,0,0,0,0,0,0,0,0,0,0,0,0,0,0,0,0,0,0,0,0,0,0,0,0,0,0,0,0,0,0,0,0,0,0,0,0,0,0,1,0,0,1,0,0,0,0,0,0,0,0,0,0,0,0,,,,,0,0,0,0,0,0,0,PRE1982.MDB,2026-04-14 02:19:16.142676
447,1965-06-26 00:00:00,2 0195,N8750F,1964-05-26 00:00:00,,STOCKTON CALIF,HUGHES,269A,,1400,A,05,077,01,12,09,B,E,A,1,A,S,,,D,DC,,,6,EI,S1,A3,,,,,,,,,,B,A,,,A,,,A,,,A,STOCKTON METRO,00027,A,,,,,,08600,,,,,,,,A,,00502A,,00202A,,25A,,BA,,TA,,YA,,FA,,CA,,A,64,C,29,68,C,D0,68,C,D4,,,,,,,,,,,,,,,,,,,,,,M,0,0,1,0,0,1,0,0,0,0,0,0,0,0,0,0,0,0,,0,0,0,0,0,0,0,0,0,0,0,0,0,0,0,0,0,0,0,0,0,0,0,0,0,0,0,0,0,0,0,0,1,0,0,1,0,0,2,0,0,2,0,0,0,0,0,0,0,0,0,0,0,0,,,,,0,0,0,0,0,0,0,PRE1982.MDB,2026-04-14 02:19:16.142676
448,1965-06-23 00:00:00,2 0196,N2338M,1964-05-27 00:00:00,,HUMPHREY ARK,PIPER,PA12,,1100,A,04,124,15,12,05,A,A,A,1,A,D,Y,Z,D,CA,,,Q3,DH,,,Z,,,,,,,,,B,A,,,A,,,N,,,,,,,,,,,,,,,,,,,,A,,00476A,,ZA,,29A,,EA,,AA,,A,,CA,,GA,,A,64,A,16,,,,,,,,,,,,,,,,,,,,,,,,,,,,F,1,0,0,0,0,1,0,0,0,0,0,0,0,0,0,0,0,0,,0,0,0,0,0,0,0,0,0,0,0,0,0,0,0,0,0,0,0,0,0,0,0,0,0,0,0,0,0,0,0,0,0,0,0,0,1,0,0,0,0,1,0,0,0,0,0,0,0,0,0,0,0,0,,,,,0,0,0,0,0,0,0,PRE1982.MDB,2026-04-14 02:19:16.142676
449,1965-06-23 00:00:00,2 0197,N86783,1964-05-29 00:00:00,,MANSFIELD LA,BELLANCA,14-13,,1900,A,18,025,09,04,11,A,A,A,1,A,D,,,D,DD,,,N1,EB,,,,,,,,,,,,B,A,,,A,,,E,,,F,MANSFIELD,00322,A,,,,,,05100,,,,,,,,A,,ZA,,ZA,,29A,,BA,,ZA,,ZA,,AA,,A,,A,64,A,53,88,A,67,,,,,,,,,,,,,,,,,,,,,,,,,F,1,0,0,0,0,1,0,0,0,0,0,0,0,0,0,0,0,0,,0,0,0,0,0,0,0,0,0,0,0,0,0,0,0,0,0,0,0,0,0,0,0,0,0,0,0,0,0,0,0,0,0,0,0,0,1,0,0,0,0,1,0,0,0,0,0,0,0,0,0,0,0,0,,,,,0,0,0,0,0,0,0,PRE1982.MDB,2026-04-14 02:19:16.142676
450,1965-06-23 00:00:00,2 0198,N73208,1964-05-30 00:00:00,,SODUS MICH,BELL,47G3B,,0700,A,22,024,03,12,15,B,E,A,1,A,S,,,C,CA,,,N0,DG,,,,,,,,,,,,B,A,,,A,,,N,,,,,,,,,,,,,,,,00750,D,,,A,,02485A,,00301A,,29A,,BA,,TA,,YA,,CA,,GA,,A,64,A,54,,,,,,,,,,,,,,,,,,,,,,,,,,,,M,0,0,1,0,0,1,0,0,0,0,0,0,0,0,0,0,0,0,,0,0,0,0,0,0,0,0,0,0,0,0,0,0,0,0,0,0,0,0,0,0,0,0,0,0,0,0,0,0,0,0,0,0,0,0,0,0,1,0,0,1,0,0,0,0,0,0,0,0,0,0,0,0,,,,,0,0,0,0,0,0,0,PRE1982.MDB,2026-04-14 02:19:16.142676
451,1965-06-23 00:00:00,2 0199,N5953X,1964-05-30 00:00:00,,UPLAND CALIF,BRANTLY,B2,,1700,A,05,028,01,12,10,B,E,A,1,A,S,,,F,B1,,,6,B8,G,EI,,,,,D,,,,,B,A,,,A,,,A,,,F,UPLAND,01450,A,,,,,,03500,,,,,,,,A,,04500A,,00101A,,30A,,BA,,TA,,YA,,FA,,GA,,A,78,C,C2,88,C,80,84,C,J,,,,,,,,,,,,,,,,,,,,,,N,0,0,0,1,0,1,0,0,0,0,0,0,0,0,0,0,0,0,,0,0,0,0,0,0,0,0,0,0,0,0,0,0,0,0,0,0,0,0,0,0,0,0,0,0,0,0,0,0,0,0,0,1,0,1,0,0,0,2,0,2,0,0,0,0,0,0,0,0,0,0,0,0,,,,,0,0,0,0,0,0,0,PRE1982.MDB,2026-04-14 02:19:16.142676
452,1965-06-23 00:00:00,2 0200,N5420P,1964-06-04 00:00:00,,MASON TEX,PIPER,PA24,,2100,A,43,124,25,12,20,A,A,A,1,A,D,Y,Z,F,CI,,,M1,D9,,,,,,,,,,,,D,B,Z,A,A,,Z,N,,,,,,,,,,,,,,,,Z,,,,A,,07350A,,ZA,,43A,,EA,,RA,,A,,CA,,GA,,A,64,A,04,64,A,33,82,J,B,82,J,L,,,,,,,,,,,,,,,,,,,F,1,0,0,0,0,1,0,0,0,0,0,0,0,0,0,0,0,0,,0,0,0,0,0,0,0,0,0,0,0,0,0,0,0,0,0,0,0,0,0,0,0,0,0,0,0,0,0,0,2,0,0,0,0,2,3,0,0,0,0,3,0,0,0,0,0,0,0,0,0,0,0,0,,,,,0,0,0,0,0,0,0,PRE1982.MDB,2026-04-14 02:19:16.142676
453,1967-04-25 00:00:00,2 0201,N2151,1964-06-05 00:00:00,,FORT WORTH TEX,BELL,47G2,,1500,A,43,024,02,12,15,B,E,A,1,A,D,Y,Z,D,A0,,,G,EI,I,EI,,,,,,,,,,B,A,,,A,,,A,,,Z,,,C,Z,,,,,,,,,,,,,A,C,01315A,C,00352A,C,41A,C,BA,C,TA,C,YA,C,FA,C,GA,C,A,64,C,25,88,L,85,,,,,,,,,,,,,,,,,,,,,,,,,N,0,0,0,1,0,1,0,0,0,0,0,0,0,0,0,1,0,1,,0,0,0,0,0,0,0,0,0,0,0,0,0,0,0,0,0,0,0,0,0,0,0,0,0,0,0,0,0,0,0,0,0,0,0,0,0,0,0,2,0,2,0,0,0,0,0,0,0,0,0,0,0,0,,,,,0,0,0,0,0,0,0,PRE1982.MDB,2026-04-14 02:19:16.142676
454,1965-06-23 00:00:00,2 0202,N8096D,1964-06-06 00:00:00,,POCAHONTAS ARK,PIPER,PA18,,1600,A,04,124,20,12,06,A,A,A,1,A,D,,,C,CA,,,Q3,DG,,,,,,,,,,,,B,A,,,A,,,N,,,,,,,,,,,,,,,,00250,D,,,A,,02500A,,ZA,,34A,,BA,,AA,,A,,CA,,GA,,A,64,A,16,,,,,,,,,,,,,,,,,,,,,,,,,,,,F,1,0,0,0,0,1,0,0,0,0,0,0,0,0,0,0,0,0,,0,0,0,0,0,0,0,0,0,0,0,0,0,0,0,0,0,0,0,0,0,0,0,0,0,0,0,0,0,0,0,0,0,0,0,0,1,0,0,0,0,1,0,0,0,0,0,0,0,0,0,0,0,0,,,,,0,0,0,0,0,0,0,PRE1982.MDB,2026-04-14 02:19:16.142676
455,1965-06-23 00:00:00,2 0203,N83537,1964-06-09 00:00:00,N,ELGIN ND,AERONCA,7BCM,,2000,A,34,003,12,12,05,A,A,A,1,A,D,,,C,CA,,,Q3,DH,,,,,,,,,,,,B,A,,,A,,,N,,,,,,,,,,,,,,,,01800,D,,,A,,02547A,,ZA,,29A,,EA,,MA,,A,,CA,,GA,,A,64,A,16,,,,,,,,,,,,,,,,,,,,,,,,,,,,F,1,0,0,0,0,1,0,0,0,0,0,0,0,0,0,0,0,0,,0,0,0,0,0,0,0,0,0,0,0,0,0,0,0,0,0,0,0,0,0,0,0,0,0,0,0,0,0,0,0,0,0,0,0,0,1,0,0,0,0,1,0,0,0,0,0,0,0,0,0,0,0,0,,,,,0,0,0,0,0,0,0,PRE1982.MDB,2026-04-14 02:19:16.142676
456,1966-02-19 00:00:00,2 0204,N371Y,1964-06-10 00:00:00,,MANVILLE NJ,BENSON,B8M,,1200,A,30,200,,99,,B,E,A,1,A,S,,,D,DA,,,A,B6,I,B6,,,,,,,,,,B,A,,,A,,,A,,,F,KUPPER,00060,A,,,,,,03800,,,,,,,,A,,00000A,,00000A,,27A,,JA,,A,,XA,,IA,,A,,A,64,C,02,64,3,28,,,,,,,,,,,,,,,,,,,,,,,,,N,0,0,0,1,0,1,0,0,0,0,0,0,0,0,0,0,0,0,,0,0,0,0,0,0,0,0,0,0,0,0,0,0,0,0,0,0,0,0,0,0,0,0,0,0,0,0,0,0,0,0,0,0,0,0,0,0,0,1,0,1,0,0,0,0,0,0,0,0,0,0,0,0,,,,,0,0,0,0,0,0,0,PRE1982.MDB,2026-04-14 02:19:16.142676
457,1965-06-23 00:00:00,2 0205,N9490A,1964-06-11 00:00:00,,FORT WORTH TEX,CESSNA,140A,,0300,A,43,039,11,20,11,A,A,A,1,A,D,,,F,DZ,,,Q1,D8,,,,,,,,,,,,D,A,,,A,,,N,,,,,,,,,,,,,,,,Z,,,,A,,00039A,,00006A,,41A,,CA,,AA,,XA,,AA,,A,,A,64,A,16,88,A,14,88,A,67,64,J,02,88,J,26,,,,,,,,,,,,,,,,F,1,0,0,0,0,1,0,0,0,0,0,0,0,0,0,0,0,0,,0,0,0,0,0,0,0,0,0,0,0,0,0,0,0,0,0,0,0,0,0,0,0,0,0,0,0,0,0,0,0,0,0,0,0,0,1,0,0,0,0,1,0,0,0,0,0,0,0,0,0,0,0,0,,,,,0,0,0,0,0,0,0,PRE1982.MDB,2026-04-14 02:19:16.142676
458,1965-06-23 00:00:00,2 0206,N33470,1964-06-12 00:00:00,,DEQUINCY LA,PIPER,J3C,,1300,A,18,124,05,20,06,A,A,A,1,A,D,Y,Z,D,B0,,,N1,DB,,,,,,,,,,,,B,A,,,A,,,N,,,,,,,,,,,,,,,,Z,H,,,A,,ZA,,ZA,,41A,,IA,,AA,,ZA,,AA,,A,,A,64,A,15,64,A,08,,,,,,,,,,,,,,,,,,,,,,,,,F,1,0,0,0,0,1,0,0,0,0,0,0,0,0,0,0,0,0,,0,0,0,0,0,0,0,0,0,0,0,0,0,0,0,0,0,0,0,0,0,0,0,0,0,0,0,0,0,0,0,0,0,0,0,0,1,0,0,0,0,1,0,0,0,0,0,0,0,0,0,0,0,0,,,,,0,0,0,0,0,0,0,PRE1982.MDB,2026-04-14 02:19:16.142676
459,1966-02-19 00:00:00,2 0207,N282T,1964-06-13 00:00:00,,BISHOP CALIF,PIPER,PA18,,1100,A,05,124,20,12,05,A,A,A,1,A,D,,,D,DE,,,Q1,DB,,,,,,,,,,,,B,A,,,A,,,N,,,,,,,,,,,,,,,,09000,A,,,A,,00297A,,00093A,,51A,,FA,,AA,,A,,BA,,A,,A,64,A,16,82,J,W,88,J,76,,,,,,,,,,,,,,,,,,,,,,F,1,0,0,0,0,1,0,0,0,0,0,0,0,0,0,0,0,0,,0,0,0,0,0,0,0,0,0,0,0,0,0,0,0,0,0,0,0,0,0,0,0,0,1,0,0,0,0,1,0,0,0,0,0,0,2,0,0,0,0,2,0,0,0,0,0,0,0,0,0,0,0,0,,,,,0,0,0,0,0,0,0,PRE1982.MDB,2026-04-14 02:19:16.142676
460,1965-06-23 00:00:00,2 0208,N3791A,1964-06-13 00:00:00,,CADDO MILLS TEX,PIPER,PA18A,,1100,A,43,124,21,12,05,A,A,A,1,A,D,,,C,CA,,,Q1,DH,,,,,,,,,,,,B,A,,,A,,,N,,,,,,,,,,,,,,,,00250,D,,,A,,00659A,,ZA,,23A,,BA,,EA,,A,,CA,,GA,,A,64,A,16,,,,,,,,,,,,,,,,,,,,,,,,,,,,F,1,0,0,0,0,1,0,0,0,0,0,0,0,0,0,0,0,0,,0,0,0,0,0,0,0,0,0,0,0,0,0,0,0,0,0,0,0,0,0,0,0,0,0,0,0,0,0,0,0,0,0,0,0,0,1,0,0,0,0,1,0,0,0,0,0,0,0,0,0,0,0,0,,,,,0,0,0,0,0,0,0,PRE1982.MDB,2026-04-14 02:19:16.142676
461,1965-06-23 00:00:00,2 0209,N2678P,1964-06-14 00:00:00,,RYDER ND,PIPER,PA18,,2000,A,34,124,20,20,12,A,A,A,1,A,D,,,C,CB,,,M1,D7,,,,,,,,,,,,B,A,,,A,,,G,,,F,RYDER,02109,C,,,,,,02000,,,,,,,,A,,04500A,,02000A,,33A,,BA,,MA,,A,,CA,,GA,,A,64,A,23,88,A,14,88,A,67,,,,,,,,,,,,,,,,,,,,,,F,1,0,0,0,0,1,0,0,0,0,0,0,0,0,0,0,0,0,,0,0,0,0,0,0,0,0,0,0,0,0,0,0,0,0,0,0,0,0,0,0,0,0,0,0,0,0,0,0,0,0,0,0,0,0,1,0,0,0,0,1,0,0,0,0,0,0,0,0,0,0,0,0,,,,,0,0,0,0,0,0,0,PRE1982.MDB,2026-04-14 02:19:16.142676
462,1965-06-23 00:00:00,2 0211,N3075G,1964-06-17 00:00:00,,BRIDGETON PA,BELL,47G2A1,,1400,A,38,024,03,12,15,B,E,A,1,A,S,,,F,CG,,,N1,D4,,,,,,,B,A,,,,B,A,,,A,,,N,,,,,,,,,,,,,,,,,,,,A,,05859A,,00111A,,42A,,BA,,TA,,YA,,CA,,DA,,A,64,A,47,83,J,I,,,,,,,,,,,,,,,,,,,,,,,,,N,0,0,0,1,0,1,0,0,0,0,0,0,0,0,0,0,0,0,,0,0,0,0,0,0,0,0,0,0,0,0,0,0,0,0,0,0,0,0,0,0,0,0,0,0,0,0,0,0,0,0,0,0,0,0,0,0,0,1,0,1,0,0,0,0,0,0,0,0,0,0,0,0,,,,,0,0,0,0,0,0,0,PRE1982.MDB,2026-04-14 02:19:16.142676
463,1965-06-23 00:00:00,2 0212,N9324F,1964-06-20 00:00:00,,COON RAPIDS MINN,HUGHES,269B,,1800,A,23,077,01,12,09,B,E,A,1,A,D,,,F,CY,,,N0,D1,,,,,,,,,,,,B,A,,,A,,,N,,,,,,,,,,,,,,,,00750,K,,,A,,05310A,,00122A,,44A,,BA,,TA,,YA,,CA,,GA,,A,64,A,15,64,1,33,,,,,,,,,,,,,,,,,,,,,,,,,F,1,0,0,0,0,1,0,0,0,0,0,0,0,0,0,0,0,0,,0,0,0,0,0,0,0,0,0,0,0,0,0,0,0,0,0,0,0,0,0,0,0,0,0,0,0,0,0,0,2,0,0,0,0,2,3,0,0,0,0,3,0,0,0,0,0,0,0,0,0,0,0,0,,,,,0,0,0,0,0,0,0,PRE1982.MDB,2026-04-14 02:19:16.142676
464,1966-02-19 00:00:00,2 0213,N96593,1964-06-20 00:00:00,,CLUTE TEX,TAYLORCRAFT,BC12D,,0900,A,43,157,05,20,06,A,A,A,1,A,D,,,D,DD,,,U,EA,Q1,EB,Z,,,,B,,,,,B,A,,,A,,,E,,,F,LAKE JACKSON,00012,A,,,,,,05000,,,,,,,,A,,00035A,,00025A,,39A,,CA,,AA,,YA,,AA,,A,,A,64,C,32,88,A,63,64,B,16,,,,,,,,,,,,,,,,,,,,,,F,1,0,0,0,0,1,0,0,0,0,0,0,0,0,0,0,0,0,,0,0,0,0,0,0,0,0,0,0,0,0,0,0,0,0,0,0,0,0,0,0,0,0,0,0,0,0,0,0,0,0,0,0,0,0,1,0,0,0,0,1,0,0,0,0,0,0,0,0,0,0,0,0,,,,,0,0,0,0,0,0,0,PRE1982.MDB,2026-04-14 02:19:16.142676
465,1965-06-23 00:00:00,2 0214,N477RK,1964-06-21 00:00:00,,COMPTON CALIF,BELL,47G2A,,1500,A,05,024,03,04,15,B,E,A,1,A,S,,,F,A0,,,I,D4,,,,,,,,,,,,B,A,,,A,,,A,,,F,COMPTON,00097,C,,,,,,03400,,,,,,,,A,C,04400A,ZC,00800A,ZC,44A,ZC,BA,ZC,TA,ZC,YA,XC,FA,C,GA,C,A,64,A,18,64,J,23,,,,,,,,,,,,,,,,,,,,,,,,,N,0,0,0,1,0,1,0,0,0,0,0,0,0,0,0,1,0,1,,0,0,0,0,0,0,0,0,0,0,0,0,0,0,0,0,0,0,0,0,0,0,0,0,0,0,0,0,0,0,0,0,0,0,0,0,0,0,0,2,0,2,0,0,0,0,0,0,0,0,0,0,0,0,,,,,0,0,0,0,0,0,0,PRE1982.MDB,2026-04-14 02:19:16.142676
466,1966-02-19 00:00:00,2 0215,N8793F,1964-06-23 00:00:00,,BAKERSFIELD CALIF,HUGHES,269A,,1700,A,05,077,01,12,09,B,E,A,1,A,S,,,F,DY,,,U,D1,G,EI,Z,,,,B,,,,,B,A,,,A,,,N,,,,,,,,,,,,,,,,Z,,,,A,,04095A,,00223A,,43A,,CA,,TA,,YA,,BA,,,,A,88,A,63,88,C,62,64,B,25,74,C,HB,,,,,,,,,,,,,,,,,,,N,0,0,0,1,0,1,0,0,0,0,0,0,0,0,0,0,0,0,,0,0,0,0,0,0,0,0,0,0,0,0,0,0,0,0,0,0,0,0,0,0,0,0,0,0,0,0,0,0,0,0,0,0,0,0,0,0,0,1,0,1,0,0,0,0,0,0,0,0,0,0,0,0,,,,,0,0,0,0,0,0,0,PRE1982.MDB,2026-04-14 02:19:16.142676
467,1965-06-23 00:00:00,2 0216,N4734S,1964-06-23 00:00:00,,VIVIAN LA,BELL,47G,,1700,A,18,024,02,04,13,B,E,A,1,A,S,Y,Z,F,DB,,,6,D4,G,EH,,,,,D,,,,,B,A,,,A,,,A,,,F,VIVIAN,00260,C,,,,,,02400,,,,,,,,A,,00800A,,00400A,,34A,,BA,,TA,,YA,,CA,,GA,,A,78,C,BG,88,C,CB,88,C,49,68,A,D0,68,A,D4,,,,,,,,,,,,,,,,N,0,0,0,1,0,1,0,0,0,0,0,0,0,0,0,0,0,0,,0,0,0,0,0,0,0,0,0,0,0,0,0,0,0,0,0,0,0,0,0,0,0,0,0,0,0,0,0,0,0,0,0,0,0,0,0,0,0,1,0,1,0,0,0,0,0,0,0,0,0,0,0,0,,,,,0,0,0,0,0,0,0,PRE1982.MDB,2026-04-14 02:19:16.142676
468,1965-06-23 00:00:00,2 0217,N4870A,1964-06-25 00:00:00,,JAMESTOWN ND,PIPER,PA18A,,1100,A,34,124,21,12,06,A,A,A,1,A,D,Y,Z,C,CA,,,M0,DH,,,,,,,,,,,,B,A,,,A,,,N,,,,,,,,,,,,,,,,01700,C,,,A,0,067544,,00800A,,47A,,BA,,PA,,A,,CA,,BA,,A,64,A,54,,,,,,,,,,,,,,,,,,,,,,,,,,,,F,1,0,0,0,0,1,0,0,0,0,0,0,0,0,0,0,0,0,,0,0,0,0,0,0,0,0,0,0,0,0,0,0,0,0,0,0,0,0,0,0,0,0,0,0,0,0,0,0,0,0,0,0,0,0,1,0,0,0,0,1,0,0,0,0,0,0,0,0,0,0,0,0,,,,,0,0,0,0,0,0,0,PRE1982.MDB,2026-04-14 02:19:16.142676
469,1965-06-23 00:00:00,2 0218,N935B,1964-06-25 00:00:00,,ORD NEB,BELL,47G,,1100,A,27,024,02,04,13,B,E,A,1,A,D,,,F,B0,,,N0,EB,,,,,,,,,,,,B,A,,,A,,,N,,,,,,,,,,,,,,,,Z,,,,A,,01737A,,00493A,,43A,,FA,,TA,,YA,,CA,,AA,,A,64,A,15,,,,,,,,,,,,,,,,,,,,,,,,,,,,M,0,0,1,0,0,1,0,0,0,0,0,0,0,0,0,0,0,0,,0,0,0,0,0,0,0,0,0,0,0,0,0,0,0,0,0,0,0,0,0,0,0,0,0,0,0,0,0,0,0,0,1,0,0,1,0,0,2,0,0,2,0,0,0,0,0,0,0,0,0,0,0,0,,,,,0,0,0,0,0,0,0,PRE1982.MDB,2026-04-14 02:19:16.142676
470,1965-06-23 00:00:00,2 0219,N73209,1964-06-25 00:00:00,,SODUS MICH,BELL,47G3B,,2000,A,22,024,03,12,15,B,E,A,1,A,D,,,C,DB,,,N3,D4,,,,,,,,,,,,B,A,,,A,,,A,,,,,,,,,,,,,,,,Z,,,,A,,02490A,,00071A,,29A,,BA,,TA,,YA,,CA,,GA,,A,84,A,J,84,A,7,,,,,,,,,,,,,,,,,,,,,,,,,N,0,0,0,1,0,1,0,0,0,0,0,0,0,0,0,0,0,0,,0,0,0,0,0,0,0,0,0,0,0,0,0,0,0,0,0,0,0,0,0,0,0,0,0,0,0,0,0,0,0,0,0,0,0,0,0,0,0,1,0,1,0,0,0,0,0,0,0,0,0,0,0,0,,,,,0,0,0,0,0,0,0,PRE1982.MDB,2026-04-14 02:19:16.142676
471,1965-06-23 00:00:00,2 0220,N7797B,1964-06-27 00:00:00,,SINTON TEX,PIPER,PA18A,,1400,A,43,124,21,12,06,A,A,A,1,A,D,,,C,CA,,,Q1,DG,,,,,,,,,,,,B,A,,,A,,,N,,,,,,,,,,,,,,,,00050,C,,,A,,00637A,,00030A,,33A,,BA,,MA,,A,,CA,,GA,,A,64,A,16,,,,,,,,,,,,,,,,,,,,,,,,,,,,F,1,0,0,0,0,1,0,0,0,0,0,0,0,0,0,0,0,0,,0,0,0,0,0,0,0,0,0,0,0,0,0,0,0,0,0,0,0,0,0,0,0,0,0,0,0,0,0,0,0,0,0,0,0,0,1,0,0,0,0,1,0,0,0,0,0,0,0,0,0,0,0,0,,,,,0,0,0,0,0,0,0,PRE1982.MDB,2026-04-14 02:19:16.142676
472,1966-02-19 00:00:00,2 0221,N3396B,1964-06-29 00:00:00,,VIVIAN SD,PIPER,PA18,,0600,A,41,124,20,12,05,A,A,A,1,A,D,Y,Z,C,CA,,,M1,DD,,,,,,,,,,,,B,A,,,A,,,N,,,,,,,,,,,,,,,,01700,D,,,A,0,02180A,,01417A,,43A,,EA,,AA,,A,,CA,,GA,,A,84,A,I,,,,,,,,,,,,,,,,,,,,,,,,,,,,F,1,0,0,0,0,1,0,0,0,0,0,0,0,0,0,0,0,0,,0,0,0,0,0,0,0,0,0,0,0,0,0,0,0,0,0,0,0,0,0,0,0,0,0,0,0,0,0,0,0,0,0,0,0,0,1,0,0,0,0,1,0,0,0,0,0,0,0,0,0,0,0,0,,,,,0,0,0,0,0,0,0,PRE1982.MDB,2026-04-14 02:19:16.142676
473,1965-06-23 00:00:00,2 0222,N8779F,1964-07-02 00:00:00,,BURLINGTON NJ,HUGHES,269A,,1100,A,30,077,01,12,09,B,E,A,1,A,D,,,C,CA,,,N0,DG,,,,,,,,,,,,B,A,,,A,,,N,,,,,,,,,,,,,,,,00050,D,,,A,,02686A,,00120A,,32A,,BA,,TA,,YA,,FA,,GA,,A,64,A,54,,,,,,,,,,,,,,,,,,,,,,,,,,,,C,0,1,0,0,0,1,0,0,0,0,0,0,0,0,0,0,0,0,,0,0,0,0,0,0,0,0,0,0,0,0,0,0,0,0,0,0,0,0,0,0,0,0,0,0,0,0,0,0,0,0,0,0,0,0,0,1,0,0,0,1,0,0,0,0,0,0,0,0,0,0,0,0,,,,,0,0,0,0,0,0,0,PRE1982.MDB,2026-04-14 02:19:16.142676
474,1965-06-23 00:00:00,2 0223,N262MV,1964-07-03 00:00:00,,LAKE LILLIAN MINN,BELL,47G2,,1300,A,23,024,02,12,15,B,E,A,1,A,D,,,F,CA,,,M0,DD,,,,,,,,,,,,B,A,,,A,,,N,,,,,,,,,,,,,,,,01700,D,,,A,,05500A,,00040A,,34A,,AA,,TA,,YA,,CA,,GA,,A,64,A,46,,,,,,,,,,,,,,,,,,,,,,,,,,,,C,0,1,0,0,0,1,0,0,0,0,0,0,0,0,0,0,0,0,,0,0,0,0,0,0,0,0,0,0,0,0,0,0,0,0,0,0,0,0,0,0,0,0,0,0,0,0,0,0,0,0,0,0,0,0,0,1,0,0,0,1,0,0,0,0,0,0,0,0,0,0,0,0,,,,,0,0,0,0,0,0,0,PRE1982.MDB,2026-04-14 02:19:16.142676
475,1965-06-23 00:00:00,2 0224,N2194U,1964-07-04 00:00:00,,LAKEWOOD COLO,BRANTLY,B2B,,1200,A,06,028,01,12,10,B,E,A,1,A,D,,,F,B2,,,N0,EB,,,,,,,,,,,,B,A,,,A,,,N,,,,,,,,,,,,,,,,Z,,,,A,,00475A,0,004755,,28A,,AA,,TA,,YA,,CA,,GA,,A,64,A,54,,,,,,,,,,,,,,,,,,,,,,,,,,,,N,0,0,0,1,0,1,0,0,0,0,0,0,0,0,0,0,0,0,,0,0,0,0,0,0,0,0,0,0,0,0,0,0,0,0,0,0,0,0,0,0,0,0,0,0,0,0,0,0,0,0,0,1,0,1,0,0,0,2,0,2,0,0,0,0,0,0,0,0,0,0,0,0,,,,,0,0,0,0,0,0,0,PRE1982.MDB,2026-04-14 02:19:16.142676
476,1966-02-19 00:00:00,2 0225,N8281Z,1964-07-05 00:00:00,,RIVERSIDE CALIF,CESSNA,205,,1100,A,05,039,19,20,28,A,A,A,1,A,D,,,F,B0,,,N1,EJ,,,,,,,,,,,,B,A,,,A,,,E,,,A,RIVERSIDE,00816,A,,,,,,04600,,,,,,,,A,,00064A,,00004A,,24A,,CA,,AA,,A,,BA,,A,,A,64,A,17,64,A,07,,,,,,,,,,,,,,,,,,,,,,,,,F,1,0,0,0,0,1,0,0,0,0,0,0,0,0,0,0,0,0,,0,0,0,0,0,0,0,0,0,0,0,0,0,0,0,0,0,0,0,0,0,0,0,0,0,0,0,0,0,0,1,0,0,0,0,1,2,0,0,0,0,2,0,0,0,0,0,0,0,0,0,0,0,0,,,,,0,0,0,0,0,0,0,PRE1982.MDB,2026-04-14 02:19:16.142676
477,1965-06-23 00:00:00,2 0226,N98775,1964-07-06 00:00:00,,TEKAMAH NEBR,PIPER,J3,,1900,A,27,124,04,20,11,A,A,A,1,A,D,Y,Z,D,CA,,,Q1,DD,,,,,,,,,,,,B,A,,,A,,,N,,,,,,,,,,,,,,,,00700,D,,,A,,00414A,,ZA,,31A,,CA,,AA,,YA,,AA,,EA,,A,64,A,16,64,1,02,,,,,,,,,,,,,,,,,,,,,,,,,F,1,0,0,0,0,1,0,0,0,0,0,0,0,0,0,0,0,0,,0,0,0,0,0,0,0,0,0,0,0,0,0,0,0,0,0,0,0,0,0,0,0,0,0,0,0,0,0,0,0,0,0,0,0,0,1,0,0,0,0,1,0,0,0,0,0,0,0,0,0,0,0,0,,,,,0,0,0,0,0,0,0,PRE1982.MDB,2026-04-14 02:19:16.142676
478,1965-06-23 00:00:00,2 0227,N2753U,1964-01-23 00:00:00,,LOCHIEL IND,CESSNA,172,,1200,A,14,039,14,20,24,A,A,A,1,A,D,,,F,B0,,,M1,D9,,,,,,,,,,,,B,B,,,A,,,N,,,,,,,,,,,,,,,,Z,,,,A,,00049A,,00030A,,57A,,FA,,AA,,YA,,AA,,A,,A,64,A,04,64,J,29,82,J,A,82,J,C,,,,,,,,,,,,,,,,,,,F,1,0,0,0,0,1,0,0,0,0,0,0,0,0,0,0,0,0,,0,0,0,0,0,0,0,0,0,0,0,0,0,0,0,0,0,0,0,0,0,0,0,0,0,0,0,0,0,0,0,0,0,0,0,0,1,0,0,0,0,1,0,0,0,0,0,0,0,0,0,0,0,0,,,,,0,0,0,0,0,0,0,PRE1982.MDB,2026-04-14 02:19:16.142676
479,,2 0228,N8831F,1964-02-20 00:00:00,,WHITE OAKS NC,HUGHES,269A,,1000,A,33,077,01,12,09,B,E,A,1,A,S,,,F,CY,,,V3,DB,M1,D6,,,,,B,,,,,B,A,,,A,,,N,,,,,,,,,,,,,,,,Z,,,,A,,02624A,,00300A,,32A,,BA,,TA,,YA,,CA,,GA,,A,78,C,BJ,88,A,80,,,,,,,,,,,,,,,,,,,,,,,,,M,0,0,1,0,0,1,0,0,0,0,0,0,0,0,0,0,0,0,,0,0,0,0,0,0,0,0,0,0,0,0,0,0,0,0,0,0,0,0,0,0,0,0,0,0,1,0,0,1,0,0,0,0,0,0,0,0,2,0,0,2,0,0,0,0,0,0,0,0,0,0,0,0,,,,,0,0,0,0,0,0,0,PRE1982.MDB,2026-04-14 02:19:16.142676
480,1965-06-23 00:00:00,2 0229,N6747D,1964-03-27 00:00:00,,LEEVILLE LA,BELL,47G2A,,1100,A,18,024,03,12,15,B,E,A,1,A,D,,,B,B3,,,M1,C1,,,,,,,,,,,,B,A,,,A,,,D,,,,,,,,,,,,,,,,,,,,A,,04010A,,00300A,,ZA,,AA,,TA,,YA,,DA,,GA,,A,84,A,I,88,J,88,,,,,,,,,,,,,,,,,,,,,,,,,C,0,1,0,0,0,1,0,0,0,0,0,0,0,0,0,0,0,0,,0,0,0,0,0,0,0,0,0,0,0,0,0,0,0,0,0,0,0,0,0,0,0,0,0,0,0,0,0,0,0,0,0,0,0,0,0,1,0,0,0,1,0,0,0,0,0,0,0,0,0,0,0,0,,,,,0,0,0,0,0,0,0,PRE1982.MDB,2026-04-14 02:19:16.142676
481,1966-02-19 00:00:00,2 0230,N3803E,1964-03-31 00:00:00,,COUNCIL BLUFFS IA,AERONCA,11AC,,1800,A,15,003,09,20,06,A,A,A,1,A,S,,,D,B0,,,U,D1,N0,EB,01500,,,,B,,,,,B,A,,,A,,,N,,,,,,,,,,,,,,,,Z,,,,A,,00368A,,00220A,,39A,,CA,,AA,,A,,BA,,A,,A,74,C,KA,64,B,15,88,B,07,,,,,,,,,,,,,,,,,,,,,,C,0,1,0,0,0,1,0,0,0,0,0,0,0,0,0,0,0,0,,0,0,0,0,0,0,0,0,0,0,0,0,0,0,0,0,0,0,0,0,0,0,0,0,0,0,0,0,0,0,0,0,1,0,0,1,0,1,1,0,0,2,0,0,0,0,0,0,0,0,0,0,0,0,,,,,0,0,0,0,0,0,0,PRE1982.MDB,2026-04-14 02:19:16.142676
482,1965-06-23 00:00:00,2 0231,N3521C,1964-04-12 00:00:00,,GERLACH NEV,CESSNA,170B,,0600,A,28,039,13,20,24,A,A,A,1,A,D,,,D,B0,,,M1,DB,,,,,,,,,,,,B,A,,,A,,,N,,,,,,,,,,,,,,,,06000,A,,,A,,00260A,,00144A,,49A,,FA,,AA,,A,,BA,,A,,A,88,A,69,74,A,G0,74,A,G4,68,A,D1,68,A,D5,,,,,,,,,,,,,,,,F,1,0,0,0,0,1,0,0,0,0,0,0,0,0,0,0,0,0,,0,0,0,0,0,0,0,0,0,0,0,0,0,0,0,0,0,0,0,0,0,0,0,0,0,0,0,0,0,0,3,0,0,0,0,3,4,0,0,0,0,4,0,0,0,0,0,0,0,0,0,0,0,0,,,,,0,0,0,0,0,0,0,PRE1982.MDB,2026-04-14 02:19:16.142676
483,1965-06-23 00:00:00,2 0232,N29012,1964-04-18 00:00:00,,SAN JOSE CALIF,FAIRCHILD,24W41,,1700,A,05,014,08,20,19,A,A,A,1,A,D,Y,Z,D,B0,,,S0,D7,M1,D9,Z,,,,,,,,,B,A,,,A,,,N,,,,,,,,,,,,,,,,Z,,,,A,,00968A,,00007A,,32A,,BA,,AA,,A,,CA,,A,,A,64,C,09,64,C,33,,,,,,,,,,,,,,,,,,,,,,,,,F,1,0,0,0,0,1,0,0,0,0,0,0,0,0,0,0,0,0,,0,0,0,0,0,0,0,0,0,0,0,0,0,0,0,0,0,0,0,0,0,0,0,0,0,0,0,0,0,0,1,0,0,0,0,1,2,0,0,0,0,2,0,0,0,0,0,0,0,0,0,0,0,0,,,,,0,0,0,0,0,0,0,PRE1982.MDB,2026-04-14 02:19:16.142676
484,1966-02-19 00:00:00,2 0233,N5380V,1964-04-30 00:00:00,,TALLULAH LA,HILLER,UH12E,,1400,A,18,076,04,12,21,B,E,A,1,A,S,,,F,DD,,,G,EE,I,EE,,,,,,,,,,B,A,,,A,,,E,,,F,TALLULAH,00084,C,,,,,,04000,,,,,,,,A,,13400A,,00070A,,48A,,BA,,TA,,YA,,FA,,GA,,A,64,C,25,,,,,,,,,,,,,,,,,,,,,,,,,,,,C,0,1,0,0,0,1,0,0,0,0,0,0,0,0,0,0,0,0,,0,0,0,0,0,0,0,0,0,0,0,0,0,0,0,0,0,0,0,0,0,0,0,0,0,0,0,0,0,0,0,0,0,0,0,0,0,1,0,0,0,1,0,0,0,0,0,0,0,0,0,0,0,0,,,,,0,0,0,0,0,0,0,PRE1982.MDB,2026-04-14 02:19:16.142676
485,1966-02-19 00:00:00,2 0234,N9679F,1964-05-04 00:00:00,,TWENTYNINE PL CAL,HUGHES,369,,1400,A,05,077,02,01,02,B,E,A,1,A,D,,,K,DB,,,U,D5,M1,EI,Z,,,,B,,,,,B,A,,,A,,,N,,,,,,,,,,,,,,,,Z,D,,,A,B,04500A,,00250A,,41A,,BA,,TA,,YA,,FA,,GA,,A,64,A,32,88,A,96,64,C,18,,,,,,,,,,,,,,,,,,,,,,C,0,1,0,0,0,1,0,1,0,0,0,1,0,0,0,0,0,0,,0,0,0,0,0,0,0,0,0,0,0,0,0,0,0,0,0,0,0,0,0,0,0,0,0,0,0,0,0,0,0,0,0,0,0,0,0,2,0,0,0,2,0,0,0,0,0,0,0,0,0,0,0,0,,,,,0,0,0,0,0,0,0,PRE1982.MDB,2026-04-14 02:19:16.142676
486,1965-06-23 00:00:00,2 0235,N2144U,1964-05-15 00:00:00,,MESA ARIZ,BRANTLY,B2,,1000,A,03,028,01,12,10,B,E,A,1,A,S,,,F,A0,,,U,B9,E,EE,Z,,,,A,,,,,B,A,,,A,,,A,,,F,MESA,01387,A,,,,,,04300,,,,,,,,A,C,04770A,ZC,00500A,ZC,47A,ZC,BA,C,TA,C,YA,C,FA,C,GA,C,A,74,A,BC,64,C,01,88,B,07,88,K,94,,,,,,,,,,,,,,,,,,,N,0,0,0,1,0,1,0,0,0,0,0,0,0,0,0,1,0,1,,0,0,0,0,0,0,0,0,0,0,0,0,0,0,0,0,0,0,0,0,0,0,0,0,0,0,0,0,0,0,0,0,0,0,0,0,0,0,0,2,0,2,0,0,0,0,0,0,0,0,0,0,0,0,,,,,0,0,0,0,0,0,0,PRE1982.MDB,2026-04-14 02:19:16.142676
487,1966-02-19 00:00:00,2 0236,N54422,1964-05-31 00:00:00,,TROY NY,PIPER,PA-22,,2000,A,32,124,23,12,04,A,A,A,1,A,D,Y,Z,M,B0,,,M0,D8,,,,,,,,,,,,C,A,,,A,,,A,,,F,TROY,00333,C,,,,,,02900,,,,,,,,A,,00140A,,ZA,,22A,,CA,,AA,,A,,BA,,A,,A,64,A,52,88,A,14,,,,,,,,,,,,,,,,,,,,,,,,,F,1,0,0,0,0,1,0,0,0,0,0,0,0,0,0,0,0,0,,0,0,0,0,0,0,0,0,0,0,0,0,0,0,0,0,0,0,0,0,0,0,0,0,0,0,0,0,0,0,0,0,0,0,0,0,1,0,0,0,0,1,0,0,0,0,0,0,0,0,0,0,0,0,,,,,0,0,0,0,0,0,0,PRE1982.MDB,2026-04-14 02:19:16.142676
488,1966-02-19 00:00:00,2 0237,N81192,1964-05-17 00:00:00,,FORT CALHOUN NEB,FUNK,B85C,,1900,A,27,065,01,20,11,A,A,A,1,A,D,,,D,B0,,,Q2,D8,,,,,,,,,,,,B,A,,,A,,,N,,,,,,,,,,,,,,,,Z,,,,A,,00049A,,ZA,,33A,,CA,,AA,,A,,AA,,A,,A,64,A,16,88,A,14,88,1,67,,,,,,,,,,,,,,,,,,,,,,F,0,1,0,0,0,1,0,0,0,0,0,0,0,0,0,0,0,0,,0,0,0,0,0,0,0,0,0,0,0,0,0,0,0,0,0,0,0,0,0,0,0,0,0,0,0,0,0,0,1,0,0,0,0,1,1,1,0,0,0,2,0,0,0,0,0,0,0,0,0,0,0,0,,,,,0,0,0,0,0,0,0,PRE1982.MDB,2026-04-14 02:19:16.142676
489,1965-06-23 00:00:00,2 0238,N3968A,1964-05-19 00:00:00,,WILLCOX ARIZ,GRUMMAN,TBM3U,,1300,A,03,071,05,52,28,A,A,B,1,A,D,Y,Z,C,CD,,,Q1,C1,,,,,,,,,,,,B,A,,,A,,,E,,,F,WILLCOX,04186,A,,,,,,06100,,,,,,,,A,,04300A,,00125A,,37A,,BA,,MA,,A,,CA,,GA,,A,64,A,24,,,,,,,,,,,,,,,,,,,,,,,,,,,,F,1,0,0,0,0,1,0,0,0,0,0,0,0,0,0,0,0,0,,0,0,0,0,0,0,0,0,0,0,0,0,0,0,0,0,0,0,0,0,0,0,0,0,0,0,0,0,0,0,0,0,0,0,0,0,1,0,0,0,0,1,0,0,0,0,0,0,0,0,0,0,0,0,,,,,0,0,0,0,0,0,0,PRE1982.MDB,2026-04-14 02:19:16.142676
490,1966-09-28 00:00:00,2 0239,N2935V,1964-05-29 00:00:00,N,SUNDANCE WY,BEECHRAFT,35,,1900,A,50,022,19,20,15,A,A,A,1,A,D,,,D,B0,,,M0,DA,,,,,,,,,,,,B,B,,,A,,,N,,,,,,,,,,,,,,,,05500,A,,,A,,00300A,,00080A,,32A,,CA,,AA,,A,,BA,,A,,A,64,A,03,64,A,33,82,J,A,82,J,C,,,,,,,,,,,,,,,,,,,F,0,0,1,0,0,1,0,0,0,0,0,0,0,0,0,0,0,0,,0,0,0,0,0,0,0,0,0,0,0,0,0,0,0,0,0,0,0,0,0,0,0,0,0,0,0,0,0,0,1,0,0,0,0,1,1,0,1,0,0,2,0,0,0,0,0,0,0,0,0,0,0,0,,,,,0,0,0,0,0,0,0,PRE1982.MDB,2026-04-14 02:19:16.142676
491,1965-06-23 00:00:00,2 0240,N801L,1964-06-04 00:00:00,,WICHITA KAN,LEAR,M23,,0800,A,16,201,,24,04,A,A,A,2,B,D,Y,Z,K,DB,,,Q1,C1,C,C4,,,,,,,,,,B,A,,,A,,,I,,,A,WICHITA,01332,A,,,,,A,07300,,,,,,,,A,B,05700A,B,00030A,B,41A,B,AA,B,SA,B,YA,B,DA,B,GA,B,A,64,C,29,64,C,19,88,J,85,,,,,,,,,,,,,,,,,,,,,,N,0,0,0,1,0,1,0,0,0,1,0,1,0,0,0,0,0,0,,0,0,0,0,0,0,0,0,0,0,0,0,0,0,0,0,0,0,0,0,0,0,0,0,0,0,0,0,0,0,0,0,0,0,0,0,0,0,0,2,0,2,0,0,0,0,0,0,0,0,0,0,0,0,,,,,0,0,0,0,0,0,0,PRE1982.MDB,2026-04-14 02:19:16.142676
492,1965-06-23 00:00:00,2 0241,N5326V,1964-06-05 00:00:00,,SAN BERNARDINO CA,HILLER,UH12C,,1500,A,05,076,02,04,13,B,E,A,1,A,S,,,D,B1,,,G,EE,,,,,,,,,,,,B,A,,,A,,,A,,,F,SAN BERNARDINO,01044,C,,,,,,03500,,,,,,,,A,,00321A,,00010A,,40A,,CA,,TA,,YA,,BA,,A,,A,64,A,18,,,,,,,,,,,,,,,,,,,,,,,,,,,,N,0,0,0,1,0,1,0,0,0,0,0,0,0,0,0,0,0,0,,0,0,0,0,0,0,0,0,0,0,0,0,0,0,0,0,0,0,0,0,0,0,0,0,0,0,0,0,0,0,0,0,0,1,0,1,0,0,0,2,0,2,0,0,0,0,0,0,0,0,0,0,0,0,,,,,0,0,0,0,0,0,0,PRE1982.MDB,2026-04-14 02:19:16.142676
493,1965-06-23 00:00:00,2 0242,N2915Z,1964-06-15 00:00:00,,GRANT NEB,PIPER,PA22,,0800,A,27,124,23,12,06,A,A,A,1,A,D,,,D,B2,,,Q1,D1,,,,,,,,,,,,B,B,N,Z,A,,Y,N,,,,,,,,,,,,,,,,Z,,,,A,,00400A,,ZA,,61A,,FA,,AA,,A,,BA,,A,,A,64,A,04,82,J,A,82,J,C,,,,,,,,,,,,,,,,,,,,,,F,1,0,0,0,0,1,0,0,0,0,0,0,0,0,0,0,0,0,,0,0,0,0,0,0,0,0,0,0,0,0,0,0,0,0,0,0,0,0,0,0,0,0,0,0,0,0,0,0,0,0,0,0,0,0,1,0,0,0,0,1,0,0,0,0,0,0,0,0,0,0,0,0,,,,,0,0,0,0,0,0,0,PRE1982.MDB,2026-04-14 02:19:16.142676
494,1966-02-19 00:00:00,2 0243,N7207M,1964-06-16 00:00:00,,CLARKSVILLE TENN,CESSNA,175,,1700,A,42,039,15,20,23,A,A,A,1,A,D,,,D,B0,,,N0,DB,,,,,,,,,,,,B,A,,,A,,,N,,,,,,,,,,,,,,,,Z,,,,A,,00179A,,00179A,,32A,,CA,,AA,,A,,BA,,IA,,A,64,A,15,88,A,14,88,J,88,,,,,,,,,,,,,,,,,,,,,,F,1,0,0,0,0,1,0,0,0,0,0,0,0,0,0,0,0,0,,0,0,0,0,0,0,0,0,0,0,0,0,0,0,0,0,0,0,0,0,0,0,0,0,0,0,0,0,0,0,1,0,0,0,0,1,2,0,0,0,0,2,0,0,0,0,0,0,0,0,0,0,0,0,,,,,0,0,0,0,0,0,0,PRE1982.MDB,2026-04-14 02:19:16.142676
495,1965-06-23 00:00:00,2 0244,N6590D,1964-06-17 00:00:00,,GAITHERSBURG MD,CONT COPTER,M2,,1000,A,20,201,,04,13,B,E,A,1,A,S,,,C,CA,,,U,DG,G,EI,Z,,,,B,,,,,B,A,,,A,,,N,,,,,,,,,,,,,,,,00500,C,,,A,,01600A,,00400A,,28A,,BA,,TA,,YA,,FA,,GA,,A,74,C,AF,88,A,95,,,,,,,,,,,,,,,,,,,,,,,,,N,0,0,0,1,0,1,0,0,0,0,0,0,0,0,0,0,0,0,,0,0,0,0,0,0,0,0,0,0,0,0,0,0,0,0,0,0,0,0,0,0,0,0,0,0,0,0,0,0,0,0,0,0,0,0,0,0,0,1,0,1,0,0,0,0,0,0,0,0,0,0,0,0,,,,,0,0,0,0,0,0,0,PRE1982.MDB,2026-04-14 02:19:16.142676
496,1966-02-19 00:00:00,2 0245,N3625U,1964-04-03 00:00:00,,YOSEMITE N PA CAL,CESSNA,182F,,1000,A,05,039,17,20,50,A,A,A,1,A,S,,,B,B3,,,M1,D1,,,,,,,,,,,,B,A,A,A,B,,,N,,,,,,,,,,,,,,,,11000,A,,,A,,07500A,,02500A,,42A,,BA,,PA,,A,,FA,,GA,,A,64,A,05,82,A,M,,,,,,,,,,,,,,,,,,,,,,,,,C,0,1,0,0,0,1,0,0,0,0,0,0,0,0,0,0,0,0,,0,0,0,0,0,0,0,0,0,0,0,0,0,0,0,0,0,0,0,0,0,0,0,0,0,0,0,0,0,0,0,1,1,0,0,2,0,2,1,0,0,3,0,0,0,0,0,0,0,0,0,0,0,0,,,,,0,0,0,0,0,0,0,PRE1982.MDB,2026-04-14 02:19:16.142676
497,1965-06-23 00:00:00,2 0246,N8496E,1964-06-26 00:00:00,,TUJUNGA CALIF,BELL,47G3B,,1700,A,05,024,03,12,35,B,E,A,1,A,S,,,I,CD,,,U,D4,E,EI,Z,,,,B,,,,,B,A,,,A,,,N,,,,,,,,,,,,,,,,Z,A,,,A,,07453A,,01061A,,43A,,BA,,TA,,YA,,FA,,GA,,A,84,C,J,,,,,,,,,,,,,,,,,,,,,,,,,,,,N,0,0,0,1,0,1,0,0,0,0,0,0,0,0,0,0,0,0,,0,0,0,0,0,0,0,0,0,0,0,0,0,0,0,0,0,0,0,0,0,0,0,0,0,0,0,0,0,0,0,0,0,2,0,2,0,0,0,3,0,3,0,0,0,0,0,0,0,0,0,0,0,0,,,,,0,0,0,0,0,0,0,PRE1982.MDB,2026-04-14 02:19:16.142676
498,1965-06-23 00:00:00,2 0247,N1065Z,1964-06-30 00:00:00,,VALLEY CITY ND,BENSON,B8M,,1700,A,34,200,,99,01,B,E,A,1,A,D,,,D,DB,,,U,C1,M1,D9,Z,,,,A,,,,,B,A,,,A,,,A,,,F,VALLEY CITY,01399,A,,,,,,03800,,,,,,,,A,,00042A,,00030A,,47A,,CA,,TA,,YA,,AA,,A,,A,64,C,01,74,C,KA,,,,,,,,,,,,,,,,,,,,,,,,,M,0,0,1,0,0,1,0,0,0,0,0,0,0,0,0,0,0,0,,0,0,0,0,0,0,0,0,0,0,0,0,0,0,0,0,0,0,0,0,0,0,0,0,0,0,0,0,0,0,0,0,0,0,0,0,0,0,1,0,0,1,0,0,0,0,0,0,0,0,0,0,0,0,,,,,0,0,0,0,0,0,0,PRE1982.MDB,2026-04-14 02:19:16.142676
499,1965-06-23 00:00:00,2 0248,N8748F,1964-07-01 00:00:00,,ANDALUSIA ILL,HUGHES,269A,,1000,A,13,077,01,12,09,B,E,A,1,A,D,,,F,CG,,,U,D1,G,EI,Z,,,,B,,,,,B,A,,,A,,,N,,,,,,,,,,,,,,,,Z,,,,A,,05369A,,00021A,,28A,,BA,,TA,,YA,,CA,,GA,,A,64,C,29,64,C,27,88,A,63,64,B,23,,,,,,,,,,,,,,,,,,,M,0,0,1,0,0,1,0,0,0,0,0,0,0,0,0,0,0,0,,0,0,0,0,0,0,0,0,0,0,0,0,0,0,0,0,0,0,0,0,0,0,0,0,0,0,0,0,0,0,0,0,1,0,0,1,0,0,2,0,0,2,0,0,0,0,0,0,0,0,0,0,0,0,,,,,0,0,0,0,0,0,0,PRE1982.MDB,2026-04-14 02:19:16.142676
500,1965-06-23 00:00:00,2 0249,N6357X,1964-07-03 00:00:00,,HARLINGEN TEX,BELL,47D1,,1400,A,43,024,02,04,14,B,E,A,1,A,D,,,C,CB,,,V2,D1,G,EI,Z,,,,B,,,,,B,A,,,A,,,N,,,,,,,,,,,,,,,,Z,,,,A,,03000A,,01800A,,34A,,BA,,TA,,YA,,CA,,GA,,A,78,C,BG,88,C,36,68,C,D0,68,C,D4,,,,,,,,,,,,,,,,,,,M,0,0,1,0,0,1,0,0,0,0,0,0,0,0,0,0,0,0,,0,0,0,0,0,0,0,0,0,0,0,0,0,0,0,0,0,0,0,0,0,0,0,0,0,0,0,0,0,0,0,0,1,0,0,1,0,0,2,0,0,2,0,0,0,0,0,0,0,0,0,0,0,0,,,,,0,0,0,0,0,0,0,PRE1982.MDB,2026-04-14 02:19:16.142676
501,1969-06-24 00:00:00,2 0250,N9191R,1964-07-11 00:00:00,,ANADARKO OKLA,BEECHCRAFT,A45,,1200,A,36,022,21,20,25,A,E,A,1,A,D,,,L,B0,,,Q1,D7,,,,,,,,,,,,B,A,,,A,,,N,,,,,,,,,,,,,,,,Z,K,,,A,,01000A,,00500A,,24A,,BA,,EA,,A,,CA,,IA,,A,64,A,16,88,A,14,88,J,88,,,,,,,,,,,,,,,,,,,,,,F,1,0,0,0,0,1,0,0,0,0,0,0,0,0,0,0,0,0,,0,0,0,0,0,0,0,0,0,0,0,0,0,0,0,0,0,0,0,0,0,0,0,0,0,0,0,0,0,0,0,0,0,0,0,0,1,0,0,0,0,1,0,0,0,0,0,0,0,0,0,0,0,0,,,,,0,0,0,0,0,0,0,PRE1982.MDB,2026-04-14 02:19:16.142676
502,1965-06-23 00:00:00,2 0251,N8789F,1964-07-13 00:00:00,,ALIEF TEX,HUGHES,269A,,1000,A,43,077,01,12,09,B,E,A,1,A,S,,,F,A3,,,G,D4,,,,,,,,,,,,B,A,,,A,,,A,,,F,ALIEF,,Z,Z,,,,,,,,,,,,,A,,00053A,,00053A,,39A,,CA,,TA,,YA,,AA,,A,,A,64,A,23,64,A,21,,,,,,,,,,,,,,,,,,,,,,,,,N,0,0,0,1,0,1,0,0,0,0,0,0,0,0,0,0,0,0,,0,0,0,0,0,0,0,0,0,0,0,0,0,0,0,0,0,0,0,0,0,0,0,0,0,0,0,0,0,0,0,0,0,0,0,0,0,0,0,1,0,1,0,0,0,0,0,0,0,0,0,0,0,0,,,,,0,0,0,0,0,0,0,PRE1982.MDB,2026-04-14 02:19:16.142676
503,1965-06-23 00:00:00,2 0252,N210B,1964-07-14 00:00:00,,KINGSTON RI,BELL,47D1,,1400,A,39,024,02,04,13,B,E,A,1,A,S,,,C,CA,,,G,DG,,,,,,,,,,,,B,A,,,A,,,N,,,,,,,,,,,,,,,,00050,D,,,A,,01293A,,00083A,,29A,,BA,,TA,,YA,,CA,,GA,,A,64,A,18,64,A,47,,,,,,,,,,,,,,,,,,,,,,,,,N,0,0,0,1,0,1,0,0,0,0,0,0,0,0,0,0,0,0,,0,0,0,0,0,0,0,0,0,0,0,0,0,0,0,0,0,0,0,0,0,0,0,0,0,0,0,0,0,0,0,0,0,0,0,0,0,0,0,1,0,1,0,0,0,0,0,0,0,0,0,0,0,0,,,,,0,0,0,0,0,0,0,PRE1982.MDB,2026-04-14 02:19:16.142676
504,1965-03-26 00:00:00,2 0253,N73289,1964-07-25 00:00:00,,REAGOR SPRGS TEX,BELL,47G4,,1700,A,43,024,03,12,21,B,E,A,1,A,S,,,K,DD,,,N0,DB,,,,,,,,,,,,B,A,,,A,,,N,,,,,,,,,,,,,,,,Z,Z,,,A,,05000A,,00100A,,40A,,BA,,TA,,YA,,FA,,CA,,A,64,A,15,88,J,79,88,J,62,,,,,,,,,,,,,,,,,,,,,,N,0,0,0,1,0,1,0,0,0,0,0,0,0,0,0,0,0,0,,0,0,0,0,0,0,0,0,0,0,0,0,0,0,0,0,0,0,0,0,0,0,0,0,0,0,0,0,0,0,0,0,0,0,0,0,0,0,0,1,0,1,0,0,0,0,0,0,0,0,0,0,0,0,,,,,0,0,0,0,0,0,0,PRE1982.MDB,2026-04-14 02:19:16.142676
505,1965-06-23 00:00:00,2 0254,N8710F,1964-03-10 00:00:00,,SACRAMENTO CALIF,HUGHES,269A,,1700,A,05,077,01,12,09,B,E,A,1,A,S,,,F,A0,,,Q3,DB,,,,,,,,,,,,B,A,,,A,,,N,,,,,,,,,,,,,,,,Z,Z,,,A,C,02467A,ZC,00085A,ZC,24A,ZC,BA,ZC,TA,ZC,YA,ZC,FA,ZC,GA,C,C,66,A,23,64,A,30,,,,,,,,,,,,,,,,,,,,,,,,,N,0,0,0,1,0,1,0,0,0,0,0,0,0,0,0,1,0,1,,0,0,0,0,0,0,0,0,0,0,0,0,0,0,0,0,0,0,0,0,0,0,0,0,0,0,0,0,0,0,0,0,0,0,0,0,0,0,0,2,0,2,0,0,0,0,0,0,0,0,0,0,0,0,,,,,0,0,0,0,0,0,0,PRE1982.MDB,2026-04-14 02:19:16.142676
506,1965-06-23 00:00:00,2 0255,N9686A,1964-02-10 00:00:00,,SHAFTER CALIF,CESSNA,140A,,0600,A,05,039,11,20,12,A,A,A,1,A,D,,,D,B2,,,U,C1,M0,EB,Z,,,,B,,,,,D,A,,,A,,,J,,,E,,,Z,Z,Z,,,,,,,,,,,,A,,00573A,,00044A,,40A,,CA,,AA,,A,,CA,,EA,,A,74,C,KA,82,1,G,88,1,72,,,,,,,,,,,,,,,,,,,,,,F,1,0,0,0,0,1,0,0,0,0,0,0,0,0,0,0,0,0,,0,0,0,0,0,0,0,0,0,0,0,0,0,0,0,0,0,0,0,0,0,0,0,0,0,0,0,0,0,0,0,0,0,0,0,0,1,0,0,0,0,1,0,0,0,0,0,0,0,0,0,0,0,0,,,,,0,0,0,0,0,0,0,PRE1982.MDB,2026-04-14 02:19:16.142676
507,1969-06-24 00:00:00,2 0256,N7551W,1964-03-28 00:00:00,N,AUBURN IND,PIPER,PA-28,,0220,A,14,124,28,12,09,A,A,A,1,A,D,Y,,M,B2,,,M1,D9,,,,,,,,,,,,D,B,F,A,A,,Y,N,,,,,,,,,,,,,,,,00850,D,,,A,,00148A,,00032A,,35A,,CA,,AA,,YA,,BA,,YA,,A,64,A,04,82,J,B,82,J,D,64,1,29,64,1,27,,,,,,,,,,,,,,,,F,1,0,0,0,0,1,0,0,0,0,0,0,0,0,0,0,0,0,,0,0,0,0,0,0,0,0,0,0,0,0,0,0,0,0,0,0,0,0,0,0,0,0,0,0,0,0,0,0,3,0,0,0,0,3,4,0,0,0,0,4,0,0,0,0,0,0,0,0,0,0,0,0,,,,,0,0,0,0,0,0,0,PRE1982.MDB,2026-04-14 02:19:16.142676
508,1965-06-23 00:00:00,2 0257,N809Z,1964-04-27 00:00:00,,MARANA ARIZ,BOEING,B17G,,1200,A,03,027,02,52,22,A,A,B,4,A,S,,,F,A3,,,E,EF,,,,,,,,,,,,B,A,,,A,,,A,,,F,MARANA AIRPARK,01891,A,,,,,Z,06800,,,,,,,,A,B,08663A,ZB,00015A,ZB,34A,ZB,AA,AB,BA,PB,ZA,ZB,DA,FB,GA,GB,A,70,A,CB,88,A,36,,,,,,,,,,,,,,,,,,,,,,,,,N,0,0,0,1,0,1,0,0,0,1,0,1,0,0,0,0,0,0,,0,0,0,0,0,0,0,0,0,0,0,0,0,0,0,0,0,0,0,0,0,0,0,0,0,0,0,1,0,1,0,0,0,0,0,0,0,0,0,3,0,3,0,0,0,0,0,0,0,0,0,0,0,0,,,,,0,0,0,0,0,0,0,PRE1982.MDB,2026-04-14 02:19:16.142676
509,1966-07-07 00:00:00,2 0258,N2287V,1964-04-28 00:00:00,,ELKO NEV,CESSNA,140,,1840,A,28,039,10,20,12,A,A,A,1,A,D,,,F,B0,,,N0,D8,,,,,,,,,,,,C,A,Z,A,A,,,N,,,,,,,,,,,,,,,,05300,A,,,A,,00118A,,00034A,,35A,,IA,,AA,,YA,,BA,,A,,A,64,A,15,88,A,14,,,,,,,,,,,,,,,,,,,,,,,,,F,1,0,0,0,0,1,0,0,0,0,0,0,0,0,0,0,0,0,,0,0,0,0,0,0,0,0,0,0,0,0,0,0,0,0,0,0,0,0,0,0,0,0,0,0,0,0,0,0,1,0,0,0,0,1,2,0,0,0,0,2,0,0,0,0,0,0,0,0,0,0,0,0,,,,,0,0,0,0,0,0,0,PRE1982.MDB,2026-04-14 02:19:16.142676
510,1966-02-19 00:00:00,2 0259,N8424A,1964-05-15 00:00:00,,LOMBARD ILL,BEECHCRAFT,A35,,2000,A,13,022,19,20,15,A,A,A,1,A,D,Y,Z,D,B0,,,K,EB,N0,EB,,,,,,,,,,D,A,,,A,,,N,,,,,,,,,,,,,,,,Z,Z,,,A,,01020A,,00053A,,45A,,CA,,AA,,A,,BA,,A,,A,64,C,53,64,3,02,,,,,,,,,,,,,,,,,,,,,,,,,F,1,0,0,0,0,1,0,0,0,0,0,0,0,0,0,0,0,0,,0,0,0,0,0,0,0,0,0,0,0,0,0,0,0,0,0,0,0,0,0,0,0,0,1,0,0,0,0,1,2,0,0,0,0,2,4,0,0,0,0,4,0,0,0,0,0,0,0,0,0,0,0,0,,,,,0,0,0,0,0,0,0,PRE1982.MDB,2026-04-14 02:19:16.142676
511,1966-07-07 00:00:00,2 0260,N8060E,1964-06-09 00:00:00,,GILBERTSVILLE KY,BELL,47D1,,1600,A,17,024,02,04,13,B,E,A,1,A,S,,,D,B0,,,N0,DB,,,,,,,,,,,,B,A,,,A,,,N,,,,,,,,,,,,,,,,00300,B,,,A,,04061A,,01970A,,35A,,BA,,UA,,YA,,FA,,GA,,A,64,A,15,,,,,,,,,,,,,,,,,,,,,,,,,,,,C,0,0,1,0,0,1,0,0,0,0,0,0,0,0,0,0,0,0,,0,0,0,0,0,0,0,0,0,0,0,0,0,0,0,0,0,0,0,0,0,0,0,0,0,0,0,0,0,0,0,1,2,0,0,3,0,1,3,0,0,4,0,0,0,0,0,0,0,0,0,0,0,0,,,,,0,0,0,0,0,0,0,PRE1982.MDB,2026-04-14 02:19:16.142676
512,1965-06-23 00:00:00,2 0261,N2325D,1964-07-07 00:00:00,,WIMBERLEY TEX,CESSNA,170B,,0200,A,43,039,13,20,14,A,A,A,1,A,D,,,D,DZ,,,M1,D9,,,,,,,,,,,,D,A,,,A,,,N,,,,,,,,,,,,,,,,Z,Z,,,A,,00187A,,ZA,,39A,,ZA,,AA,,A,,BA,,A,,A,64,A,03,88,1,67,,,,,,,,,,,,,,,,,,,,,,,,,F,1,0,0,0,0,1,0,0,0,0,0,0,0,0,0,0,0,0,,0,0,0,0,0,0,0,0,0,0,0,0,0,0,0,0,0,0,0,0,0,0,0,0,0,0,0,0,0,0,2,0,0,0,0,2,3,0,0,0,0,3,0,0,0,0,0,0,0,0,0,0,0,0,,,,,0,0,0,0,0,0,0,PRE1982.MDB,2026-04-14 02:19:16.142676
513,1965-06-23 00:00:00,2 0262,N5598B,1964-01-17 00:00:00,,LAKEVIEW ORE,CESSNA,182,,0300,A,37,039,17,20,26,A,A,A,1,A,D,,,F,B2,,,M0,D1,,,,,,,,,,,,D,B,E,A,B,,Y,N,,,,,,,,,,,,,,,,06300,A,,,A,,00439A,,00091A,,32A,,EA,,AA,,A,,CA,,HA,,A,64,A,04,64,A,33,82,J,A,82,J,D,,,,,,,,,,,,,,,,,,,F,1,0,0,0,0,1,0,0,0,0,0,0,0,0,0,0,0,0,,0,0,0,0,0,0,0,0,0,0,0,0,0,0,0,0,0,0,0,0,0,0,0,0,0,0,0,0,0,0,3,0,0,0,0,3,4,0,0,0,0,4,0,0,0,0,0,0,0,0,0,0,0,0,,,,,0,0,0,0,0,0,0,PRE1982.MDB,2026-04-14 02:19:16.142676
514,1966-07-07 00:00:00,2 0263,N5380V,1964-01-21 00:00:00,,MIAMI FLA,HILLER,UH12E,,1020,A,09,076,04,12,21,B,E,A,1,A,S,,,F,CE,,,G,C5,,,,,,,D,G,,,,B,A,,,A,,,C,,,,MACARTHUR HELIPRT,00005,C,,,,,,,,,,00005,,,,A,,030000,,000222,,399,,B2,,T3,,,,F6,,G7,,A,64,A,23,64,A,21,64,1,33,,,,,,,,,,,,,,,,,,,,,,N,0,0,0,1,0,1,0,0,0,0,0,0,0,0,0,0,0,0,,0,0,0,0,0,0,0,0,0,0,0,0,0,0,0,0,0,0,0,0,0,0,0,0,0,0,0,0,0,0,0,0,0,1,0,1,0,0,0,2,0,2,0,0,0,0,0,0,0,0,0,0,0,0,,,,,0,0,0,0,0,0,0,PRE1982.MDB,2026-04-14 02:19:16.142676
1331,1966-02-19 00:00:00,3 0016,N1828B,1964-01-02 00:00:00,,EXCELSIOR MINN,LUSCOMBE,8F,,1600,A,23,089,03,20,12,A,A,A,1,A,S,,,D,B0,,,Q,C1,,,,,,,,,,,,B,B,,,A,,,F,,,,,,,,,,,,,,,,,,,,A,,00050A,,00016A,,23A,,JA,,AA,,,,AA,,,,A,64,A,16,,,,,,,,,,,,,,,,,,,,,,,,,,,,M,0,0,1,0,0,1,0,0,0,0,0,0,0,0,0,0,0,0,,0,0,0,0,0,0,0,0,0,0,0,0,0,0,0,0,0,0,0,0,0,0,0,0,0,0,0,0,0,0,0,0,1,0,0,1,0,0,2,0,0,2,0,0,0,0,0,0,0,0,0,0,0,0,,,,,0,0,0,0,0,0,0,PRE1982.MDB,2026-04-14 02:19:16.142676
515,1966-07-07 00:00:00,2 0264,N8034P,1964-01-23 00:00:00,N,HOODSPORT WASH,PIPER,PA24,,2150,A,47,124,25,12,09,A,A,A,1,A,D,,,M,B0,,,U,D1,N1,EB,01500,,,,B,,,,,D,B,B,E,B,,Y,N,Q,,C,MASON COUNTY WASH,00278,Z,,Z,,,Z,05300,,,,02480,A,R,,A,,000922,,000122,,355,,C3,,11,,,,B2,,A1,,A,88,A,02,64,C,04,68,C,F6,,,,,,,,,,,,,,,,,,,,,,F,1,0,0,0,0,1,0,0,0,0,0,0,0,0,0,0,0,0,,0,0,0,0,0,0,0,0,0,0,0,0,0,0,0,0,0,0,0,0,0,0,0,0,0,0,0,0,0,0,0,0,0,0,0,0,1,0,0,0,0,1,0,0,0,0,0,0,0,0,0,0,0,0,,,,,0,0,0,0,0,0,0,PRE1982.MDB,2026-04-14 02:19:16.142676
516,1966-07-07 00:00:00,2 0265,N7510B,1964-02-27 00:00:00,N,YUCCA VALLEY CAL,CHAMPION,7FC,,1710,A,05,003,12,20,12,A,A,A,1,A,D,,,D,B0,,,M0,D8,,,,,,,,,,,,B,A,,,A,,X,A,,00040,A,GIANT ROCK,02820,D,,,,,,04900,,,,02820,,,,A,,003833,,000100,,288,,B2,,A1,,Y8,,F6,,G7,,A,64,A,54,88,A,14,64,A,33,,,,,,,,,,,,,,,,,,,,,,F,1,0,0,0,0,1,0,0,0,0,0,0,0,0,0,0,0,0,,0,0,0,0,0,0,0,0,0,0,0,0,0,0,0,0,0,0,0,0,0,0,0,0,0,0,0,0,0,0,1,0,0,0,0,1,2,0,0,0,0,2,0,0,0,0,0,0,0,0,0,0,0,0,,,,,0,0,0,0,0,0,0,PRE1982.MDB,2026-04-14 02:19:16.142676
517,1966-07-07 00:00:00,2 0266,N91451,1964-03-21 00:00:00,,PALA CALIF,NAVION,A,,Z,A,05,107,01,20,15,A,A,A,1,A,D,Y,,D,B0,,,M0,D1,,,,,,,,,,,,B,B,N,A,A,,Z,N,,,,,,,,,,,,,,,,4100,A,,,A,,000911,,000466,,466,,C3,,A1,,Y8,,A1,,Y8,,A,64,A,04,64,A,33,64,1,29,,,,,,,,,,,,,,,,,,,,,,F,1,0,0,0,0,1,0,0,0,0,0,0,0,0,0,0,0,0,,0,0,0,0,0,0,0,0,0,0,0,0,0,0,0,0,0,0,0,0,0,0,0,0,0,0,0,0,0,0,2,0,0,0,0,2,3,0,0,0,0,3,0,0,0,0,0,0,0,0,0,0,0,0,,,,,0,0,0,0,0,0,0,PRE1982.MDB,2026-04-14 02:19:16.142676
518,1966-07-07 00:00:00,2 0267,N615CF,1964-04-23 00:00:00,,ALTA LOMA CALIF,CESSNA,150,,0705,A,05,039,12,20,22,A,A,A,1,A,D,,Z,A,A3,,,M1,D9,,,,,,,,,,,,B,A,N,A,A,,Z,N,C,Z,A,CABLE AIRPORT,1450,,,,,,,,,,,03210,A,,,A,,000299,,000299,,455,,C3,,A1,,Y8,,A1,,L3,,A,64,A,04,68,A,C0,,,,,,,,,,,,,,,,,,,,,,,,,F,1,0,0,0,0,1,0,0,0,0,0,0,0,0,0,0,0,0,,0,0,0,0,0,0,0,0,0,0,0,0,0,0,0,0,0,0,0,0,0,0,0,0,0,0,0,0,0,0,0,0,0,0,0,0,1,0,0,0,0,1,0,0,0,0,0,0,0,0,0,0,0,0,,,,,0,0,0,0,0,0,0,PRE1982.MDB,2026-04-14 02:19:16.142676
519,1966-07-07 00:00:00,2 0268,N977C,1964-05-13 00:00:00,,HOLLISTER CALIF,HILLER,UH12L4,,0800,A,05,076,,12,39,B,E,A,1,A,S,,,K,DB,,,6,DC,,,04000,,,,A,G,A,,,B,A,,,A,,,I,,,,HOLLISTER,00234,,,,,,,,,,,,,,,A,,064833,,007000,,377,,A1,,T3,,Y8,,G7,,G7,,A,68,A,J2,78,J,AB,75,J,AA,,,,,,,,,,,,,,,,,,,,,,N,0,0,0,1,0,1,0,0,0,0,0,0,0,0,0,0,0,0,,0,0,0,0,0,0,0,0,0,0,0,0,0,0,0,0,0,0,0,0,0,0,0,0,0,0,0,0,0,0,0,0,0,0,0,0,0,0,0,1,0,1,0,0,0,0,0,0,0,0,0,0,0,0,,,,,0,0,0,0,0,0,0,PRE1982.MDB,2026-04-14 02:19:16.142676
520,1966-07-07 00:00:00,2 0269,N9960C,1964-05-20 00:00:00,,WINTHROP WASH,CALLAIR,A5,,1600,A,47,034,01,12,06,A,A,A,1,A,D,,Z,C,DD,,,M0,D1,,,,,,,,,,,,B,A,,,A,,,N,,,,,,,,,,,,,,,,04200,A,,,A,,008755,,000155,,266,,B2,,A1,,Y8,,C3,,G7,,A,64,A,27,64,A,29,64,1,33,,,,,,,,,,,,,,,,,,,,,,F,1,0,0,0,0,1,0,0,0,0,0,0,0,0,0,0,0,0,,0,0,0,0,0,0,0,0,0,0,0,0,0,0,0,0,0,0,0,0,0,0,0,0,0,0,0,0,0,0,0,0,1,0,0,1,1,0,1,0,0,2,0,0,0,0,0,0,0,0,0,0,0,0,,,,,0,0,0,0,0,0,0,PRE1982.MDB,2026-04-14 02:19:16.142676
521,1966-07-07 00:00:00,2 0270,N7848C,1964-05-22 00:00:00,N,ROME OREGON,GRUMMAN,TBM-3U,,0920,A,37,071,05,52,28,A,A,B,1,A,D,Y,,C,CA,,,Q,DK,,,,,,,,,,,,B,A,,,A,,Y,N,,,,,,,,,,,,,,,,05000,A,,,A,,051433,,000800,,400,,B2,,P7,,Y8,,C3,,G7,,A,64,A,54,64,A,27,64,A,33,84,A,1,,,,,,,,,,,,,,,,,,,F,1,0,0,0,0,1,0,0,0,0,0,0,0,0,0,0,0,0,,0,0,0,0,0,0,0,0,0,0,0,0,0,0,0,0,0,0,0,0,0,0,0,0,0,0,0,0,0,0,0,0,0,0,0,0,1,0,0,0,0,1,0,0,0,0,0,0,0,0,0,0,0,0,,,,,0,0,0,0,0,0,0,PRE1982.MDB,2026-04-14 02:19:16.142676
522,1969-06-24 00:00:00,2 0271,N1101M,1964-05-28 00:00:00,,ALPHA ILL,BEECHCRAFT,B55,,1530,A,13,022,24,20,28,A,A,A,2,A,D,,,D,A0,,,Q,D1,,,01450,,,,,,,,,B,A,,,A,,,N,,,,,,,,,,,,,,,,00650,C,,,A,C,044466,000877,000588,000133,366,377,E5,C3,P7,A1,Y8,X7,F6,B2,G7,D4,C,66,A,16,64,A,30,88,J,85,88,1,07,,,,,,,,,,,,,,,,,,,F,1,0,0,0,0,1,0,0,0,0,0,0,1,0,0,0,0,1,,0,0,0,0,0,0,0,0,0,0,0,0,0,0,0,0,0,0,0,0,0,0,0,0,0,0,0,0,0,0,0,0,0,0,0,0,2,0,0,0,0,2,0,0,0,0,0,0,0,0,0,0,0,0,,,,,0,0,0,0,0,0,0,PRE1982.MDB,2026-04-14 02:19:16.142676
523,1966-08-05 00:00:00,2 0272,N6737P,1964-06-09 00:00:00,,9OE UMIAT ALAS,BELL,47J,,0610,A,02,024,04,12,15,B,E,A,1,A,S,,,E,CI,,,6,A3,,,,,,,,,,,,B,A,,,A,,,A,,,G,,,,,,,,,,,,,00600,,,,A,,072100,,002100,,422,,E5,,T3,,Y8,,C3,,G7,,A,64,A,08,82,A,H,,,,,,,,,,,,,,,,,,,,,,,,,N,0,0,0,1,0,1,0,0,0,0,0,0,0,0,0,0,0,0,,0,0,0,0,0,0,0,0,0,0,0,0,0,0,0,0,0,0,0,0,0,0,0,0,0,0,0,0,0,0,0,0,0,0,0,0,0,0,0,1,0,1,0,0,0,0,0,0,0,0,0,0,0,0,,,,,0,0,0,0,0,0,0,PRE1982.MDB,2026-04-14 02:19:16.142676
524,1966-07-07 00:00:00,2 0273,N45213,1964-06-13 00:00:00,,DIXON CALIF,US NAVY,N3N1,,1735,A,05,106,01,39,07,A,A,A,1,A,N,,Z,C,CA,,,NA,DG,,,,,,,,,,,,B,A,,,A,,,N,,,,,,,,,,,,,,,,00067,D,,,A,,150000,,080000,,422,,B2,,M4,,Y8,,C3,,G7,,A,84,A,J,,,,,,,,,,,,,,,,,,,,,,,,,,,,F,0,0,0,1,0,1,0,0,0,0,0,0,0,0,0,0,0,0,,0,0,0,0,0,0,0,0,0,0,0,0,0,0,0,0,0,0,0,0,0,0,0,0,0,0,0,0,0,0,0,0,0,0,0,0,0,0,0,1,0,1,0,0,0,0,0,0,0,0,0,0,0,0,,,,,1,0,0,1,0,2,0,PRE1982.MDB,2026-04-14 02:19:16.142676
525,1966-07-07 00:00:00,2 0274,N8552A,1964-06-17 00:00:00,,RAWLINS WYO,BEECHCRAFT,A35,,1545,A,50,022,19,20,15,A,A,A,1,A,D,,,D,B2,,,Q,C1,,,06984,,,,,,,,,B,A,D,A,A,,Y,A,,00500,A,RAWLINS MUNICIPAL,06780,A,,,,,A,05500,,,,06750,,,,A,,025466,,021322,,577,,C3,,E5,,Y8,,B2,,D4,,A,64,A,16,88,A,76,82,A,W,82,A,H,,,,,,,,,,,,,,,,,,,F,1,0,0,0,0,1,0,0,0,0,0,0,0,0,0,0,0,0,,0,0,0,0,0,0,0,0,0,0,0,0,0,0,0,0,0,0,0,0,0,0,0,0,0,0,0,0,0,0,2,0,0,0,0,2,3,0,0,0,0,3,0,0,0,0,0,0,0,0,0,0,0,0,,,,,0,0,0,0,0,0,0,PRE1982.MDB,2026-04-14 02:19:16.142676
526,1966-07-07 00:00:00,2 0275,N5554T,1964-07-12 00:00:00,N,MILPITAS CALIF,CESSNA,172E,,1123,A,05,039,14,20,24,A,A,A,1,A,D,,,F,DC,,,Q,EJ,,,00160,,,,,,,,,B,A,,,A,,,N,G,Z,A,SAN JOSE,00056,,,,,,,,,,,00010,D,,,A,,002977,,000166,,255,,B2,,A1,,Y8,,B2,,C3,,A,64,A,71,,,,,,,,,,,,,,,,,,,,,,,,,,,,F,0,1,0,0,0,1,0,0,0,0,0,0,0,0,0,0,0,0,,0,0,0,0,0,0,0,0,0,0,0,0,0,0,0,0,0,0,0,0,0,0,0,0,0,0,0,0,0,0,1,1,0,0,0,2,1,2,0,0,0,3,0,0,0,0,0,0,0,0,0,0,0,0,,,,,0,0,0,0,0,0,0,PRE1982.MDB,2026-04-14 02:19:16.142676
527,1966-07-07 00:00:00,2 0276,N2550D,1964-06-30 00:00:00,N,MUSKOGEE OKLA,CESSNA,170B,,1950,A,36,039,13,20,14,A,A,A,1,A,D,Y,,D,B0,,,Q,D2,,,01010,,,,,,,,,C,A,,,A,,,H,H,Z,E,SHUMACHER,00568,D,,,,,,02000,,,,00610,D,,,A,,001222,,Z9,,333,,C3,,A1,,Z9,,B2,,Y8,,A,64,A,16,88,A,67,,,,,,,,,,,,,,,,,,,,,,,,,F,1,0,0,0,0,1,0,0,0,0,0,0,0,0,0,0,0,0,,0,0,0,0,0,0,0,0,0,0,0,0,0,0,0,0,0,0,0,0,0,0,0,0,0,0,0,0,0,0,3,0,0,0,0,3,4,0,0,0,0,4,0,0,0,0,0,0,0,0,0,0,0,0,,,,,0,0,0,0,0,0,0,PRE1982.MDB,2026-04-14 02:19:16.142676
528,1966-07-07 00:00:00,2 0277,N3161A,1964-07-29 00:00:00,N,BLODGETT MO,CESSNA,170B,,1555,A,25,039,13,20,24,A,A,A,1,A,D,,,D,B2,,,M0,D7,,,00915,,,,,,,,,B,A,,,A,,,N,,,,,,,,,,,,,,,,00315,D,,,A,,020000,,Z9,,477,,C3,,A1,,Z9,,B2,,Y8,,A,64,A,33,64,A,20,64,A,29,88,A,14,88,A,76,88,1,67,,,,,,,,,,,,,F,1,0,0,0,0,1,0,0,0,0,0,0,0,0,0,0,0,0,,0,0,0,0,0,0,0,0,0,0,0,0,0,0,0,0,0,0,0,0,0,0,0,0,0,0,0,0,0,0,2,0,0,0,0,2,3,0,0,0,0,3,0,0,0,0,0,0,0,0,0,0,0,0,,,,,0,0,0,0,0,0,0,PRE1982.MDB,2026-04-14 02:19:16.142676
529,1968-10-03 00:00:00,2 0278,N8313T,1964-02-20 00:00:00,,FIRE IS ALAS,CESSNA,175,,1400,A,02,039,15,20,23,A,A,A,1,A,D,,,E,CI,,,NF,C0,,,,,,,,,,,,B,A,,,A,,,A,,,,FIRE ISLAND,00003,Y,Y,,,,,01150,,,,00010,,,,A,,004255,,001388,,255,,A1,,I9,,Y8,,C3,,G7,,A,64,A,65,64,A,64,84,A,J,64,A,80,,,,,,,,,,,,,,,,,,,C,0,1,0,0,0,1,0,0,0,0,0,0,0,0,0,0,0,0,,0,0,0,0,0,0,0,0,0,0,0,0,0,0,0,0,0,0,0,0,0,0,0,0,0,0,0,0,0,0,0,3,0,0,0,3,0,4,0,0,0,4,0,0,0,0,0,0,0,0,0,0,0,0,,,,,0,0,0,0,0,0,0,PRE1982.MDB,2026-04-14 02:19:16.142676
530,1965-06-23 00:00:00,2 0279,N76641,1964-04-02 00:00:00,,PLYMOUTH MASS,CESSNA,140,,1700,A,21,039,10,20,11,A,A,A,1,A,D,,,D,B0,,,Q3,EJ,,,,,,,,,,,,B,A,,,A,,,A,,,F,PLYMOUTH,00149,A,,,,,Z,03000,,,,,,,,A,,00078A,,00017A,,46A,,ZA,,AA,,A,,BA,,A,,A,64,C,29,82,C,H,,,,,,,,,,,,,,,,,,,,,,,,,C,0,1,0,0,0,1,0,0,0,0,0,0,0,0,0,0,0,0,,0,0,0,0,0,0,0,0,0,0,0,0,0,0,0,0,0,0,0,0,0,0,0,0,0,0,0,0,0,0,0,0,1,0,0,1,0,1,1,0,0,2,0,0,0,0,0,0,0,0,0,0,0,0,,,,,0,0,0,0,0,0,0,PRE1982.MDB,2026-04-14 02:19:16.142676
531,1966-05-07 00:00:00,2 0280,N91864,1964-04-04 00:00:00,,HILLTOWN PA,SCHWEIZER,SGU222,,1400,A,38,142,06,,,C,A,A,0,E,S,,,M,B0,,,G,EE,,,,,,,,,,,,B,A,,,A,,,C,,,E,,,Z,Z,,,,,,,,,,,,,A,,00141A,,00040A,,ZA,,CA,,VA,,YA,,BA,,A,,A,64,A,16,64,J,28,82,J,M,,,,,,,,,,,,,,,,,,,,,,C,0,0,0,1,0,1,0,0,0,0,0,0,0,0,0,0,0,0,,0,0,0,0,0,0,0,0,0,0,0,0,0,0,0,0,0,0,0,0,0,0,0,0,0,0,0,0,0,0,0,1,0,0,0,1,0,1,0,1,0,2,0,0,0,0,0,0,0,0,0,0,0,0,,,,,0,0,0,0,0,0,0,PRE1982.MDB,2026-04-14 02:19:16.142676
532,1965-09-03 00:00:00,2 0281,N7752P,1964-04-04 00:00:00,,ALEXANDRIA LA,PIPER,PA24,,1716,A,18,124,25,12,09,A,A,A,1,A,D,,,D,B2,,,Q,C1,,,,,,,,,,,,B,A,,,A,,,G,G,L0100,A,ESLER FIELD,,A,,,,,,05200,,,,,C,,,A,,004300,,000300,,411,,C3,,A1,,Y8,,C3,,Y8,,A,64,A,16,64,J,11,64,J,24,88,J,76,,,,,,,,,,,,,,,,,,,C,0,1,0,0,0,1,0,0,0,0,0,0,0,0,0,0,0,0,,0,0,0,0,0,0,0,0,0,0,0,0,0,0,0,0,0,0,0,0,0,0,0,0,0,0,0,0,0,0,0,3,0,0,0,3,0,4,0,0,0,4,0,0,0,0,0,0,0,0,0,0,0,0,,,,,0,0,0,0,0,0,0,PRE1982.MDB,2026-04-14 02:19:16.142676
533,1968-10-03 00:00:00,2 0282,N9833X,1964-04-05 00:00:00,,MONTAUK N Y,CESSNA,185,,1530,A,32,039,26,20,28,A,B,A,1,A,M,,,D,B0,,,W,B2,,,,,,,,,,,,B,A,,,A,,,Z,,,,,,,,,,,,,,,,,K,,,A,,003100,,003000,,377,,C3,,C3,,Y8,,A1,,Y8,,A,84,A,J,,,,,,,,,,,,,,,,,,,,,,,,,,,,C,0,0,0,1,0,1,0,0,0,0,0,0,0,0,0,0,0,0,,0,0,0,0,0,0,0,0,0,0,0,0,0,0,0,0,0,0,0,0,0,0,0,0,0,0,0,0,0,0,0,0,0,0,0,0,0,0,0,1,0,1,0,0,0,0,0,0,0,0,0,0,0,0,,,,,0,1,0,1,0,2,0,PRE1982.MDB,2026-04-14 02:19:16.142676
534,1965-09-03 00:00:00,2 0283,N2185C,1964-04-07 00:00:00,,YORK S C,CESSNA,195,,0542,A,40,039,18,29,,A,A,A,1,A,D,,,D,B2,,,N0,C1,,,,,,,,,,,,A,B,P,Z,C,,Y,F,A,Z,F,YORK,Z,C,A,F,,,,03000,,,,Z,D,,,A,,070000,,020000,,455,,C3,,E5,,Y8,,B2,,D4,,A,64,A,35,,,,,,,,,,,,,,,,,,,,,,,,,,,,C,0,1,0,0,0,1,0,0,0,0,0,0,0,0,0,0,0,0,,0,0,0,0,0,0,0,0,0,0,0,0,0,0,0,0,0,0,0,0,0,0,0,0,0,0,0,0,0,0,0,0,0,0,0,0,0,1,0,0,0,1,0,0,0,0,0,0,0,0,0,0,0,0,,,,,0,0,0,0,0,0,0,PRE1982.MDB,2026-04-14 02:19:16.142676
535,1964-12-07 00:00:00,2 0284,N83867,1964-04-08 00:00:00,,AMES OKLA,AERONCA,7AC,,1800,A,36,003,12,20,06,A,A,A,1,A,S,,,F,B0,,,Q,C1,,,,,,,,,,,,B,A,,,A,,,Z,,,,,,,,,,,,,,,,00800,D,,,A,,01080,,00060,,27,,E,,A,,Y,,F,,G,,A,64,A,16,64,J,24,,,,,,,,,,,,,,,,,,,,,,,,,C,0,1,0,0,0,1,0,0,0,0,0,0,0,0,0,0,0,0,,0,0,0,0,0,0,0,0,0,0,0,0,0,0,0,0,0,0,0,0,0,0,0,0,0,0,0,0,0,0,0,0,0,0,0,0,0,1,0,0,0,1,0,0,0,0,0,0,0,0,0,0,0,0,,,,,0,0,0,0,0,0,0,PRE1982.MDB,2026-04-14 02:19:16.142676
536,1965-06-23 00:00:00,2 0285,N375TM,1964-04-11 00:00:00,N,HILO HAWAII,LOCKHEED,PV2,,0200,A,91,088,02,39,26,A,A,B,2,A,D,Y,Z,D,DD,,,U,D1,4,EE,Z,,,,C,,,,,D,A,B,A,C,,Y,N,,,,,,,,,,,,,,,,,K,,,A,B,03000A,ZB,00080A,ZB,41A,ZB,CA,BB,MA,AB,YA,XB,BA,BB,A,B,A,88,C,96,74,A,CY,88,J,88,,,,,,,,,,,,,,,,,,,,,,M,0,0,1,0,0,1,0,0,1,0,0,1,0,0,0,0,0,0,,0,0,0,0,0,0,0,0,0,0,0,0,0,0,0,0,0,0,0,0,0,0,0,0,0,0,0,0,0,0,0,0,0,0,0,0,0,0,2,0,0,2,0,0,0,0,0,0,0,0,0,0,0,0,,,,,0,0,0,0,0,0,0,PRE1982.MDB,2026-04-14 02:19:16.142676
537,1966-05-11 00:00:00,2 0286,N5367W,1964-04-15 00:00:00,,KREMMLING COLO,PIPER,PA28,,1900,A,06,124,28,12,06,A,A,A,1,A,D,,,D,B0,,,A,EE,Q,EJ,,,,,,,,,,C,A,Z,Z,A,,,A,,Z,F,MCELROY FIELD,07410,Y,,,,,,,,,,,,,,A,,006788,,000588,,555,,C3,,A1,,,,A1,,Y8,,A,82,A,H,64,A,33,64,J,21,,,,,,,,,,,,,,,,,,,,,,C,0,1,0,0,0,1,0,0,0,0,0,0,0,0,0,0,0,0,,0,0,0,0,0,0,0,0,0,0,0,0,0,0,0,0,0,0,0,0,0,0,0,0,0,0,0,0,0,0,0,0,0,0,0,0,0,1,0,0,0,1,0,0,0,0,0,0,0,0,0,0,0,0,,,,,0,0,0,0,0,0,0,PRE1982.MDB,2026-04-14 02:19:16.142676
538,1965-09-03 00:00:00,2 0287,N44515,1964-04-18 00:00:00,,CRESTVIEW FLA,CULVER,V,,0945,A,09,154,05,20,11,A,A,A,1,A,D,Y,,D,B0,,,Q,C1,,,,,,,,,,,,B,A,,,B,,,E,J,Z,F,CRESTVIEW,00274,C,,,,,,03300,,,,,,,,A,,030000,,Z9,,344,,B2,,P7,,,,C3,,I9,,A,64,A,16,64,J,80,,,,,,,,,,,,,,,,,,,,,,,,,C,0,1,0,0,0,1,0,0,0,0,0,0,0,0,0,0,0,0,,0,0,0,0,0,0,0,0,0,0,0,0,0,0,0,0,0,0,0,0,0,0,0,0,0,0,0,0,0,0,0,1,0,0,0,1,0,2,0,0,0,2,0,0,0,0,0,0,0,0,0,0,0,0,,,,,0,0,0,0,0,0,0,PRE1982.MDB,2026-04-14 02:19:16.142676
539,1966-05-07 00:00:00,2 0288,N904Q,1964-04-23 00:00:00,,EL DORADO KAN,BEECHCRAFT,35B33,,1430,A,16,022,20,20,28,A,A,A,1,A,D,,,K,DB,,,Q,D7,M1,D9,,,,,,,,,B,B,A,,,A,,,N,,,,,,,,,,,,,,,,1500,D,,,A,,122700,,002000,,522,,E5,,S2,,Y8,,F6,,G7,,A,84,A,I,,,,,,,,,,,,,,,,,,,,,,,,,,,,C,0,1,0,0,0,1,0,0,0,0,0,0,0,0,0,0,0,0,,0,0,0,0,0,0,0,0,0,0,0,0,0,0,0,0,0,0,0,0,0,0,0,0,0,0,0,0,0,0,0,0,0,0,0,0,0,1,0,0,0,1,0,0,0,0,0,0,0,0,0,0,0,0,,,,,0,0,0,0,0,0,0,PRE1982.MDB,2026-04-14 02:19:16.142676
540,1966-02-19 00:00:00,2 0289,N7214W,1964-04-23 00:00:00,,CRYSTAL CITY TEX,PIPER,PA28,,1800,A,43,124,28,12,09,A,A,A,1,A,D,,,D,B0,,,K,EB,Q,EB,,,,,,,,,,B,A,,,A,,,E,,R0100,A,CRYSTAL CITY,00610,Z,,,,,C,03500,,,,00590,,,,A,,030000,,001000,,455,,E5,,M4,,Y8,,C3,,Y8,,A,64,C,16,64,J,45,88,1,AW,,,,,,,,,,,,,,,,,,,,,,C,0,1,0,0,0,1,0,0,0,0,0,0,0,0,0,0,0,0,,0,0,0,0,0,0,0,0,0,0,0,0,0,0,0,0,0,0,0,0,0,0,0,0,0,0,0,0,0,0,0,0,2,1,0,3,0,1,2,1,0,4,0,0,0,0,0,0,0,0,0,0,0,0,,,,,0,0,0,0,0,0,0,PRE1982.MDB,2026-04-14 02:19:16.142676
541,1966-02-19 00:00:00,2 0290,N1879B,1964-04-25 00:00:00,,CALISTOGA CALIF,LUSCOMBE,8F,,1545,A,05,089,03,20,12,A,A,A,1,A,D,,,D,B0,,,K,EB,N0,EB,,,,,,,,,,B,A,,,A,,,E,,R0165,A,CALISTOGA,00365,A,,,,,,,,,,,,,,A,,011000,,008000,,444,,C3,,A1,,Y8,,B2,,Y8,,A,64,A,17,,,,,,,,,,,,,,,,,,,,,,,,,,,,C,0,1,0,0,0,1,0,0,0,0,0,0,0,0,0,0,0,0,,0,0,0,0,0,0,0,0,0,0,0,0,0,0,0,0,0,0,0,0,0,0,0,0,0,0,0,0,0,0,0,1,0,0,0,1,0,2,0,0,0,2,0,0,0,0,0,0,0,0,0,0,0,0,,,,,0,0,0,0,0,0,0,PRE1982.MDB,2026-04-14 02:19:16.142676
542,1966-07-07 00:00:00,2 0291,N3686P,1964-04-29 00:00:00,N,BELT MONTANA,PIPER,PA18A,,0705,A,26,124,21,12,06,A,A,A,1,A,D,,,C,CA,,,N0,DG,,,,,,,,,,,,B,A,,,A,,,J,I,,G,,,,,,,,,,,,,03500,D,R,,A,,087222,,004500,,377,,B2,,M4,,Y8,,C3,,G7,,A,64,A,54,,,,,,,,,,,,,,,,,,,,,,,,,,,,F,1,0,0,0,0,1,0,0,0,0,0,0,0,0,0,0,0,0,,0,0,0,0,0,0,0,0,0,0,0,0,0,0,0,0,0,0,0,0,0,0,0,0,0,0,0,0,0,0,0,0,0,0,0,0,1,0,0,0,0,1,0,0,0,0,0,0,0,0,0,0,0,0,,,,,0,0,0,0,0,0,0,PRE1982.MDB,2026-04-14 02:19:16.142676
543,1966-07-07 00:00:00,2 0292,N6702D,1964-05-15 00:00:00,,10SE HOUMA LA,BELL,47G2A,,1245,A,18,024,03,12,15,B,B,A,1,A,D,Y,,F,CT,,,6,C2,I,C5,00006,,,,B,G,,,,B,A,,,A,,,N,,,,,,,,,,,,,,,,00000,D,,,A,,008122,,002877,,255,,B2,,T3,,Y8,,C3,,G7,,A,84,C,I,64,3,23,,,,,,,,,,,,,,,,,,,,,,,,,M,0,0,1,0,0,1,0,0,0,0,0,0,0,0,0,0,0,0,,0,0,0,0,0,0,0,0,0,0,0,0,0,0,0,0,0,0,0,0,0,0,0,0,0,0,0,0,0,0,0,0,1,0,0,1,0,0,2,0,0,2,0,0,0,0,0,0,0,0,0,0,0,0,,,,,0,0,3,0,0,3,0,PRE1982.MDB,2026-04-14 02:19:16.142676
544,1966-07-07 00:00:00,2 0293,N7373Y,1964-05-18 00:00:00,,EUREKA CALIF,PIPER,PA30,,1445,A,05,124,29,12,33,A,A,A,2,A,D,,,D,B2,,,M1,D9,,,,,,,,,,,,B,B,N,A,A,,Y,G,P,,C,MURRAY FIELD,00005,,,,,,,,,,,00000,D,,,A,,020500,,000155,,488,,C3,,M4,,Y8,,B2,,D4,,,64,A,02,64,A,04,64,A,33,82,A,A,82,A,D,64,J,29,64,J,66,88,J,88,,,,,,,F,1,0,0,0,0,1,0,0,0,0,0,0,0,0,0,0,0,0,,0,0,0,0,0,0,0,0,0,0,0,0,0,0,0,0,0,0,0,0,0,0,0,0,0,0,0,0,0,0,1,0,0,0,0,1,2,0,0,0,0,2,0,0,0,0,0,0,0,0,0,0,0,0,,,,,0,0,0,0,0,0,0,PRE1982.MDB,2026-04-14 02:19:16.142676
545,1967-04-25 00:00:00,2 0294,N981B,1964-05-28 00:00:00,,MIAMI FLA,BELL,47H1,,1821,A,09,024,02,04,13,B,E,A,1,A,S,,,D,B0,,,G,EH,,,,,,,,,,,,B,A,,,A,,,Z,,,,,,,,,,,,,,,,00010,D,,,A,,025766,,000100,,299,,B2,,T3,,Y8,,B2,,A,,A,64,A,25,64,A,23,,,,,,,,,,,,,,,,,,,,,,,,,N,0,0,0,1,0,1,0,0,0,0,0,0,0,0,0,0,0,0,,0,0,0,0,0,0,0,0,0,0,0,0,0,0,0,0,0,0,0,0,0,0,0,0,0,0,0,0,0,0,0,0,0,2,0,2,0,0,0,3,0,3,0,0,0,0,0,0,0,0,0,0,0,0,,,,,0,0,0,0,0,0,0,PRE1982.MDB,2026-04-14 02:19:16.142676
546,1966-07-07 00:00:00,2 0295,N8975R,1964-05-30 00:00:00,,ANCHORAGE ALASKA,CHAMPION,7GC,,1722,A,02,003,12,12,05,A,A,A,1,A,D,,,D,B0,,,K,EB,,,,,,,,,,,,B,A,,,A,,,A,C,00200,C,CAMPBELL ARMY AF,00266,Y,,,,,,05000,,,,00286,,,,A,,002000,,Z9,,555,,F6,,A1,,X7,,B2,,H8,,A,64,A,17,68,A,C1,64,1,16,,,,,,,,,,,,,,,,,,,,,,F,1,0,0,0,0,1,0,0,0,0,0,0,0,0,0,0,0,0,,0,0,0,0,0,0,0,0,0,0,0,0,0,0,0,0,0,0,0,0,0,0,0,0,0,0,0,0,0,0,0,0,0,0,0,0,1,0,0,0,0,1,0,0,0,0,0,0,0,0,0,0,0,0,,,,,0,0,0,0,0,0,0,PRE1982.MDB,2026-04-14 02:19:16.142676
547,1968-10-03 00:00:00,2 0296,N5907X,1964-06-05 00:00:00,,OKLA CITY OKLA,BRANTLY,B2,,1445,A,36,028,01,12,10,B,E,A,1,A,S,,,F,B1,,,NF,D4,I,EY,,,,,,,,,,B,A,,,A,,,N,,,,,,,,,,,,,,,,01270,Y,,,A,Y,08000A,ZY,00150A,ZY,47A,ZY,AA,ZA,TA,ZA,YA,ZA,GA,ZA,A,A,Y,64,A,30,84,A,J,,,,,,,,,,,,,,,,,,,,,,,,,C,0,1,0,0,0,1,0,1,0,0,0,1,0,0,0,0,0,0,,0,0,0,0,0,0,0,0,0,0,0,0,0,0,0,0,0,0,0,0,0,0,0,0,0,0,0,0,0,0,0,0,0,0,0,0,0,2,0,0,0,2,0,0,0,0,0,0,0,0,0,0,0,0,,,,,0,0,0,0,0,0,0,PRE1982.MDB,2026-04-14 02:19:16.142676
548,1966-07-07 00:00:00,2 0297,N57016,1964-06-07 00:00:00,N,MERCED CALIFORNIA,RYAN,ST-3KR,,1615,A,05,137,04,25,05,A,A,A,1,A,D,,,D,B0,,,Q,D7,,,02000,,,,,,,,,B,A,,,A,,,J,I,,A,MERCED MUNICIPAL,00155,,,,,,,,,,,00150,D,,,A,,018033,,000255,,444,,B2,,E5,,Y8,,B2,,A1,,A,64,A,16,64,A,23,88,A,14,,,,,,,,,,,,,,,,,,,,,,F,1,0,0,0,0,1,0,0,0,0,0,0,0,0,0,0,0,0,,0,0,0,0,0,0,0,0,0,0,0,0,0,0,0,0,0,0,0,0,0,0,0,0,0,0,0,0,0,0,0,0,0,0,0,0,1,0,0,0,0,1,0,0,0,0,0,0,0,0,0,0,0,0,,,,,0,0,0,0,0,0,0,PRE1982.MDB,2026-04-14 02:19:16.142676
549,1966-07-07 00:00:00,2 0298,N73902,1964-06-10 00:00:00,,REFUGIO TEX,BELL,47J2,,1030,A,43,024,04,12,20,B,E,A,1,A,S,,,D,B1,,,G,EI,,,,,,,,,,,,B,A,,,A,,,A,,,E,OCONNOR RANCH,00050,B,,,,,,,,,,00050,,,,A,,008000,,003000,,322,,B2,,T3,,Y8,,C3,,G7,,A,64,A,25,88,J,85,,,,,,,,,,,,,,,,,,,,,,,,,N,0,0,0,1,0,1,0,0,0,0,0,0,0,0,0,0,0,0,,0,0,0,0,0,0,0,0,0,0,0,0,0,0,0,0,0,0,0,0,0,0,0,0,0,0,0,0,0,0,0,0,0,0,0,0,0,0,0,1,0,1,0,0,0,0,0,0,0,0,0,0,0,0,,,,,0,0,0,0,0,0,0,PRE1982.MDB,2026-04-14 02:19:16.142676
550,1969-07-29 00:00:00,2 0299,N322A,1964-06-10 00:00:00,,HARRISBURG ARK,BELL,47D1,,1440,A,04,024,02,04,13,B,E,A,1,A,S,,,C,CA,,,U,DK,G,EI,00020,,,,B,,,,,B,A,,,A,,,N,Z,,,,,,,,,,,,,,,00245,D,,,A,,090000,,000600,,377,,B2,,T3,,Y8,,C3,,G7,,A,88,A,96,88,A,64,68,A,D0,68,A,D4,83,K,Y,,,,,,,,,,,,,,,,N,0,0,0,1,0,1,0,0,0,0,0,0,0,0,0,0,0,0,,0,0,0,0,0,0,0,0,0,0,0,0,0,0,0,0,0,0,0,0,0,0,0,0,0,0,0,0,0,0,0,0,0,0,0,0,0,0,0,1,0,1,0,0,0,0,0,0,0,0,0,0,0,0,,,,,0,0,0,0,0,0,0,PRE1982.MDB,2026-04-14 02:19:16.142676
551,1967-04-25 00:00:00,2 0300,N5511V,1964-06-13 00:00:00,,COLUSA CALIF,BELL,47D1,,1835,A,05,024,02,04,13,B,E,A,1,A,S,,,D,CY,,,Q,C2,I,EE,00030,,,,,,,,,B,A,,,A,,,A,,,G,,,,,,,,,,,,,00020,D,,,A,,011800,,000400,,288,,B2,,T3,,Y8,,C3,,A,,A,64,A,18,64,A,23,64,A,21,,,,,,,,,,,,,,,,,,,,,,N,0,0,0,1,0,1,0,0,0,0,0,0,0,0,0,0,0,0,,0,0,0,0,0,0,0,0,0,0,0,0,0,0,0,0,0,0,0,0,0,0,0,0,0,0,0,0,0,0,0,0,0,2,0,2,0,0,0,3,0,3,0,0,0,0,0,0,0,0,0,0,0,0,,,,,0,0,0,0,0,0,0,PRE1982.MDB,2026-04-14 02:19:16.142676
552,1966-07-07 00:00:00,2 0301,N5341V,1964-06-14 00:00:00,,JACOB LAKE ARIZ,HILLER,12E,,1255,A,03,076,04,12,21,B,E,A,1,A,S,,,F,CT,,,Q,C1,,,Z,,,,,,,,,B,A,,,A,,,N,,,,,,,,,,,,,,,,07900,H,,,A,,190000,,020000,,522,,B2,,T3,,Y8,,F6,,G7,,A,64,A,18,64,A,21,64,A,23,82,A,H,82,A,W,,,,,,,,,,,,,,,,N,0,0,0,1,0,1,0,0,0,0,0,0,0,0,0,0,0,0,,0,0,0,0,0,0,0,0,0,0,0,0,0,0,0,0,0,0,0,0,0,0,0,0,0,0,0,0,0,0,0,0,0,1,0,1,0,0,0,2,0,2,0,0,0,0,0,0,0,0,0,0,0,0,,,,,0,0,0,0,0,0,0,PRE1982.MDB,2026-04-14 02:19:16.142676
553,1966-07-07 00:00:00,2 0302,N8734F,1964-06-18 00:00:00,,RED BANK N J,HUGHES,269A,,1510,A,30,077,01,12,09,B,E,A,1,A,D,,,D,DY,,,N0,EH,,,,,,,,,,,,B,A,,,A,,,A,,,F,RED BANK,00080,,,,,,,,,,,,,,,A,,165577,,003700,,455,,Z9,,M4,,Z9,,F6,,G7,,A,64,A,54,,,,,,,,,,,,,,,,,,,,,,,,,,,,C,0,1,0,0,0,1,0,0,0,0,0,0,0,0,0,0,0,0,,0,0,0,0,0,0,0,0,0,0,0,0,0,0,0,0,0,0,0,0,0,0,0,0,0,0,0,0,0,0,0,0,0,0,0,0,0,1,0,0,0,1,0,0,0,0,0,0,0,0,0,0,0,0,,,,,0,0,0,0,0,0,0,PRE1982.MDB,2026-04-14 02:19:16.142676
554,1966-07-07 00:00:00,2 0303,N8892F,1964-06-19 00:00:00,,BROOMFIELD COLO,HUGHES,269A,,0945,A,06,077,01,12,09,B,E,A,1,A,S,,,F,A0,,,G,EI,,,,,,,,,,,,B,A,,,A,,,A,,,F,JEFFERSON COUNTY,05655,,,,,,,,,,,,,,,A,,014322,,000877,,266,,B2,,T3,,Y8,,F6,,G7,,A,64,A,25,88,J,85,,,,,,,,,,,,,,,,,,,,,,,,,N,0,0,0,1,0,1,0,0,0,0,0,0,0,0,0,1,0,1,,0,0,0,0,0,0,0,0,0,0,0,0,0,0,0,0,0,0,0,0,0,0,0,0,0,0,0,0,0,0,0,0,0,0,0,0,0,0,0,2,0,2,0,0,0,0,0,0,0,0,0,0,0,0,,,,,0,0,0,0,0,0,0,PRE1982.MDB,2026-04-14 02:19:16.142676
555,1966-07-07 00:00:00,2 0304,N3733A,1964-06-20 00:00:00,N,REDDING CALIF,PIPER,PA22,,1620,A,05,124,23,12,05,A,A,A,1,A,S,,,D,B0,,,U,D1,Q,EB,01486,,,,B,,,,,B,A,D,A,B,,,N,,,,,,,,,,,,,,,,01386,B,,,A,,004777,,002922,,488,,F6,,A1,,Y8,,B2,,Y8,,A,64,C,29,88,C,63,64,B,16,,,,,,,,,,,,,,,,,,,,,,F,1,0,0,0,0,1,0,0,0,0,0,0,0,0,0,0,0,0,,0,0,0,0,0,0,0,0,0,0,0,0,0,0,0,0,0,0,0,0,0,0,0,0,0,0,0,0,0,0,2,0,0,0,0,2,3,0,0,0,0,3,0,0,0,0,0,0,0,0,0,0,0,0,,,,,0,0,0,0,0,0,0,PRE1982.MDB,2026-04-14 02:19:16.142676
556,1969-06-24 00:00:00,2 0305,N1267X,1964-03-21 00:00:00,,BUTTE MONT,MOONEY,M20E,,1100,A,26,101,03,12,09,A,A,A,1,A,D,,,F,B0,,,M0,D7,,,,,,,,,,,,B,A,,,A,,,N,,,,,,,,,,,,,,,,Z,Z,,,A,,00539A,,00452A,,41A,,BA,,TA,,XA,,CA,,A,,A,64,A,17,88,J,14,64,1,02,,,,,,,,,,,,,,,,,,,,,,F,1,0,0,0,0,1,0,0,0,0,0,0,0,0,0,0,0,0,,0,0,0,0,0,0,0,0,0,0,0,0,0,0,0,0,0,0,0,0,0,0,0,0,0,0,0,0,0,0,1,0,0,0,0,1,2,0,0,0,0,2,0,0,0,0,0,0,0,0,0,0,0,0,,,,,0,0,0,0,0,0,0,PRE1982.MDB,2026-04-14 02:19:16.142676
557,1966-06-22 00:00:00,2 0306,N5460Z,1964-05-01 00:00:00,,BOWLING GRN OHIO,PIPER,PA22,,1014,A,35,124,23,12,04,A,A,A,1,A,D,,,F,A0,,,N0,EJ,,,,,,,,,,,,B,A,,,A,,,N,,,,,,,,,,,,,,,,00675,D,,,A,C,088000,000500,006155,000077,422,,E5,C3,P7,A1,,,F6,A1,G7,,C,64,A,15,64,A,30,83,J,I,88,J,85,,,,,,,,,,,,,,,,,,,F,0,1,0,0,0,1,0,0,0,0,0,0,1,0,0,0,0,1,,0,0,0,0,0,0,0,0,0,0,0,0,0,0,0,0,0,0,0,0,0,0,0,0,0,0,0,0,0,0,0,0,0,0,0,0,1,1,0,0,0,2,0,0,0,0,0,0,0,0,0,0,0,0,,,,,0,0,0,0,0,0,0,PRE1982.MDB,2026-04-14 02:19:16.142676
558,1964-12-07 00:00:00,2 0307,N6983Z,1964-04-08 00:00:00,,EL RENO OKLA,PIPER,PA25,,1730,A,36,124,26,12,20,A,A,A,1,A,M,,,C,CA,,,N0,DH,,,,,,,E,,,,,B,A,,,A,,,Z,,,,,,,,,,,,,,,,01300,,,,A,,04750,,00021,,35,,B,,A,,,,C,,G,,A,64,A,54,,,,,,,,,,,,,,,,,,,,,,,,,,,,C,0,1,0,0,0,1,0,0,0,0,0,0,0,0,0,0,0,0,,0,0,0,0,0,0,0,0,0,0,0,0,0,0,0,0,0,0,0,0,0,0,0,0,0,0,0,0,0,0,0,0,0,0,0,0,0,1,0,0,0,1,0,0,0,0,0,0,0,0,0,0,0,0,,,,,0,0,0,0,0,0,0,PRE1982.MDB,2026-04-14 02:19:16.142676
559,1964-12-07 00:00:00,2 0308,N1782H,1964-04-09 00:00:00,,CINCINNATI OHIO,CESSNA,310C,,1008,A,35,039,22,20,28,A,A,A,2,A,S,,,F,CI,,,U,C1,E,EE,00020,,,,A,,,,,B,A,,,A,,,A,,R0300,,LUNKEN,00488,,,,,,,,,,,,,,,A,,00950,,00080,,35,,B,,P,,,,C,,G,,A,64,C,32,64,C,29,88,C,96,,,,,,,,,,,,,,,,,,,,,,C,0,0,0,1,0,1,0,0,0,0,0,0,0,0,0,0,0,0,,0,0,0,0,0,0,0,0,0,0,0,0,0,0,0,0,0,0,0,0,0,0,0,0,0,0,0,0,0,0,0,1,1,2,0,4,0,1,1,3,0,5,0,0,0,0,0,0,0,0,0,0,0,0,,,,,0,0,0,0,0,0,0,PRE1982.MDB,2026-04-14 02:19:16.142676
560,1966-06-22 00:00:00,2 0309,N3559A,1964-04-15 00:00:00,,BLYTHE CALIF,PIPER,PA22,,1445,A,05,124,23,12,05,A,A,A,1,A,D,,,D,B2,,,U,D1,H,EF,01000,,,,E,B,,,,B,A,,,A,,,G,,,G,,,,,,,,,,,,,00275,Y,,,A,,009500,,001955,,388,,B2,,A1,,,,C3,,Y8,,A,68,C,D0,74,C,AE,74,J,BA,83,K,A,64,L,66,88,J,47,88,J,BF,,,,,,,,,,C,0,0,1,0,0,1,0,0,0,0,0,0,0,0,0,0,0,0,,0,0,0,0,0,0,0,0,0,0,0,0,0,0,0,0,0,0,0,0,0,0,0,0,0,0,0,0,0,0,0,1,1,0,0,2,0,1,2,0,0,3,0,0,0,0,0,0,0,0,0,0,0,0,,,,,0,0,0,0,0,0,0,PRE1982.MDB,2026-04-14 02:19:16.142676
561,1966-07-07 00:00:00,2 0310,N1800D,1964-02-22 00:00:00,N,FORSYTH MONTANA,BEECHCRAFT,C35,,0450,A,26,022,19,20,15,A,A,A,1,A,D,,,E,CI,,,S0,D1,M1,D9,Z,,,,,,,,,D,B,F,A,B,,Y,N,,,,,,,,,,,,,,,,02900,B,R,,A,,120699,,004111,,500,,B2,,R9,,Y8,,F6,,G7,,A,64,C,04,64,C,27,64,C,33,82,C,A,88,J,94,88,J,49,70,J,AA,,,,,,,,,,F,1,0,0,0,0,1,0,0,0,0,0,0,0,0,0,0,0,0,,0,0,0,0,0,0,0,0,0,0,0,0,0,0,0,0,0,0,0,0,0,0,0,0,0,0,0,0,0,0,1,0,0,0,0,1,2,0,0,0,0,2,0,0,0,0,0,0,0,0,0,0,0,0,,,,,0,0,0,0,0,0,0,PRE1982.MDB,2026-04-14 02:19:16.142676
562,1966-07-07 00:00:00,2 0311,N4737D,1964-03-25 00:00:00,N,SARITA TEXAS,CESSNA,182,,2037,A,43,039,17,20,26,A,A,A,1,A,D,Y,,D,B0,,,S0,D1,M1,D9,09500,,,,,,,,,D,B,D,A,A,,Y,N,,,,,,,,,,,,,,,,00026,D,,,A,,002500,,Z9,,577,,F6,,A1,,Y8,,B2,,D4,,A,64,C,04,64,C,33,82,C,L,88,J,49,88,J,94,88,J,94,,,,,,,,,,,,,F,1,0,0,0,0,1,0,0,0,0,0,0,0,0,0,0,0,0,,0,0,0,0,0,0,0,0,0,0,0,0,0,0,0,0,0,0,0,0,0,0,0,0,0,0,0,0,0,0,2,0,0,0,0,2,3,0,0,0,0,3,0,0,0,0,0,0,0,0,0,0,0,0,,,,,0,0,0,0,0,0,0,PRE1982.MDB,2026-04-14 02:19:16.142676
563,1965-06-26 00:00:00,2 0312,N2745V,1964-04-05 00:00:00,,WEST MILFORD N J,BEECHCRAFT,35,,1810,A,30,022,19,20,15,A,A,A,1,A,D,Y,,D,A0,,,Q,C1,,,02230,,,,,,,,,B,A,,,A,,,F,,L0475,F,GREENWOOD LAKE,00790,A,,,,,,02200,,,,00790,D,,,A,C,029111,004000,Z9,Z9,399,Z9,E5,C3,S2,A1,Y8,,F6,B2,G7,Z9,A,75,A,CA,,,,,,,,,,,,,,,,,,,,,,,,,,,,F,1,0,0,0,0,1,0,0,0,0,0,0,1,0,0,0,0,1,,0,0,0,0,0,0,0,0,0,0,0,0,0,0,0,0,0,0,0,0,0,0,0,0,0,0,0,0,0,0,0,1,0,0,0,1,2,1,0,0,0,3,0,0,0,0,0,0,0,0,0,0,0,0,,,,,0,0,0,0,0,0,0,PRE1982.MDB,2026-04-14 02:19:16.142676
564,1966-07-07 00:00:00,2 0313,N10L,1964-05-24 00:00:00,,LANCASTER CALIF,MINI MSTANG,L1,,0855,A,05,201,I,2,05,A,A,A,1,A,D,,,D,B0,,,S0,D7,M1,D9,05000,,,,,,,,,B,A,,,A,,,H,A,,A,WM J FOX,02349,,,,,,,,,,,02450,D,,,A,,080000,,ZA,,466,,E5,,P7,,,,F6,,Z9,,A,64,A,09,70,J,AA,88,J,49,88,J,94,,,,,,,,,,,,,,,,,,,F,1,0,0,0,0,1,0,0,0,0,0,0,0,0,0,0,0,0,,0,0,0,0,0,0,0,0,0,0,0,0,0,0,0,0,0,0,0,0,0,0,0,0,0,0,0,0,0,0,0,0,0,0,0,0,1,0,0,0,0,1,0,0,0,0,0,0,0,0,0,0,0,0,,,,,0,0,0,0,0,0,0,PRE1982.MDB,2026-04-14 02:19:16.142676
565,1966-09-28 00:00:00,2 0314,N2801V,1964-06-21 00:00:00,,HARRISBURG PA,BEECHCRAFT,35,,1433,A,38,022,19,20,15,A,A,A,1,A,D,Y,,D,B0,,,U,C0,Q,C1,,,,,,,,,,B,A,,,A,,,I,L,00000,C,HARRISBG YK ST PA,00347,A,,E,,,A,05000,,,,00425,B,,,A,,005755,,Z9,,400,,F6,,A1,,Z9,,B2,,Y8,,A,64,C,01,64,C,33,64,C,29,88,C,87,74,J,BA,74,J,BC,,,,,,,,,,,,,F,1,0,0,0,0,1,0,0,0,0,0,0,0,0,0,0,0,0,,0,0,0,0,0,0,0,0,0,0,0,0,0,0,0,0,0,0,0,0,0,0,0,0,0,0,0,0,0,0,2,1,0,0,0,3,3,1,0,0,0,4,0,0,0,0,0,0,0,0,0,0,0,0,,,,,0,0,0,0,0,0,0,PRE1982.MDB,2026-04-14 02:19:16.142676
566,1966-07-07 00:00:00,2 0315,N42594,1964-06-24 00:00:00,N,STUART OKLAHOMA,PIPER,J-3C,,0650,A,36,124,05,20,11,A,A,A,1,A,D,,,C,CA,,,U,DH,N1,EB,00975,,,,B,,,,,B,A,,,A,,,N,,,,,,,,,,,,,,,,00900,H,,,A,,045588,,Z9,,511,,B2,,A1,,Y8,,C3,,G7,,A,88,A,63,64,C,29,64,L,32,88,L,19,,,,,,,,,,,,,,,,,,,F,1,0,0,0,0,1,0,0,0,0,0,0,0,0,0,0,0,0,,0,0,0,0,0,0,0,0,0,0,0,0,0,0,0,0,0,0,0,0,0,0,0,0,0,0,0,0,0,0,0,0,0,0,0,0,1,0,0,0,0,1,0,0,0,0,0,0,0,0,0,0,0,0,,,,,0,0,0,0,0,0,0,PRE1982.MDB,2026-04-14 02:19:16.142676
567,1966-07-07 00:00:00,2 0316,N7901H,1964-07-05 00:00:00,N,NAVASOTA TEXAS,PIPER,PA12,,1335,A,43,124,15,12,04,A,A,A,1,A,D,,,D,B0,,,R0,D1,NB,EF,Z,,,,B,,,,,B,A,,,A,,,N,,,,,,,,,,,,,,,,00300,B,,,A,,000566,,000399,,244,,C3,,A1,,Y8,,A1,,Y8,,A,76,C,BA,76,C,BC,75,A,AM,88,L,50,,,,,,,,,,,,,,,,,,,F,1,0,0,0,0,1,0,0,0,0,0,0,0,0,0,0,0,0,,0,0,0,0,0,0,0,0,0,0,0,0,0,0,0,0,0,0,0,0,0,0,0,0,0,0,0,0,0,0,0,0,0,0,0,0,1,0,0,0,0,1,0,0,0,0,0,0,0,0,0,0,0,0,,,,,0,0,0,0,0,0,0,PRE1982.MDB,2026-04-14 02:19:16.142676
568,1966-07-07 00:00:00,2 0317,N2820B,1964-07-11 00:00:00,,30 MI SE WALL S D,BELL,47G2,,1430,A,41,024,02,12,15,B,E,A,1,A,S,,,E,DY,,,S0,D4,N4,D4,02403,,,,A,,A,,,B,A,,,A,,,C,,,Y,,,,,,,,,,,,,02400,D,,,A,,006033,,000277,,277,,B2,,T3,,Y8,,C3,,G7,,A,78,C,C2,88,C,36,,,,,,,,,,,,,,,,,,,,,,,,,N,0,0,0,1,0,1,0,0,0,0,0,0,0,0,0,0,0,0,,0,0,0,0,0,0,0,0,0,0,0,0,0,0,0,0,0,0,0,0,0,0,0,0,0,0,0,0,0,0,0,0,0,0,0,0,0,0,0,1,0,1,0,0,0,0,0,0,0,0,0,0,0,0,,,,,0,0,0,0,0,0,0,PRE1982.MDB,2026-04-14 02:19:16.142676
569,1966-06-08 00:00:00,2 0318,N26815,1964-04-15 00:00:00,,TOLLESON ARIZ,PIPER,J3C,N7136D,1115,A,03,124,05,20,06,A,A,A,1,A,M,,,D,B2,,,L1,EE,,,,,,,,,,,,B,A,,,A,,,A,,,E,REX WILLIAMS,1100,D,,,,,,,,,,,,,,A,,004977,,002500,,322,,C3,,A1,,,,B2,,Y8,,A,64,A,14,68,A,K0,,,,,,,,,,,,,,,,,,,,,,,,,N,0,0,0,1,0,1,0,0,0,0,0,0,0,0,0,0,0,0,,0,0,0,0,0,0,0,0,0,0,0,0,0,0,0,0,0,0,0,0,0,0,0,0,0,0,0,0,0,0,0,0,0,1,0,1,0,0,0,2,0,2,0,0,0,1,0,0,0,0,0,0,0,1,,,,,0,0,0,3,0,3,0,PRE1982.MDB,2026-04-14 02:19:16.142676
570,1966-06-08 00:00:00,2 0318,N7136D,1964-04-15 00:00:00,,TOLLESON ARIZ,PIPER,PA22,N26815,1115,A,03,124,23,12,06,A,A,A,1,A,M,,,D,B0,,,L1,C0,,,,,,,,,,,,B,A,,,A,,,A,,,E,REX WILLIAMS,1100,D,,,,,,,,,,,,,,A,,012122,,001777,,288,,E5,,A1,,,,F6,,G7,,A,64,A,14,68,A,K0,,,,,,,,,,,,,,,,,,,,,,,,,N,0,0,0,1,0,1,0,0,0,0,0,0,0,0,0,0,0,0,,0,0,0,0,0,0,0,0,0,0,0,0,0,0,0,0,0,0,0,0,0,0,0,0,0,0,0,0,0,0,0,0,0,0,0,0,0,0,0,1,0,1,0,0,0,2,0,0,0,0,0,0,0,2,,,,,0,0,0,3,0,3,0,PRE1982.MDB,2026-04-14 02:19:16.142676
571,1966-02-19 00:00:00,2 0319,N79860,1964-04-19 00:00:00,,PICKENS S C,FAIRCHILD,24,,1600,A,40,014,08,22,05,A,A,A,1,A,D,,,D,CY,,,Q,EJ,,,,,,,,,,,,B,A,,,A,,,L,E,,F,PICKENS,01300,D,,,,,,02000,,,,01300,H,,,A,,005000,,000155,,288,,B2,,A1,,,,C3,,Y8,,A,64,A,07,64,A,16,64,A,80,,,,,,,,,,,,,,,,,,,,,,C,0,1,0,0,0,1,0,0,0,0,0,0,0,0,0,0,0,0,,0,0,0,0,0,0,0,0,0,0,0,0,0,0,0,0,0,0,0,0,0,0,0,0,0,0,0,0,0,0,0,0,0,2,0,2,0,1,0,2,0,3,0,0,0,0,0,0,0,0,0,0,0,0,,,,,0,0,0,0,0,0,0,PRE1982.MDB,2026-04-14 02:19:16.142676
572,1969-06-24 00:00:00,2 0320,N3384P,1964-05-12 00:00:00,,SEWARD ALASKA,PIPER,PA23,,1430,A,02,124,24,12,06,A,A,A,2,A,D,,,Y,CE,,,U,C1,Q,C1,00300,,,,D,,,,,B,A,F,A,A,,,J,M,L1700,A,SEWARD MUNICIPAL,00025,Y,,,,,A,03900,,,,00050,H,,,A,,170000,,010000,,411,,A1,,S2,,Y8,,D4,,G7,,A,88,C,64,68,C,D5,82,C,L,88,L,55,64,3,01,,,,,,,,,,,,,,,,F,0,1,0,0,0,1,0,0,0,0,0,0,0,0,0,0,0,0,,0,0,0,0,0,0,0,0,0,0,0,0,0,0,0,0,0,0,0,0,0,0,0,0,1,1,0,0,0,2,0,0,0,0,0,0,1,2,0,0,0,3,0,0,0,0,0,0,0,0,0,0,0,0,,,,,0,0,0,0,0,0,0,PRE1982.MDB,2026-04-14 02:19:16.142676
573,1966-07-07 00:00:00,2 0321,N5989B,1964-06-20 00:00:00,,WOODLAND PK COLO,CESSNA,182A,,1030,A,06,039,17,20,26,A,A,A,1,A,D,,,D,B0,,,N1,EJ,,,,,,,,,,,,B,A,,,A,,,F,,,E,PAINT PONY RANCH,08700,C,,,,,,02500,,,,,A,,,A,,004800,,000488,,422,,E5,,A1,,,,C3,,Y8,,A,64,A,07,82,A,H,82,A,W,64,1,33,64,1,27,,,,,,,,,,,,,,,,F,1,0,0,0,0,1,0,0,0,0,0,0,0,0,0,0,0,0,,0,0,0,0,0,0,0,0,0,0,0,0,0,0,0,0,0,0,0,0,0,0,0,0,0,0,0,0,0,0,0,0,0,0,0,0,1,0,0,0,0,1,0,0,0,0,0,0,0,0,0,0,0,0,,,,,0,0,0,0,0,0,0,PRE1982.MDB,2026-04-14 02:19:16.142676
574,1966-07-07 00:00:00,2 0322,N5198Z,1964-06-29 00:00:00,,MIAMI BEACH FLA,PIPER,PA22,,2100,A,09,124,23,12,04,A,A,A,1,A,D,,,F,B1,,,M1,D9,,,,,,,,,,,,D,A,,,A,,,N,,,,,,,,,,,,,,,,00000,K,,,A,Y,000266,000233,000266,000233,211,188,C3,C3,A1,A1,Y8,Y8,A1,A1,Y8,Y8,A,64,A,02,64,A,66,88,1,88,,,,,,,,,,,,,,,,,,,,,,F,1,0,0,0,0,1,0,0,0,0,0,0,0,0,0,0,0,0,,0,0,0,0,0,0,0,0,0,0,0,0,0,0,0,0,0,0,0,0,0,0,0,0,0,0,0,0,0,0,1,0,0,0,0,1,2,0,0,0,0,2,0,0,0,0,0,0,0,0,0,0,0,0,,,,,0,0,0,0,0,0,0,PRE1982.MDB,2026-04-14 02:19:16.142676
575,1966-07-07 00:00:00,2 0323,N19H,1964-06-29 00:00:00,,OGDEN UTAH,BELL,47G,,1015,A,44,024,02,04,15,B,E,A,1,A,D,Y,,F,B1,,,M0,EI,,,,,,,,,,,,B,A,,,A,,,A,,,A,OGDEN MUNICIPAL,04450,,,,,,,,,,,,,,,A,,020700,,000022,,288,,B2,,U4,,,,C3,,G7,,A,64,A,23,88,J,85,,,,,,,,,,,,,,,,,,,,,,,,,F,1,0,0,0,0,1,0,0,0,0,0,0,0,0,0,0,0,0,,0,0,0,0,0,0,0,0,0,0,0,0,0,0,0,0,0,0,0,0,0,0,0,0,0,0,0,0,0,0,0,0,0,0,0,0,1,0,0,0,0,1,0,0,0,0,0,0,0,0,0,0,0,0,,,,,0,0,0,0,0,0,0,PRE1982.MDB,2026-04-14 02:19:16.142676
576,1966-07-07 00:00:00,2 0324,N43095,1964-07-03 00:00:00,,BIRDS LANDING CAL,TAYLORCRAFT,BC12-D,,1715,A,05,157,05,20,06,A,A,A,1,A,D,,,D,B0,,,U,D1,Q,EB,,,,,B,,,,,B,A,,,A,,,N,,,,,,,,,,,,,,,,00120,B,,,A,,000433,,000411,,222,,C3,,A1,,Y8,,A1,,Y8,,A,74,A,I0,64,B,16,88,B,67,,,,,,,,,,,,,,,,,,,,,,F,0,1,0,0,0,1,0,0,0,0,0,0,0,0,0,0,0,0,,0,0,0,0,0,0,0,0,0,0,0,0,0,0,0,0,0,0,0,0,0,0,0,0,0,0,0,0,0,0,1,0,0,0,0,1,1,1,0,0,0,2,0,0,0,0,0,0,0,0,0,0,0,0,,,,,0,0,0,0,0,0,0,PRE1982.MDB,2026-04-14 02:19:16.142676
577,1966-07-07 00:00:00,2 0325,N6496E,1964-07-04 00:00:00,,TULSA OKLA,CESSNA,172,,0735,A,36,039,14,20,23,A,A,A,1,A,S,,,F,B0,,,Q,C1,,,,,,,,,,,,B,A,,,A,,,G,M,,F,NORTH TULSA,00725,,,,,,A,03000,,,,00760,D,,,A,,000844,,Z9,,255,,C3,,A1,,Y8,,B2,,Y8,,A,64,A,33,,,,,,,,,,,,,,,,,,,,,,,,,,,,F,1,0,0,0,0,1,0,0,0,0,0,0,0,0,0,0,0,0,,0,0,0,0,0,0,0,0,0,0,0,0,0,0,0,0,0,0,0,0,0,0,0,0,0,0,0,0,0,0,1,1,0,0,0,2,2,1,0,0,0,3,0,0,0,0,0,0,0,0,0,0,0,0,,,,,0,0,0,0,0,0,0,PRE1982.MDB,2026-04-14 02:19:16.142676
578,1966-07-07 00:00:00,2 0326,N74350,1964-07-12 00:00:00,,BELLE FOURCHE SD,BELLANCA,14132,,2150,A,41,025,09,04,11,A,A,A,1,A,S,,,M,B0,,,M0,EJ,,,,,,,,,,,,D,A,D,A,A,,,I,P,04000,A,BUS FIELD,03042,,,A,,,,02900,,,,03142,B,R,,A,,004022,,Z9,,577,,C3,,A1,,Y8,,B2,,Z9,,A,64,A,53,88,A,62,64,1,08,,,,,,,,,,,,,,,,,,,,,,F,1,0,0,0,0,1,0,0,0,0,0,0,0,0,0,0,0,0,,0,0,0,0,0,0,0,0,0,0,0,0,0,0,0,0,0,0,0,0,0,0,0,0,0,0,0,0,0,0,0,2,0,0,0,2,1,2,0,0,0,3,0,0,0,0,0,0,0,0,0,0,0,0,,,,,0,0,0,0,0,0,0,PRE1982.MDB,2026-04-14 02:19:16.142676
579,1966-07-07 00:00:00,2 0327,N208B,1964-07-15 00:00:00,N,WHITE RIVER S D,BELL,47G,,1100,A,41,024,02,04,13,B,E,A,1,A,S,,,C,CB,,,M1,EH,,,,,,,,,,,,B,A,,,A,,,N,,,,,,,,,,,,,,,,02500,D,,,A,,021611,,001077,,433,,B2,,T3,,,,C3,,E5,,A,64,A,15,83,J,I,,,,,,,,,,,,,,,,,,,,,,,,,N,0,0,0,1,0,1,0,0,0,0,0,0,0,0,0,0,0,0,,0,0,0,0,0,0,0,0,0,0,0,0,0,0,0,0,0,0,0,0,0,0,0,0,0,0,0,0,0,0,0,0,0,0,0,0,0,0,0,1,0,1,0,0,0,0,0,0,0,0,0,0,0,0,,,,,0,0,0,0,0,0,0,PRE1982.MDB,2026-04-14 02:19:16.142676
580,1967-04-25 00:00:00,2 0328,N944Z,1964-07-15 00:00:00,,AMELIA VA,GYROCOPTER,B8M,,1810,A,46,200,,99,01,B,A,A,1,A,D,,,D,B1,,,G,EE,I,EE,,,,,,,,,,B,A,,,A,,,A,,,E,,Z,C,,,,,,,,,,,,,,A,,000166,,000011,,255,,C3,,Z9,,,,A1,,A,,A,64,C,25,64,C,23,,,,,,,,,,,,,,,,,,,,,,,,,M,0,0,1,0,0,1,0,0,0,0,0,0,0,0,0,0,0,0,,0,0,0,0,0,0,0,0,0,0,0,0,0,0,0,0,0,0,0,0,0,0,0,0,0,0,0,0,0,0,0,0,0,0,0,0,0,0,1,0,0,1,0,0,0,0,0,0,0,0,0,0,0,0,,,,,0,0,0,0,0,0,0,PRE1982.MDB,2026-04-14 02:19:16.142676
581,1966-07-07 00:00:00,2 0329,N2254U,1964-07-16 00:00:00,,HAZARD KY,BRANTLY,B2B,,1330,A,17,028,01,12,34,B,E,A,1,A,S,,,D,B1,,,NE,D4,,,,,,,,,,,,B,A,,,A,,,N,,,,,,,,,,,,,,,,00861,Y,,,A,,000366,,000155,,499,,F6,,T3,,,,A1,,A1,,A,64,A,23,64,A,47,64,A,35,,,,,,,,,,,,,,,,,,,,,,N,0,0,0,1,0,1,0,0,0,0,0,0,0,0,0,0,0,0,,0,0,0,0,0,0,0,0,0,0,0,0,0,0,0,0,0,0,0,0,0,0,0,0,0,0,0,0,0,0,0,0,0,0,0,0,0,0,0,1,0,1,0,0,0,0,0,0,0,0,0,0,0,0,,,,,0,0,0,0,0,0,0,PRE1982.MDB,2026-04-14 02:19:16.142676
582,1966-07-07 00:00:00,2 0330,N3362G,1964-08-01 00:00:00,,APPLE VALLEY CAL,BRIEGLEB,BG12-B,,1407,A,05,138,03,,,C,A,A,0,E,D,,,D,B0,,,Q,D2,,,,,,,,,,,,B,A,,,A,,,H,A,Z,A,APPLE VALLEY,02929,,,,,,A,04100,,,,02950,D,,,A,,000400,,000255,,377,,B2,,V5,,Y8,,B2,,Y8,,A,64,A,16,,,,,,,,,,,,,,,,,,,,,,,,,,,,F,1,0,0,0,0,1,0,0,0,0,0,0,0,0,0,0,0,0,,0,0,0,0,0,0,0,0,0,0,0,0,0,0,0,0,0,0,0,0,0,0,0,0,0,0,0,0,0,0,0,0,0,0,0,0,1,0,0,0,0,1,0,0,0,0,0,0,0,0,0,0,0,0,,,,,0,0,0,0,0,0,0,PRE1982.MDB,2026-04-14 02:19:16.142676
583,1966-07-07 00:00:00,2 0331,N4320P,1964-03-20 00:00:00,N,DANBURY NC,PIPER,PA23,,0720,A,33,124,24,12,06,A,A,A,2,A,D,Y,Z,F,CI,,,U,D1,Q,D1,,,,,,,,,,B,B,N,A,A,,Y,N,,,,,,,,,,,,,,,,01300,B,,,A,,011366,,000488,,399,,B2,,P7,,Y8,,F6,,G7,,A,88,A,72,88,A,02,64,B,16,88,B,07,88,C,67,,,,,,,,,,,,,,,,F,1,0,0,0,0,1,0,0,0,0,0,0,0,0,0,0,0,0,,0,0,0,0,0,0,0,0,0,0,0,0,0,0,0,0,0,0,0,0,0,0,0,0,0,0,0,0,0,0,2,0,0,0,0,2,3,0,0,0,0,3,0,0,0,0,0,0,0,0,0,0,0,0,,,,,0,0,0,0,0,0,0,PRE1982.MDB,2026-04-14 02:19:16.142676
584,1967-04-25 00:00:00,2 0332,N9785C,1964-04-17 00:00:00,,POMEROY WASH,HILLER,12E,,1130,A,47,076,04,12,21,B,E,A,1,A,S,,,C,CA,,,N0,DM,G,EY,,,,,B,,,,,B,A,,,A,,,N,,,,,,,,,,,,,,,,Z,Y,,,A,,040000,,010000,,400,,B2,,T3,,,,C3,,A,,A,64,C,15,64,C,29,,,,,,,,,,,,,,,,,,,,,,,,,N,0,0,0,1,0,1,0,0,0,0,0,0,0,0,0,0,0,0,,0,0,0,0,0,0,0,0,0,0,0,0,0,0,0,0,0,0,0,0,0,0,0,0,0,0,0,0,0,0,0,0,0,0,0,0,0,0,0,1,0,1,0,0,0,0,0,0,0,0,0,0,0,0,,,,,0,0,0,0,0,0,0,PRE1982.MDB,2026-04-14 02:19:16.142676
585,1966-07-07 00:00:00,2 0333,N4577Z,1964-05-10 00:00:00,N,SARASOTA FLORIDA,PIPER,PA22,,Z,A,09,124,23,12,04,A,A,A,1,A,D,,,A,A1,,,Q,D7,,,,,,,,,,,,B,A,N,A,A,,,N,G,Z,A,SARASOTA-BRADNTON,00024,,,,,,,,,,,00015,D,R,,A,,000311,,000155,,244,,C3,,A1,,Y8,,A1,,E5,,A,64,A,21,64,A,23,64,1,16,64,1,33,,,,,,,,,,,,,,,,,,,F,1,0,0,0,0,1,0,0,0,0,0,0,0,0,0,0,0,0,,0,0,0,0,0,0,0,0,0,0,0,0,0,0,0,0,0,0,0,0,0,0,0,0,0,0,0,0,0,0,0,0,0,0,0,0,1,0,0,0,0,1,0,0,0,0,0,0,0,0,0,0,0,0,,,,,0,0,0,0,0,0,0,PRE1982.MDB,2026-04-14 02:19:16.142676
586,1966-07-07 00:00:00,2 0334,N7721E,1964-05-11 00:00:00,,GASTONIA N C,CESSNA,150,,0850,A,33,039,12,20,22,A,A,A,1,A,D,Y,Z,F,CG,,,Q,C1,,,,,,,,,,,,B,A,Z,A,A,,,A,,00240,A,GASTONIA MUN,00803,A,,,,,A,03000,,,,00800,,,,A,,046500,,Z9,,422,,B2,,M4,,Y8,,C3,,G7,,A,64,A,16,88,1,06,,,,,,,,,,,,,,,,,,,,,,,,,F,1,0,0,0,0,1,0,0,0,0,0,0,0,0,0,0,0,0,,0,0,0,0,0,0,0,0,0,0,0,0,0,0,0,0,0,0,0,0,0,0,0,0,0,0,0,0,0,0,0,0,0,0,0,0,1,0,0,0,0,1,0,0,0,0,0,0,0,0,0,0,0,0,,,,,0,0,0,0,0,0,0,PRE1982.MDB,2026-04-14 02:19:16.142676
587,1966-07-07 00:00:00,2 0335,N9181E,1964-05-26 00:00:00,N,MADRAS OREGON,AERONCA,11AC,,1710,A,37,003,09,20,06,A,A,A,1,A,D,,,D,B0,,,Q,C1,,,,,,,,,,,,B,A,N,Z,A,,,G,M,01000,Y,ABANDONED STRIP,03000,D,F,,,,,02600,,,,03000,H,,,A,,000266,,000255,,355,,F6,,A1,,Y8,,A1,,Y8,,A,64,A,16,64,A,80,64,A,33,,,,,,,,,,,,,,,,,,,,,,F,1,0,0,0,0,1,0,0,0,0,0,0,0,0,0,0,0,0,,0,0,0,0,0,0,0,0,0,0,0,0,0,0,0,0,0,0,0,0,0,0,0,0,0,0,0,0,0,0,0,1,0,0,0,1,1,1,0,0,0,2,0,0,0,0,0,0,0,0,0,0,0,0,,,,,0,0,0,0,0,0,0,PRE1982.MDB,2026-04-14 02:19:16.142676
588,1968-07-26 00:00:00,2 0336,N8491E,1964-05-30 00:00:00,,MULDOON ID,BELL,47G3B,,0628,A,12,024,03,12,15,B,E,A,1,A,S,,,C,CA,,,G,EH,N4,EH,06920,,,,B,E,,,,B,A,,,A,,,N,,,,,,,,,,,,,,,,05820,D,,,A,,041700,,020000,,422,,B2,,T3,,,,C3,,G7,,A,76,C,CA,84,C,G,,,,,,,,,,,,,,,,,,,,,,,,,M,0,0,1,0,0,1,0,0,0,0,0,0,0,0,0,0,0,0,,0,0,0,0,0,0,0,0,0,0,0,0,0,0,0,0,0,0,0,0,0,0,0,0,0,0,0,0,0,0,0,0,0,0,0,0,0,0,1,0,0,1,0,0,0,0,0,0,0,0,0,0,0,0,,,,,0,0,0,0,0,0,0,PRE1982.MDB,2026-04-14 02:19:16.142676
589,1966-07-07 00:00:00,2 0337,N2948Z,1964-07-12 00:00:00,,SPRINGFIELD MO,PIPER,PA22,,2239,A,25,124,23,12,06,A,A,A,1,A,D,,,D,B0,,,K,EB,N1,EB,01275,,,,,,,,,D,A,Z,,B,,,H,I,0,C,SPRINGFIELD MUN,01267,B,,A,,,A,05600,,,,01265,D,,,A,,001000,,000222,,444,,C3,,A1,,Y8,,B2,,YA,,A,64,C,53,88,C,62,64,1,33,,,,,,,,,,,,,,,,,,,,,,F,1,0,0,0,0,1,0,0,0,0,0,0,0,0,0,0,0,0,,0,0,0,0,0,0,0,0,0,0,0,0,0,0,0,0,0,0,0,0,0,0,0,0,0,0,0,0,0,0,0,2,0,0,0,2,1,2,0,0,0,3,0,0,0,0,0,0,0,0,0,0,0,0,,,,,0,0,0,0,0,0,0,PRE1982.MDB,2026-04-14 02:19:16.142676
590,1968-07-26 00:00:00,2 0338,N4018A,1964-07-18 00:00:00,,WAVERLY FLA,BELL,47D1,,0632,A,09,024,02,04,15,B,E,A,1,A,S,,,C,CA,,,N0,DH,,,,,,,,,,,,B,A,,,A,,,N,,,,,,,,,,,,,,,,00200,C,,,A,,008500,,006000,,333,,B2,,T3,,,,C3,,G7,,A,64,A,47,,,,,,,,,,,,,,,,,,,,,,,,,,,,N,0,0,0,1,0,1,0,0,0,0,0,0,0,0,0,0,0,0,,0,0,0,0,0,0,0,0,0,0,0,0,0,0,0,0,0,0,0,0,0,0,0,0,0,0,0,0,0,0,0,0,0,0,0,0,0,0,0,1,0,1,0,0,0,0,0,0,0,0,0,0,0,0,,,,,0,0,0,0,0,0,0,PRE1982.MDB,2026-04-14 02:19:16.142676
591,1967-04-25 00:00:00,2 0339,N2187U,1964-07-23 00:00:00,,ST CHARLES MO,BRANTLY,B2B,,1645,A,25,028,01,12,34,B,E,A,1,A,D,,,D,B0,,,G,EI,I,EI,,,,,,,,,,B,A,,,A,,,N,,,,,,,,,,,,,,,,00500,D,,,A,,005100,,000200,,200,,C3,,T3,,,,C3,,A,,A,64,C,21,64,C,23,88,1,85,,,,,,,,,,,,,,,,,,,,,,N,0,0,0,1,0,1,0,0,0,0,0,0,0,0,0,0,0,0,,0,0,0,0,0,0,0,0,0,0,0,0,0,0,0,0,0,0,0,0,0,0,0,0,0,0,0,0,0,0,0,0,0,1,0,1,0,0,0,2,0,2,0,0,0,0,0,0,0,0,0,0,0,0,,,,,0,0,0,0,0,0,0,PRE1982.MDB,2026-04-14 02:19:16.142676
592,1966-07-07 00:00:00,2 0340,N8851F,1964-07-25 00:00:00,,WASCO CALIF,HUGHES,269A,,0630,A,05,077,01,12,09,B,E,A,1,A,S,,,C,CB,,,U,DD,G,EE,,,,,B,,,,,B,A,,,A,,,N,,,,,,,,,,,,,,,,00500,Y,,,A,,004000,,003000,,322,,B2,,T3,,,,C3,,E5,,A,88,C,72,88,C,02,82,J,G,,,,,,,,,,,,,,,,,,,,,,N,0,0,0,1,0,1,0,0,0,0,0,0,0,0,0,0,0,0,,0,0,0,0,0,0,0,0,0,0,0,0,0,0,0,0,0,0,0,0,0,0,0,0,0,0,0,0,0,0,0,0,0,0,0,0,0,0,0,1,0,1,0,0,0,0,0,0,0,0,0,0,0,0,,,,,0,0,0,0,0,0,0,PRE1982.MDB,2026-04-14 02:19:16.142676
593,1968-07-26 00:00:00,2 0341,N8841F,1964-07-28 00:00:00,,AUDUBON  IOWA,HUGHES,269A,,1015,A,15,077,01,12,09,B,E,A,1,A,S,,,F,CA,,,Q,DK,,,,,,,,,,,,B,A,,,A,,,N,,,,,,,,,,,,,,,,01300,Y,,,A,,200000,,002500,,455,,B2,,T3,,,,F6,,G7,,A,64,A,16,,,,,,,,,,,,,,,,,,,,,,,,,,,,N,0,0,0,1,0,1,0,0,0,0,0,0,0,0,0,0,0,0,,0,0,0,0,0,0,0,0,0,0,0,0,0,0,0,0,0,0,0,0,0,0,0,0,0,0,0,0,0,0,0,0,0,0,0,0,0,0,0,1,0,1,0,0,0,0,0,0,0,0,0,0,0,0,,,,,0,0,0,0,0,0,0,PRE1982.MDB,2026-04-14 02:19:16.142676
594,1968-07-26 00:00:00,2 0342,N5900X,1964-05-14 00:00:00,,BRYANT WASH,BRANTLY,B2,,1030,A,47,028,01,12,10,B,E,A,1,A,S,,,C,CA,,,U,DG,I,EI,,,,,B,,,,,B,A,,,A,,,G,,,G,,,,,,,,,,,,,00700,Y,,,A,,081777,,000522,,422,,B2,,T3,,,,C3,,G7,,A,88,C,72,88,C,02,82,J,G,,,,,,,,,,,,,,,,,,,,,,N,0,0,0,1,0,1,0,0,0,0,0,0,0,0,0,0,0,0,,0,0,0,0,0,0,0,0,0,0,0,0,0,0,0,0,0,0,0,0,0,0,0,0,0,0,0,0,0,0,0,0,0,0,0,0,0,0,0,1,0,1,0,0,0,0,0,0,0,0,0,0,0,0,,,,,0,0,0,0,0,0,0,PRE1982.MDB,2026-04-14 02:19:16.142676
595,1966-07-07 00:00:00,2 0343,N50968,1964-06-03 00:00:00,,DEWITT MICH,TAYLORCRAFT,DC0-65,,1530,A,22,157,08,20,06,A,A,A,1,A,D,,,D,B0,,,Q,D8,,,,,,,,,,,,B,A,N,,A,,,N,,,,,,,,,,,,,,,,00860,D,,,A,,000511,,Z9,,444,,C3,,A1,,Y8,,A1,,Y8,,A,64,A,16,88,A,14,88,1,67,,,,,,,,,,,,,,,,,,,,,,F,1,0,0,0,0,1,0,0,0,0,0,0,0,0,0,0,0,0,,0,0,0,0,0,0,0,0,0,0,0,0,0,0,0,0,0,0,0,0,0,0,0,0,0,0,0,0,0,0,1,0,0,0,0,1,2,0,0,0,0,2,0,0,0,0,0,0,0,0,0,0,0,0,,,,,0,0,0,0,0,0,0,PRE1982.MDB,2026-04-14 02:19:16.142676
596,1966-07-07 00:00:00,2 0344,N5996P,1964-06-04 00:00:00,,ELEVENMILE COLO,PIPER,PA-24,,1245,A,06,124,25,12,20,A,A,A,1,A,D,Y,,D,B2,,,M0,D1,,,,,,,,,,,,B,A,Z,,A,,,N,,,,,,,,,,,,,,,,10600,A,,,A,Y,008500,002000,000800,000000,466,366,C3,C3,M4,A1,Y8,X7,C3,B2,Y8,Z9,Z,84,A,I,,,,,,,,,,,,,,,,,,,,,,,,,,,,F,1,0,0,0,0,1,0,0,0,0,0,0,0,0,0,0,0,0,,0,0,0,0,0,0,0,0,0,0,0,0,0,0,0,0,0,0,0,0,0,0,0,0,0,0,0,0,0,0,1,0,0,0,0,1,2,0,0,0,0,2,0,0,0,0,0,0,0,0,0,0,0,0,,,,,0,0,0,0,0,0,0,PRE1982.MDB,2026-04-14 02:19:16.142676
597,1966-07-07 00:00:00,2 0345,N82G,1964-06-09 00:00:00,,NINEVEH TEXAS,BEECHCRAFT,D-50,,2145,A,43,022,22,12,16,A,A,A,2,A,D,,,D,B2,,,N1,Z,,,,,,,,,,,,D,A,,,A,,Y,A,B,00265,E,BURDETT,00450,C,,F,,,,02100,,,,00450,H,R,,A,,031622,,004000,,588,,F6,,M4,,Y8,,B2,,D4,,A,64,A,66,,,,,,,,,,,,,,,,,,,,,,,,,,,,F,1,0,0,0,0,1,0,0,0,0,0,0,0,0,0,0,0,0,,0,0,0,0,0,0,0,0,0,0,0,0,0,0,0,0,0,0,0,0,0,0,0,0,0,0,0,0,0,0,0,0,0,0,0,0,1,0,0,0,0,1,0,0,0,0,0,0,0,0,0,0,0,0,,,,,0,0,0,0,0,0,0,PRE1982.MDB,2026-04-14 02:19:16.142676
598,1966-07-07 00:00:00,2 0346,N8037E,1964-06-28 00:00:00,,ROOSEVELT ARIZ,DOUGLAS,B26-C,,1500,A,03,055,04,39,26,A,A,B,2,A,D,,,C,CC,,,M0,DG,,,,,,,,,,,,B,A,,A,A,,,N,,,,,,,,,,,,,,,,03700,A,,,A,,024000,,001500,,288,,B2,,P7,,Y8,,C3,,G7,,A,84,A,I,,,,,,,,,,,,,,,,,,,,,,,,,,,,F,1,0,0,0,0,1,0,0,0,0,0,0,0,0,0,0,0,0,,0,0,0,0,0,0,0,0,0,0,0,0,0,0,0,0,0,0,0,0,0,0,0,0,0,0,0,0,0,0,0,0,0,0,0,0,1,0,0,0,0,1,0,0,0,0,0,0,0,0,0,0,0,0,,,,,0,0,0,0,0,0,0,PRE1982.MDB,2026-04-14 02:19:16.142676
599,1966-08-05 00:00:00,2 0347,N4995C,1964-07-21 00:00:00,,WICHITA KAN,BRANTLY,B2,,0720,A,16,028,01,12,10,B,E,A,1,A,S,,,F,DL,,,U,D1,G,EI,,,,,A,,,,,B,A,,,A,,,A,,,A,WICHITA,01332,,,,,,A,,,,,,,,,A,,004499,,000733,,299,,B2,,T3,,,,C3,,G7,,A,88,B,07,88,C,72,88,C,02,82,J,G,,,,,,,,,,,,,,,,,,,C,0,1,0,0,0,1,0,0,0,0,0,0,0,0,0,0,0,0,,0,0,0,0,0,0,0,0,0,0,0,0,0,0,0,0,0,0,0,0,0,0,0,0,0,0,0,0,0,0,0,0,0,0,0,0,0,1,0,0,0,1,0,0,0,0,0,0,0,0,0,0,0,0,,,,,0,0,0,0,0,0,0,PRE1982.MDB,2026-04-14 02:19:16.142676
600,1967-04-25 00:00:00,2 0348,N5282N,1964-07-24 00:00:00,,AUBURN WASH,SIKORSKY,R6A,,1900,A,47,145,03,04,14,B,A,A,1,A,S,,,D,B0,,,U,D4,R1,A4,,,,,A,,,,,B,A,,,A,,,A,,,F,SKYCREST,00276,,,,,,,,,,,,,,,A,,025000,,000100,,388,,B2,,T3,,,,C3,,A,,A,74,C,CY,88,C,AJ,88,B,51,84,A,J,88,J,96,,,,,,,,,,,,,,,,N,0,0,0,1,0,1,0,0,0,0,0,0,0,0,0,0,0,0,,0,0,0,0,0,0,0,0,0,0,0,0,0,0,0,0,0,0,0,0,0,0,0,0,0,0,0,0,0,0,0,0,0,1,0,1,0,0,0,2,0,2,0,0,0,0,0,0,0,0,0,0,0,0,,,,,0,0,0,0,0,0,0,PRE1982.MDB,2026-04-14 02:19:16.142676
601,1966-07-07 00:00:00,2 0349,N74094,1964-07-30 00:00:00,,CAMERON LA,BELL,47G2,,1300,A,18,024,03,12,15,B,E,A,1,A,S,,,Y,DD,,,N0,D1,,,,,,,,,,,,B,A,,,A,,,I,Z,Z,F,CAMERON,00005,,,,,,,,,,,00000,K,,,A,,010044,,001499,,299,,B2,,T3,,,,C3,,G7,,A,64,A,15,88,1,88,,,,,,,,,,,,,,,,,,,,,,,,,C,0,1,0,0,0,1,0,0,0,0,0,0,0,0,0,0,0,0,,0,0,0,0,0,0,0,0,0,0,0,0,0,0,0,0,0,0,0,0,0,0,0,0,0,0,0,0,0,0,0,0,0,0,0,0,0,1,0,0,0,1,0,0,0,0,0,0,0,0,0,0,0,0,,,,,0,0,0,0,0,0,0,PRE1982.MDB,2026-04-14 02:19:16.142676
602,1966-07-07 00:00:00,2 0350,N3067V,1964-06-15 00:00:00,N,LAPORTE INDIANA,BEECH,35,,0400,A,14,022,19,20,15,A,A,A,1,A,D,,,D,B2,,,M0,D1,,,,,,,,,,,,D,B,Z,D,A,,Y,N,,,,,,,,,,,,,,,,00800,D,R,,A,,003188,,000122,,399,,C3,,A1,,Y8,,A1,,Y8,,A,64,A,04,88,A,67,88,A,62,64,1,29,,,,,,,,,,,,,,,,,,,F,1,0,0,0,0,1,0,0,0,0,0,0,0,0,0,0,0,0,,0,0,0,0,0,0,0,0,0,0,0,0,0,0,0,0,0,0,0,0,0,0,0,0,0,0,0,0,0,0,1,0,0,0,0,1,2,0,0,0,0,2,0,0,0,0,0,0,0,0,0,0,0,0,,,,,0,0,0,0,0,0,0,PRE1982.MDB,2026-04-14 02:19:16.142676
603,1969-06-24 00:00:00,2 0351,N2205G,1964-04-12 00:00:00,,ALEXANDER CTY ALA,CESSNA,182,,1945,A,01,039,17,20,26,A,A,A,1,A,D,,,D,B2,,,N1,DC,,,,,,,,,,,,D,B,F,A,A,,,N,,,,,,,,,,,,,,,,00650,B,,,A,,004500,,004500,,444,,C3,,A1,,,,B2,,Y8,,A,64,A,04,64,J,33,82,J,X,82,J,B,64,1,66,,,,,,,,,,,,,,,,C,0,1,0,0,0,1,0,0,0,0,0,0,0,0,0,0,0,0,,0,0,0,0,0,0,0,0,0,0,0,0,0,0,0,0,0,0,0,0,0,0,0,0,0,0,0,0,0,0,0,0,0,0,0,0,0,1,0,0,0,1,0,0,0,0,0,0,0,0,0,0,0,0,,,,,0,0,0,0,0,0,0,PRE1982.MDB,2026-04-14 02:19:16.142676
604,1965-06-26 00:00:00,2 0352,N65U,1964-04-15 00:00:00,,PORT RICHEY FLA,MONG SPORT,EXPER,,1515,A,09,201,,20,11,A,A,A,1,A,S,,,D,B0,,,U,D1,G,EY,,,,,B,,,,,B,A,,,A,,,K,I,,F,HODNETT AIRPARK,,,,,,,,,,,,00005,D,,,A,,10000A,,00150A,,45A,,FA,,MA,,A,,FA,,YA,,A,88,A,81,68,A,D1,68,A,D5,64,C,33,64,C,01,74,J,AC,88,J,46,,,,,,,,,,C,0,1,0,0,0,1,0,0,0,0,0,0,0,0,0,0,0,0,,0,0,0,0,0,0,0,0,0,0,0,0,0,0,0,0,0,0,0,0,0,0,0,0,0,0,0,0,0,0,0,0,0,0,0,0,0,1,0,0,0,1,0,0,0,0,0,0,0,0,0,0,0,0,,,,,0,0,0,0,0,0,0,PRE1982.MDB,2026-04-14 02:19:16.142676
605,1966-04-05 00:00:00,2 0353,N9094R,1964-04-26 00:00:00,,FT LAUDERDALE FLA,AERO COMM,520,,0450,A,09,002,01,12,13,A,A,A,2,A,D,,,E,CI,,,U,EJ,Q,EJ,,,,,,,,,,D,A,,,A,,,A,,,F,BRADLEY,00009,C,,F,,,,,,,,,,,,A,,140000,,004500,,455,,E5,,P7,,,,C3,,G7,,A,64,C,21,88,J,34,,,,,,,,,,,,,,,,,,,,,,,,,C,0,1,0,0,0,1,0,0,0,0,0,0,0,0,0,0,0,0,,0,0,0,0,0,0,0,0,0,0,0,0,0,0,0,0,0,0,0,0,0,0,0,0,0,0,0,0,0,0,0,0,0,0,0,0,0,1,0,0,0,1,0,0,0,0,0,0,0,0,0,0,0,0,,,,,0,0,0,0,0,0,0,PRE1982.MDB,2026-04-14 02:19:16.142676
606,1965-09-03 00:00:00,2 0354,N6419C,1964-04-29 00:00:00,,BEAUFORT N C,BEECHCRAFT,C18S,,0635,A,33,022,16,39,07,A,A,A,2,A,D,Y,,C,CB,,,Q,C1,,,,,,,,,,,,B,A,,,A,,,F,B,,A,BEAUFORT,00013,A,,,,,,,,,,,,,,A,,080000,,005000,,377,,B2,,P7,,,,C3,,G7,,A,64,A,16,,,,,,,,,,,,,,,,,,,,,,,,,,,,C,0,1,0,0,0,1,0,0,0,0,0,0,0,0,0,0,0,0,,0,0,0,0,0,0,0,0,0,0,0,0,0,0,0,0,0,0,0,0,0,0,0,0,0,0,0,0,0,0,0,0,0,0,0,0,0,1,0,0,0,1,0,0,0,0,0,0,0,0,0,0,0,0,,,,,0,0,0,0,0,0,0,PRE1982.MDB,2026-04-14 02:19:16.142676
607,1966-02-19 00:00:00,2 0355,N1439A,1964-04-30 00:00:00,,ENID OKLA,PIPER,PA22,N7487E,0530,A,36,124,23,12,05,A,A,A,1,A,M,,,D,B2,,,L0,ED,,,01470,,,,,,,,,A,A,,,A,,,E,A,00000,F,WOODRING,01200,,,Z,,,,05000,,,,01170,,,,A,,00076A,,00052A,,34A,,CA,,AA,,A,,AA,,YA,,A,68,A,K0,,,,,,,,,,,,,,,,,,,,,,,,,,,,N,0,0,0,1,0,1,0,0,0,0,0,0,0,0,0,0,0,0,,0,0,0,0,0,0,0,0,0,0,0,0,0,0,0,0,0,0,0,0,0,0,0,0,0,0,0,0,0,0,0,0,0,0,0,0,0,0,0,1,0,1,0,0,0,1,0,0,0,0,0,0,0,1,,,,,0,0,0,2,0,2,0,PRE1982.MDB,2026-04-14 02:19:16.142676
608,1966-02-19 00:00:00,2 0355,N7487E,1964-04-30 00:00:00,,ENID OKLA,CESSNA,210,N1439A,0530,A,36,039,19,20,26,A,A,A,1,A,S,,,D,B2,,,L0,ED,,,01470,,,,,,,,,A,A,,,A,,,E,A,,F,WOODRING,01200,,,Z,,,,05000,,,,01170,,,,A,,03700A,,00930A,,46A,,CA,,AA,,A,,BA,,YA,,A,64,A,14,,,,,,,,,,,,,,,,,,,,,,,,,,,,N,0,0,0,1,0,1,0,0,0,0,0,0,0,0,0,0,0,0,,0,0,0,0,0,0,0,0,0,0,0,0,0,0,0,0,0,0,0,0,0,0,0,0,0,0,0,0,0,0,0,0,0,0,0,0,0,0,0,1,0,1,0,0,0,1,0,0,0,0,0,0,0,1,,,,,0,0,0,2,0,2,0,PRE1982.MDB,2026-04-14 02:19:16.142676
609,1966-06-22 00:00:00,2 0356,N62741,1964-05-03 00:00:00,,JEAN NEV,SCHWEIZER,TG3A,,1215,A,28,142,01,,,C,A,A,0,E,M,,,M,B0,,,A,EE,,,,,,,,,,,,B,A,,,A,,,N,,,,,,,,,,,,,,,,02700,D,,,A,,011500,,000066,,422,,B2,,V5,,,,C3,,Y8,,A,64,A,25,82,A,H,88,1,22,64,1,27,,,,,,,,,,,,,,,,,,,C,0,0,1,0,0,1,0,0,0,0,0,0,0,0,0,0,0,0,,0,0,0,0,0,0,0,0,0,0,0,0,0,0,0,0,0,0,0,0,0,0,0,0,0,0,0,0,0,0,0,1,0,0,0,1,0,1,1,0,0,2,0,0,0,0,0,0,0,0,0,0,0,0,,,,,0,0,0,0,0,0,0,PRE1982.MDB,2026-04-14 02:19:16.142676
610,1966-02-19 00:00:00,2 0357,N3640P,1964-05-17 00:00:00,,THE DALLES ORE,PIPER,PA22,,1310,A,37,124,23,12,06,A,A,A,1,A,D,,,M,B0,,,Q,C1,,,00590,,,,,,,,,B,A,,,A,,,A,,R0060,C,,00540,C,,,,,,,,,,,,,,A,,000555,,000100,,277,,F6,,A1,,,,A1,,Y8,,A,64,A,16,64,1,02,,,,,,,,,,,,,,,,,,,,,,,,,C,0,1,0,0,0,1,0,0,0,0,0,0,0,0,0,0,0,0,,0,0,0,0,0,0,0,0,0,0,0,0,0,0,0,0,0,0,0,0,0,0,0,0,0,0,0,0,0,0,0,1,0,2,0,3,0,2,0,2,0,4,0,0,0,0,0,0,0,0,0,0,0,0,,,,,0,0,0,0,0,0,0,PRE1982.MDB,2026-04-14 02:19:16.142676
611,1966-02-19 00:00:00,2 0358,N55356,1964-05-19 00:00:00,,COLLEGE STN TEXAS,BOEING,A75N1,,0735,A,43,027,15,20,20,A,A,A,1,A,S,,,C,CA,,,Q,DJ,,,,,,,,,,,,B,A,,,A,,,N,,,,,,,,,,,,,,,,Z,D,,,A,,005444,,ZA,,300,,C3,,A1,,,,C3,,G7,,A,64,A,16,,,,,,,,,,,,,,,,,,,,,,,,,,,,C,0,1,0,0,0,1,0,0,0,0,0,0,0,0,0,0,0,0,,0,0,0,0,0,0,0,0,0,0,0,0,0,0,0,0,0,0,0,0,0,0,0,0,0,0,0,0,0,0,0,0,0,0,0,0,0,1,0,0,0,1,0,0,0,0,0,0,0,0,0,0,0,0,,,,,0,0,0,0,0,0,0,PRE1982.MDB,2026-04-14 02:19:16.142676
612,1966-06-22 00:00:00,2 0359,N4532Z,1964-05-23 00:00:00,,ARECIBO P R,PIPER,PA22,,Z,A,61,124,23,12,04,A,A,A,1,A,N,,,F,CI,,,W,A1,,,,,,,,,,,,B,A,,,A,,,A,,Z,A,ARECIBO AIRFIELD,00049,,,,,,,04000,,,,,,,,A,,021000,,007000,,288,,B2,,E5,,,,C3,,G7,,,84,A,J,,,,,,,,,,,,,,,,,,,,,,,,,,,,C,0,0,0,1,0,1,0,0,0,0,0,0,0,0,0,0,0,0,,0,0,0,0,0,0,0,0,0,0,0,0,0,0,0,0,0,0,0,0,0,0,0,0,0,0,0,0,0,0,0,1,0,0,0,1,0,1,0,1,0,2,0,0,0,0,0,0,0,0,0,0,0,0,,,,,0,0,0,0,0,0,0,PRE1982.MDB,2026-04-14 02:19:16.142676
613,1965-09-03 00:00:00,2 0360,N5562B,1964-05-26 00:00:00,,GRINNELL IOWA,CESSNA,182,,0200,A,15,039,17,20,25,A,A,A,1,A,D,,,M,DY,,,G,EE,,,,,,,E,,,,,D,A,N,A,A,,Y,N,,,,,,,,,,,,,,,,01000,C,C,,A,,000000,,000000,,233,,J1,,Z9,,X7,,I9,,Y8,,A,64,A,25,84,A,8,,,,,,,,,,,,,,,,,,,,,,,,,C,0,1,0,0,0,1,0,0,0,0,0,0,0,0,0,0,0,0,,0,0,0,0,0,0,0,0,0,0,0,0,0,0,0,0,0,0,0,0,0,0,0,0,0,0,0,0,0,0,0,0,0,0,0,0,0,1,0,0,0,1,0,0,0,0,0,0,0,0,0,0,0,0,,,,,0,0,0,0,0,0,0,PRE1982.MDB,2026-04-14 02:19:16.142676
614,1968-07-26 00:00:00,2 0361,N3602N,1964-05-27 00:00:00,,DOLAND S DAK,PIPER,J3,,1010,A,41,124,04,12,04,A,A,A,1,A,D,,,C,CA,,,Q,DK,,,,,,,,,,,,B,A,,,A,,,N,,,,,,,,,,,,,,,,01300,D,,,A,,012000,,003000,,366,,E5,,A1,,Y8,,C3,,G7,,A,64,A,16,,,,,,,,,,,,,,,,,,,,,,,,,,,,C,0,1,0,0,0,1,0,0,0,0,0,0,0,0,0,0,0,0,,0,0,0,0,0,0,0,0,0,0,0,0,0,0,0,0,0,0,0,0,0,0,0,0,0,0,0,0,0,0,0,0,0,0,0,0,0,1,0,0,0,1,0,0,0,0,0,0,0,0,0,0,0,0,,,,,0,0,0,0,0,0,0,PRE1982.MDB,2026-04-14 02:19:16.142676
615,1966-07-07 00:00:00,2 0362,N74743,1964-03-01 00:00:00,N,CAVE JUNCTION ORE,MOONEY,M20B,,Z,A,37,101,02,12,09,A,A,A,1,A,D,,,D,B2,,,M0,D1,,,,,,,,,,,,B,B,E,A,B,,Y,N,,,,,,,,,,,,,,,,03500,A,D,,A,,00359A,,00329A,,30A,,CA,,AA,,YA,,BA,,YA,,A,64,A,04,64,A,03,64,A,33,82,A,A,82,A,B,83,A,Y,88,J,20,,,,,,,,,,F,1,0,0,0,0,1,0,0,0,0,0,0,0,0,0,0,0,0,,0,0,0,0,0,0,0,0,0,0,0,0,0,0,0,0,0,0,0,0,0,0,0,0,0,0,0,0,0,0,0,0,0,0,0,0,1,0,0,0,0,1,0,0,0,0,0,0,0,0,0,0,0,0,,,,,0,0,0,0,0,0,0,PRE1982.MDB,2026-04-14 02:19:16.142676
616,1966-07-07 00:00:00,2 0363,N3062H,1964-05-16 00:00:00,,WESTMINISTER CAL,ERCOUPE,415C,142922,1128,A,05,063,01,20,11,A,A,A,1,A,D,,,D,B0,,,L0,D1,,,02500,,,,,,,,,B,A,Z,,A,,,N,,,,,,,,,,,,,,,,00030,D,,,A,,000611,,000611,,377,,F6,,A1,,Y8,,A1,,Y8,,A,64,A,14,68,A,K0,,,,,,,,,,,,,,,,,,,,,,,,,F,1,0,0,0,0,1,0,0,0,0,0,0,0,0,0,0,0,0,,0,0,0,0,0,0,0,0,0,0,0,0,0,0,0,0,0,0,0,0,0,0,0,0,0,0,0,0,0,0,0,0,0,0,0,0,1,0,0,0,0,1,0,0,0,1,0,0,0,0,0,0,0,1,,,,,1,0,0,1,0,2,0,PRE1982.MDB,2026-04-14 02:19:16.142676
617,1973-11-01 00:00:00,2 0363,142922,1964-05-16 00:00:00,,WESTMINISTER CAL,DOUGLAS,A4-B,N3062H,1128,A,05,055,,52,,A,A,B,1,B,S,,,Y,B1,,,L0,D2,,,02500,,,,D,,,,,B,A,,,B,,,N,F,,B,NAS LOS ALAMITOS,00035,,,,,,A,08000,,,,00030,D,,,A,,017433,,002066,,344,,B2,,A1,,Y8,,H8,,G7,,A,64,A,14,68,A,K0,,,,,,,,,,,,,,,,,,,,,,,,,F,0,0,0,1,0,1,0,0,0,0,0,0,0,0,0,0,0,0,,0,0,0,0,0,0,0,0,0,0,0,0,0,0,0,0,0,0,0,0,0,0,0,0,0,0,0,0,0,0,0,0,0,0,0,0,0,0,0,1,0,1,1,0,0,0,0,0,0,0,0,0,0,1,,,,,1,0,0,1,0,2,0,PRE1982.MDB,2026-04-14 02:19:16.142676
618,1966-02-19 00:00:00,2 0364,N55592,1964-06-21 00:00:00,,NEWCASTLE  VA,STINSON,L-5,,1705,A,46,045,17,12,11,A,A,A,1,A,D,,,D,DI,,,U,C1,Q,EB,,,,,B,,,,,B,A,,,A,,,Z,L,Z,E,NEWCASTLE INTL,01500,D,G,,,,,02400,,,,Z,B,,,A,,003644,,000044,,333,,C3,,E5,,Y8,,B2,,Y8,,A,88,C,63,64,C,29,64,K,16,,,,,,,,,,,,,,,,,,,,,,C,0,1,0,0,0,1,0,0,0,0,0,0,0,0,0,0,0,0,,0,0,0,0,0,0,0,0,0,0,0,0,0,0,0,0,0,0,0,0,0,0,0,0,0,0,0,0,0,0,0,0,0,0,0,0,0,1,0,0,0,1,0,0,0,0,0,0,0,0,0,0,0,0,,,,,0,0,0,0,0,0,0,PRE1982.MDB,2026-04-14 02:19:16.142676
619,1966-06-22 00:00:00,2 0365,N40974,1964-06-21 00:00:00,,WHITSETT N C,PIPER,J3C,,1700,A,33,124,05,20,08,A,A,A,1,A,S,,,D,B0,,,N0,EB,,,,,,,,,,,,B,A,,,A,,,E,A,00000,F,CLAYTON AIRPARK,00723,D,,,Y,,,02200,,,,Z,D,,,A,,Z9,,Z9,,400,,C3,,Z9,,Z9,,A1,,Y8,,A,64,A,15,88,A,22,88,1,14,,,,,,,,,,,,,,,,,,,,,,C,0,1,0,0,0,1,0,0,0,0,0,0,0,0,0,0,0,0,,0,0,0,0,0,0,0,0,0,0,0,0,0,0,0,0,0,0,0,0,0,0,0,0,0,0,0,0,0,0,0,0,1,0,0,1,0,1,1,0,0,2,0,0,0,0,0,0,0,0,0,0,0,0,,,,,0,0,0,0,0,0,0,PRE1982.MDB,2026-04-14 02:19:16.142676
620,1966-09-28 00:00:00,2 0366,N7430X,1964-07-05 00:00:00,N,GULFPORT MISS,CESSNA,172,,2257,A,24,039,14,20,24,A,A,A,1,A,D,,,F,B0,,,U,D1,4,EE,05000,,,,C,,,,,D,A,N,,A,,Y,N,,,,,,,,,,,,,,,,,K,B,,A,,002255,,000355,,300,,B2,,A1,,Y8,,B2,,C3,,A,74,C,KA,88,J,88,64,1,32,88,1,67,,,,,,,,,,,,,,,,,,,F,0,0,1,0,0,1,0,0,0,0,0,0,0,0,0,0,0,0,,0,0,0,0,0,0,0,0,0,0,0,0,0,0,0,0,0,0,0,0,0,0,0,0,0,0,0,0,0,0,1,0,0,0,0,1,1,0,1,0,0,2,0,0,0,0,0,0,0,0,0,0,0,0,,,,,0,0,0,0,0,0,0,PRE1982.MDB,2026-04-14 02:19:16.142676
621,1966-07-07 00:00:00,2 0367,N3104Y,1964-07-07 00:00:00,N,CLEWISTON FLORIDA,CESSNA,182,,2040,A,09,039,17,20,26,A,A,A,1,A,D,,,M,B2,,,7,Z,,,,,,,Z,,,,,D,A,E,A,B,,Y,N,,,,,,,,,,,,,,,,00008,K,B,,A,,009000,,001777,,500,,F6,,A1,,Y8,,B2,,Y8,,A,84,A,I,,,,,,,,,,,,,,,,,,,,,,,,,,,,F,1,0,0,0,0,1,0,0,0,0,0,0,0,0,0,0,0,0,,0,0,0,0,0,0,0,0,0,0,0,0,0,0,0,0,0,0,0,0,0,0,0,0,0,0,0,0,0,0,2,0,0,0,0,2,3,0,0,0,0,3,0,0,0,0,0,0,0,0,0,0,0,0,,,,,0,0,0,0,0,0,0,PRE1982.MDB,2026-04-14 02:19:16.142676
622,1967-04-25 00:00:00,2 0368,N8854F,1964-07-25 00:00:00,,CLIO S C,HUGHES,269A,,0945,A,40,077,01,12,09,B,E,A,1,A,S,,,C,DD,,,U,D1,G,EI,,,,,B,,,,,B,A,,,A,,,N,,,,,,,,,,,,,,,,00172,J,,,A,,018500,,000322,,299,,B2,,T3,,,,C3,,A,,A,64,A,29,68,A,D1,88,A,63,64,C,27,74,J,J2,,,,,,,,,,,,,,,,N,0,0,0,1,0,1,0,0,0,0,0,0,0,0,0,0,0,0,,0,0,0,0,0,0,0,0,0,0,0,0,0,0,0,0,0,0,0,0,0,0,0,0,0,0,0,0,0,0,0,0,0,0,0,0,0,0,0,1,0,1,0,0,0,0,0,0,0,0,0,0,0,0,,,,,0,0,0,0,0,0,0,PRE1982.MDB,2026-04-14 02:19:16.142676
623,1966-06-08 00:00:00,2 0369,N5135P,1964-05-11 00:00:00,,SEVERANCE KAN,PIPER,PA24,,1215,A,16,124,25,12,09,A,A,A,1,A,S,,,D,B2,,,J,EF,NF,EK,,,,,,,,,,B,A,,,A,,,A,,,E,JOE RUSH,00900,C,,,,,,01250,,,,,,,,A,,003000,,000277,,377,,C3,,A1,,,,B2,,Y8,,A,64,C,17,64,C,07,88,L,22,,,,,,,,,,,,,,,,,,,,,,C,0,1,0,0,0,1,0,0,0,0,0,0,0,0,0,0,0,0,,0,0,0,0,0,0,0,0,0,0,0,0,0,0,0,0,0,0,0,0,0,0,0,0,0,0,0,0,0,0,0,0,0,0,0,0,0,1,0,0,0,1,0,0,0,0,0,0,0,0,0,0,0,0,,,,,0,0,0,0,0,0,0,PRE1982.MDB,2026-04-14 02:19:16.142676
624,1968-07-26 00:00:00,2 0370,N7868D,1964-05-10 00:00:00,,W MEMPHIS ARK,PIPER,PA18A,,1745,A,04,124,20,12,06,A,A,A,1,A,D,Y,,C,CA,,,N0,DL,,,,,,,,,,,,B,A,,,A,,,N,,,,,,,,,,,,,,,,00215,D,,,A,,Z9,,Z9,,422,,B2,,P7,,,,C3,,G7,,A,64,A,15,,,,,,,,,,,,,,,,,,,,,,,,,,,,F,1,0,0,0,0,1,0,0,0,0,0,0,0,0,0,0,0,0,,0,0,0,0,0,0,0,0,0,0,0,0,0,0,0,0,0,0,0,0,0,0,0,0,0,0,0,0,0,0,0,0,0,0,0,0,1,0,0,0,0,1,0,0,0,0,0,0,0,0,0,0,0,0,,,,,0,0,0,0,0,0,0,PRE1982.MDB,2026-04-14 02:19:16.142676
625,1966-06-22 00:00:00,2 0371,N84613,1964-05-09 00:00:00,,LEBANON IND,AERONCA,7AC,,1600,A,14,003,12,20,11,A,A,A,1,A,D,,,D,B0,,,N1,D8,,,,,,,,,,,,B,A,,,A,,,N,,,,,,,,,,,,,,,,Z,,,,A,,000877,,000877,,422,,C3,,A1,,,,A1,,Y8,,A,64,A,17,88,A,14,,,,,,,,,,,,,,,,,,,,,,,,,C,0,1,0,0,0,1,0,0,0,0,0,0,0,0,0,0,0,0,,0,0,0,0,0,0,0,0,0,0,0,0,0,0,0,0,0,0,0,0,0,0,0,0,0,0,0,0,0,0,0,0,0,0,0,0,0,1,0,0,0,1,0,0,0,0,0,0,0,0,0,0,0,0,,,,,0,0,0,0,0,0,0,PRE1982.MDB,2026-04-14 02:19:16.142676
626,1966-06-08 00:00:00,2 0372,N1145V,1964-05-07 00:00:00,,TRURO BEACH MASS,AERONCA,7BCM,,Z,A,21,003,12,20,,A,A,A,1,A,D,,,J,B1,,,7,Z,,,,,,,,,,,,Z,Z,,,A,,,Z,,,,,,,,,,,,,,,,,,R,,A,,010000,,Z9,,422,,C3,,A1,,,,B2,,Y8,,A,84,A,I,,,,,,,,,,,,,,,,,,,,,,,,,,,,F,1,0,0,0,0,1,0,0,0,0,0,0,0,0,0,0,0,0,,0,0,0,0,0,0,0,0,0,0,0,0,0,0,0,0,0,0,0,0,0,0,0,0,0,0,0,0,0,0,0,0,0,0,0,0,1,0,0,0,0,1,0,0,0,0,0,0,0,0,0,0,0,0,,,,,0,0,0,0,0,0,0,PRE1982.MDB,2026-04-14 02:19:16.142676
627,1966-02-19 00:00:00,2 0373,N2627V,1964-05-02 00:00:00,,BONNER SPGS KAN,CESSNA,170,,1900,A,16,039,13,20,14,A,A,A,1,A,D,Y,A,D,B0,,,Q,C1,,,,,,,,,,,,B,A,,,A,,,A,,,F,SUBURBAN AIRPARK,00875,C,,,,,,,,,,,,,,A,,000511,,000100,,333,,C3,,A1,,,,B2,,Y8,,A,64,A,16,64,A,29,84,A,J,88,J,76,,,,,,,,,,,,,,,,,,,C,0,1,0,0,0,1,0,0,0,0,0,0,0,0,0,0,0,0,,0,0,0,0,0,0,0,0,0,0,0,0,0,0,0,0,0,0,0,0,0,0,0,0,0,0,0,0,0,0,0,1,3,0,0,4,0,2,3,0,0,5,0,0,0,0,0,0,0,0,0,0,0,0,,,,,0,0,0,0,0,0,0,PRE1982.MDB,2026-04-14 02:19:16.142676
628,1966-06-08 00:00:00,2 0374,N5549V,1964-02-01 00:00:00,,PUEBLO COLO,STUBBE,,,1530,A,06,200,,20,13,A,A,A,1,A,M,,,D,B0,,,U,D1,N0,EB,,,,,A,,,,,B,A,,,A,,,G,H,,F,PUEBLO,4700,,,,,,,,,,,4700,D,,,A,,005255,,000011,,277,,C3,,A1,,,,A1,,Y8,,A,74,C,KA,,,,,,,,,,,,,,,,,,,,,,,,,,,,C,0,1,0,0,0,1,0,0,0,0,0,0,0,0,0,0,0,0,,0,0,0,0,0,0,0,0,0,0,0,0,0,0,0,0,0,0,0,0,0,0,0,0,0,0,0,0,0,0,0,0,0,0,0,0,0,1,0,0,0,1,0,0,0,0,0,0,0,0,0,0,0,0,,,,,0,0,0,0,0,0,0,PRE1982.MDB,2026-04-14 02:19:16.142676
629,1966-07-07 00:00:00,2 0375,N9799X,1964-03-11 00:00:00,N,KANKAKEE ILLINOIS,CESSNA,210D,,1630,A,13,039,19,20,28,A,A,A,1,A,D,,,D,B2,,,N1,D1,,,00660,,,,,,,,,B,B,Z,A,A,,Y,N,,,,,,,,,,,,,,,,00625,H,,,A,,018000,,000200,,577,,C3,,A1,,Y8,,B2,,D4,,A,64,A,04,64,A,33,82,J,A,82,J,D,,,,,,,,,,,,,,,,,,,F,1,0,0,0,0,1,0,0,0,0,0,0,0,0,0,0,0,0,,0,0,0,0,0,0,0,0,0,0,0,0,0,0,0,0,0,0,0,0,0,0,0,0,0,0,0,0,0,0,1,0,0,0,0,1,2,0,0,0,0,2,0,0,0,0,0,0,0,0,0,0,0,0,,,,,0,0,0,0,0,0,0,PRE1982.MDB,2026-04-14 02:19:16.142676
630,1968-10-03 00:00:00,2 0376,N110WB,1964-03-21 00:00:00,N,KNOXVILLE TENN,BEECHCRAFT,E18S,,1155,A,42,022,17,39,07,A,A,A,2,A,D,Y,A,B,B3,,,M0,D1,,,04560,,,,,,,,,B,B,Z,A,A,,Y,N,,,,,,,,,,,,,,,,04760,A,R,,A,B,124500,002933,008000,Z9,466,444,H8,C3,P7,A1,Y8,X7,C3,B2,G7,D4,Z,64,A,04,84,A,J,64,A,29,82,J,A,,,,,,,,,,,,,,,,,,,F,1,0,0,0,0,1,1,0,0,0,0,1,0,0,0,0,0,0,,0,0,0,0,0,0,0,0,0,0,0,0,0,0,0,0,0,0,0,0,0,0,0,0,0,0,0,0,0,0,4,0,0,0,0,4,6,0,0,0,0,6,0,0,0,0,0,0,0,0,0,0,0,0,,,,,0,0,0,0,0,0,0,PRE1982.MDB,2026-04-14 02:19:16.142676
631,1966-07-07 00:00:00,2 0377,N6679D,1964-04-20 00:00:00,,ASHEVILLE N C,VERTOL,107 II,,1002,A,33,164,03,24,02,B,C,B,2,F,S,Y,,K,DB,,,G,EH,,,,,,,,,,,,B,A,,,A,,,A,,,A,ASHEVILLE,02161,B,,,,,,,,,,02161,,,,A,B,025166,054699,007611,000511,ZA,ZB,Z9,Z9,T3,T3,,,C3,C3,G7,G7,A,84,A,J,88,J,85,,,,,,,,,,,,,,,,,,,,,,,,,N,0,0,0,1,0,1,0,0,0,1,0,1,0,0,0,0,0,0,,0,0,0,0,0,0,0,0,0,0,0,0,0,0,0,0,0,0,0,0,0,0,0,0,0,0,0,0,0,0,0,0,0,0,0,0,0,0,0,2,0,2,0,0,0,0,0,0,0,0,0,0,0,0,,,,,0,0,0,0,0,0,0,PRE1982.MDB,2026-04-14 02:19:16.142676
632,1972-05-15 00:00:00,2 0378,N451HC,1964-04-27 00:00:00,,BILLINGS MONT,BEECH,65,,1005,A,26,022,23,12,17,A,A,A,2,A,D,Y,C,B,B3,,,U,EB,Q,EB,03300,,,,,,,,,B,A,Z,A,B,,Y,H,F,01200,A,LOGAN FIELD,03606,,,,,,,08600,,,,03150,Y,,,A,B,070411,024455,Z9,Z9,333,499,D4,F6,P7,A1,Z9,X7,F6,A1,G7,D4,Z,64,C,32,88,C,19,65,C,32,88,C,19,64,C,30,88,C,96,88,J,07,88,J,48,,,,,,,F,1,0,0,0,0,1,1,0,0,0,0,1,0,0,0,0,0,0,,0,0,0,0,0,0,0,0,0,0,0,0,0,0,0,0,0,0,0,0,0,0,0,0,0,0,0,0,0,0,2,0,0,0,0,2,4,0,0,0,0,4,0,0,0,0,0,0,0,0,0,0,0,0,,,,,0,0,0,0,0,0,0,PRE1982.MDB,2026-04-14 02:19:16.142676
633,1966-09-28 00:00:00,2 0379,N7989X,1964-04-29 00:00:00,,MUSKEGON MICH,CESSNA,172,,2140,A,22,039,14,20,24,A,A,A,1,A,D,,,M,B1,,,M0,D1,,,,,,,,,,,,D,B,N,D,A,,Y,K,M,Z,A,MUSKEGON COUNTY,00628,Z,,A,,,A,05000,,,,00575,K,R,,A,B,022000,003000,Z9,Z9,455,399,F6,F6,A1,A1,Z9,Z9,B2,B2,Z9,Z9,Z,64,A,53,82,A,A,82,A,C,88,J,88,,,,,,,,,,,,,,,,,,,F,1,0,0,0,0,1,1,0,0,0,0,1,0,0,0,0,0,0,,0,0,0,0,0,0,0,0,0,0,0,0,0,0,0,0,0,0,0,0,0,0,0,0,0,0,0,0,0,0,0,0,0,0,0,0,2,0,0,0,0,2,0,0,0,0,0,0,0,0,0,0,0,0,,,,,0,0,0,0,0,0,0,PRE1982.MDB,2026-04-14 02:19:16.142676
634,1969-06-24 00:00:00,2 0380,N28260,1964-04-30 00:00:00,N,PAULINA OREGON,PIPER,J-5A,,1445,A,37,124,13,20,11,A,A,A,1,A,D,,,D,B0,,,M1,D9,,,Z,,,,,,,,,B,B,Z,A,A,,X,N,,,,,,,,,,,,,,,,04700,D,R,,A,,002411,,000688,,411,,C3,,A1,,Y8,,B2,,E5,,A,64,A,04,64,A,29,82,J,B,82,J,A,64,1,33,,,,,,,,,,,,,,,,F,1,0,0,0,0,1,0,0,0,0,0,0,0,0,0,0,0,0,,0,0,0,0,0,0,0,0,0,0,0,0,0,0,0,0,0,0,0,0,0,0,0,0,0,0,0,0,0,0,0,0,0,0,0,0,1,0,0,0,0,1,0,0,0,0,0,0,0,0,0,0,0,0,,,,,0,0,0,0,0,0,0,PRE1982.MDB,2026-04-14 02:19:16.142676
635,1966-07-07 00:00:00,2 0381,N1806C,1964-05-13 00:00:00,N,LAKEVILLE INDIANA,CESSNA,170B,,0945,A,14,039,13,20,14,A,A,A,1,A,D,,,D,B2,,,N1,D1,,,00850,,,,,,,,,B,B,Z,E,A,,Y,N,,,,,,,,,,,,,,,,00800,H,R,,A,,009000,,Z9,,566,,E5,,A1,,Z9,,B2,,Y8,,A,64,A,04,64,A,33,82,J,A,82,J,C,,,,,,,,,,,,,,,,,,,F,1,0,0,0,0,1,0,0,0,0,0,0,0,0,0,0,0,0,,0,0,0,0,0,0,0,0,0,0,0,0,0,0,0,0,0,0,0,0,0,0,0,0,0,0,0,0,0,0,0,0,0,0,0,0,1,0,0,0,0,1,0,0,0,0,0,0,0,0,0,0,0,0,,,,,0,0,0,0,0,0,0,PRE1982.MDB,2026-04-14 02:19:16.142676
636,1966-06-22 00:00:00,2 0382,N9712F,1964-05-14 00:00:00,,UNIONTOWN PA,STINSON,108,,1030,A,38,162,02,04,,A,A,A,1,A,D,,,M,B0,,,N2,D1,,,,,,,,,,,,B,B,N,A,A,,Z,N,,,,,,,,,,,,,,,,02540,H,,,A,,005000,,002000,,288,,B2,,E5,,,,C3,,Y8,,A,64,A,20,64,A,26,64,A,29,64,A,33,64,J,04,64,J,27,,,,,,,,,,,,,C,0,1,0,0,0,1,0,0,0,0,0,0,0,0,0,0,0,0,,0,0,0,0,0,0,0,0,0,0,0,0,0,0,0,0,0,0,0,0,0,0,0,0,0,0,0,0,0,0,0,0,0,0,0,0,0,1,0,0,0,1,0,0,0,0,0,0,0,0,0,0,0,0,,,,,0,0,0,0,0,0,0,PRE1982.MDB,2026-04-14 02:19:16.142676
637,1966-06-22 00:00:00,2 0383,N9148D,1964-05-19 00:00:00,N,SULPHUR OKLA,PIPER,PA18,,0930,A,36,124,20,12,06,A,A,A,1,A,D,,,C,CA,,,Q,DK,,,,,,,,,,,,B,A,,,A,,,N,,,,,,,,,,,,,,,,01200,B,,,A,,004500,,002000,,288,,E5,,A1,,,,C3,,G7,,A,64,A,16,,,,,,,,,,,,,,,,,,,,,,,,,,,,C,0,1,0,0,0,1,0,0,0,0,0,0,0,0,0,0,0,0,,0,0,0,0,0,0,0,0,0,0,0,0,0,0,0,0,0,0,0,0,0,0,0,0,0,0,0,0,0,0,0,0,0,0,0,0,0,1,0,0,0,1,0,0,0,0,0,0,0,0,0,0,0,0,,,,,0,0,0,0,0,0,0,PRE1982.MDB,2026-04-14 02:19:16.142676
638,1964-12-07 00:00:00,2 0384,N4767M,1964-07-12 00:00:00,,SULLIVAN IND,PIPER,PA11,,1630,A,14,124,05,20,06,A,B,A,1,A,D,,,D,B0,,,Q,C1,,,00570,,,,,,,,,B,A,,,A,,,N,,,,,,,,,,,,,,,,00520,D,,,A,,00500,,00475,,59,,E,,I,,Y,,B,,Y,,A,64,A,16,64,A,29,88,A,76,,,,,,,,,,,,,,,,,,,,,,C,0,1,0,0,0,1,0,0,0,0,0,0,0,0,0,0,0,0,,0,0,0,0,0,0,0,0,0,0,0,0,0,0,0,0,0,0,0,0,0,0,0,0,0,0,0,0,0,0,0,1,1,0,0,2,0,2,1,0,0,3,0,0,0,0,0,0,0,0,0,0,0,0,,,,,0,0,0,0,0,0,0,PRE1982.MDB,2026-04-14 02:19:16.142676
639,1967-04-25 00:00:00,2 0385,N73914,1964-06-23 00:00:00,,BONDURANT WYO,BELL,47G3B1,,0804,A,50,024,03,12,35,B,E,A,1,A,S,,,C,CA,,,N0,DJ,,,,,,,D,,,,,B,A,,,A,,,N,,,,,,,,,,,,,,,,06030,Z,,,A,,093177,,005600,,377,,B2,,T3,,,,G7,,G7,,A,64,A,15,,,,,,,,,,,,,,,,,,,,,,,,,,,,N,0,0,0,1,0,1,0,0,0,0,0,0,0,0,0,0,0,0,,0,0,0,0,0,0,0,0,0,0,0,0,0,0,0,0,0,0,0,0,0,0,0,0,0,0,0,0,0,0,0,0,0,0,0,0,0,0,0,1,0,1,0,0,0,0,0,0,0,0,0,0,0,0,,,,,0,0,0,0,0,0,0,PRE1982.MDB,2026-04-14 02:19:16.142676
640,1966-07-07 00:00:00,2 0386,N5336V,1964-07-17 00:00:00,,24W SKWENTNA ALAS,HILLER,UH12EL,,1107,A,02,076,04,12,21,B,E,A,1,A,S,Y,,F,CT,,,I,EE,,,,,,,,,,,,B,A,,,A,,,N,,,,,,,,,,,,,,,,04000,A,,,A,,065000,,002800,,466,,E5,,T3,,,,C3,,G7,,A,64,A,18,88,A,AQ,,,,,,,,,,,,,,,,,,,,,,,,,M,0,0,0,1,0,1,0,0,0,0,0,0,0,0,0,0,0,0,,0,0,0,0,0,0,0,0,0,0,0,0,0,0,0,0,0,0,0,0,0,0,0,0,0,0,0,0,0,0,0,0,1,1,0,2,0,0,1,2,0,3,0,0,0,0,0,0,0,0,0,0,0,0,,,,,0,0,0,0,0,0,0,PRE1982.MDB,2026-04-14 02:19:16.142676
641,1966-07-07 00:00:00,2 0387,N7958T,1964-01-10 00:00:00,,TRINIDAD COLO,CESSNA,175A,,2000,A,06,039,15,20,23,A,A,A,1,A,D,,,F,B2,,,M0,D1,,,,,,,,,,,,D,D,N,A,A,,Y,N,,,,,,,,,,,,,,,,04000,A,R,,A,,009755,,009522,,400,,F6,,A1,,,,B2,,Y8,,A,64,A,04,64,A,27,82,J,D,,,,,,,,,,,,,,,,,,,,,,F,1,0,0,0,0,1,0,0,0,0,0,0,0,0,0,0,0,0,,0,0,0,0,0,0,0,0,0,0,0,0,0,0,0,0,0,0,0,0,0,0,0,0,0,0,0,0,0,0,1,0,0,0,0,1,2,0,0,0,0,2,0,0,0,0,0,0,0,0,0,0,0,0,,,,,0,0,0,0,0,0,0,PRE1982.MDB,2026-04-14 02:19:16.142676
642,1965-01-07 00:00:00,2 0388,N113H,1964-05-11 00:00:00,,BAYPORT NY,GLOBE,GC1B,,1730,A,32,162,01,20,13,A,A,A,1,A,D,,,D,B0,,,U,D1,N1,EY,,,,,B,,,,,B,A,,,A,,,F,C,,F,EDWARDS,00040,,,,,,,,,,,00040,E,,,A,,00318,,00022,,45,,C,,A,,,,B,,Y,,A,74,C,CB,88,C,95,88,C,96,,,,,,,,,,,,,,,,,,,,,,C,0,1,0,0,0,1,0,0,0,0,0,0,0,0,0,0,0,0,,0,0,0,0,0,0,0,0,0,0,0,0,0,0,0,0,0,0,0,0,0,0,0,0,0,0,0,0,0,0,0,1,0,0,0,1,0,2,0,0,0,2,0,0,0,0,0,0,0,0,0,0,0,0,,,,,0,0,0,0,0,0,0,PRE1982.MDB,2026-04-14 02:19:16.142676
643,1966-02-19 00:00:00,2 0389,N23265,1964-05-30 00:00:00,,FAIRFIELD NJ,PIPER,J3C,,1420,A,30,124,05,20,11,A,A,A,1,A,D,,,D,DF,,,M0,D7,,,,,,,,,,,,B,A,,,A,,,A,,,F,CALDWELL WRIGHT,00260,,,,,,,,,,,00260,,,,A,,068000,,001000,,322,,A1,,P7,,,,C3,,G7,,A,64,A,66,88,A,AF,64,1,53,,,,,,,,,,,,,,,,,,,,,,C,0,1,0,0,0,1,0,0,0,0,0,0,0,0,0,0,0,0,,0,0,0,0,0,0,0,0,0,0,0,0,0,0,0,0,0,0,0,0,0,0,0,0,0,0,0,0,0,0,0,0,0,0,0,0,0,1,0,0,0,1,0,0,0,0,0,0,0,0,0,0,0,0,,,,,0,0,0,0,0,0,0,PRE1982.MDB,2026-04-14 02:19:16.142676
644,1968-10-03 00:00:00,2 0390,N5153K,1964-05-10 00:00:00,,INDIANAPOLIS IND,NAVION,NAV4,,0730,A,14,107,01,12,13,A,A,A,1,A,S,,,D,B0,,,V,EA,N0,EY,,,,,B,,,,,C,A,,,A,,,E,G,,F,SHANKS,740,,,,,,,,,,,740,,,,A,,002200,,001555,,411,,C3,,A1,,,,B2,,Y8,,A,68,C,D1,84,C,J,88,L,95,88,L,BM,88,L,CP,,,,,,,,,,,,,,,,C,0,1,0,0,0,1,0,0,0,0,0,0,0,0,0,0,0,0,,0,0,0,0,0,0,0,0,0,0,0,0,0,0,0,0,0,0,0,0,0,0,0,0,0,0,0,0,0,0,0,0,2,0,0,2,0,1,2,0,0,3,0,0,0,0,0,0,0,0,0,0,0,0,,,,,0,0,0,0,0,0,0,PRE1982.MDB,2026-04-14 02:19:16.142676
645,1966-02-19 00:00:00,2 0391,N2751R,1964-05-16 00:00:00,,BARTOW FLA,SCHWEIZER,SG526B,,Z,A,09,142,04,,,C,A,A,0,E,S,,,F,B0,,,M1,D9,,,,,,,,,,,,B,A,,,A,,,A,,,A,BARTOW,00124,Z,,,,,,,,,,00124,,,,A,,003833,,000022,,ZA,,H8,,V5,,,,C3,,Z9,,A,84,A,J,,,,,,,,,,,,,,,,,,,,,,,,,,,,C,0,1,0,0,0,1,0,0,0,0,0,0,0,0,0,0,0,0,,0,0,0,0,0,0,0,0,0,0,0,0,0,0,0,0,0,0,0,0,0,0,0,0,0,0,0,0,0,0,0,0,0,0,0,0,0,1,0,0,0,1,0,0,0,0,0,0,0,0,0,0,0,0,,,,,0,0,0,0,0,0,0,PRE1982.MDB,2026-04-14 02:19:16.142676
646,1966-07-07 00:00:00,2 0392,N5935X,1964-05-30 00:00:00,,SALINAS CALIF,BRANTLY,B2B,,0700,A,05,028,01,12,34,B,E,A,1,A,S,,,C,CA,,,U,DH,I,EI,,,,,B,,,,,B,A,,,A,,,N,,,,,,,,,,,,,,,,00000,D,,,A,,046455,,003000,,444,,B2,,T3,,,,C3,,G7,,A,88,C,96,88,C,64,88,J,CF,74,J,CJ,,,,,,,,,,,,,,,,,,,N,0,0,0,1,0,1,0,0,0,0,0,0,0,0,0,0,0,0,,0,0,0,0,0,0,0,0,0,0,0,0,0,0,0,0,0,0,0,0,0,0,0,0,0,0,0,0,0,0,0,0,0,0,0,0,0,0,0,1,0,1,0,0,0,0,0,0,0,0,0,0,0,0,,,,,0,0,0,0,0,0,0,PRE1982.MDB,2026-04-14 02:19:16.142676
647,1969-07-29 00:00:00,2 0393,N4778C,1964-06-17 00:00:00,,COPLEY TNSHP OHIO,HILLER,UH12B,,1450,A,35,076,02,04,13,B,E,A,1,A,D,Y,C,F,CI,,,U,D1,G,EI,00900,,,,B,,,,,B,A,,,A,,,L,E,,,,,,,,,,,,,,,01100,C,,,A,,115000,,000311,,455,,E5,,T3,,,,C3,,G7,,A,74,C,KA,83,K,F,88,K,AQ,74,1,E9,,,,,,,,,,,,,,,,,,,M,0,0,1,0,0,1,0,0,0,0,0,0,0,0,0,0,0,0,,0,0,0,0,0,0,0,0,0,0,0,0,0,0,0,0,0,0,0,0,0,0,0,0,0,0,0,0,0,0,0,0,1,0,0,1,0,0,2,0,0,2,0,0,0,0,0,0,0,0,0,0,0,0,,,,,0,0,0,0,0,0,0,PRE1982.MDB,2026-04-14 02:19:16.142676
648,1966-07-07 00:00:00,2 0394,N7806E,1964-06-29 00:00:00,,NEW RICHMOND IND,CESSNA,150,,1730,A,14,039,12,20,22,A,A,A,1,A,D,,Z,D,DZ,,,N0,D8,,,00825,,,,,,,,,B,A,Z,,A,,,N,,,,,,,,,,,,,,,,00800,C,,,A,,004355,,001322,,477,,C3,,A1,,Y8,,B2,,Y8,,A,64,A,54,88,A,14,,,,,,,,,,,,,,,,,,,,,,,,,F,1,0,0,0,0,1,0,0,0,0,0,0,0,0,0,0,0,0,,0,0,0,0,0,0,0,0,0,0,0,0,0,0,0,0,0,0,0,0,0,0,0,0,0,0,0,0,0,0,1,0,0,0,0,1,2,0,0,0,0,2,0,0,0,0,0,0,0,0,0,0,0,0,,,,,0,0,0,0,0,0,0,PRE1982.MDB,2026-04-14 02:19:16.142676
649,1968-07-26 00:00:00,2 0395,N65690,1964-06-30 00:00:00,,GREENSBORO ALA,BOEING,E75,,1700,A,01,027,15,39,07,A,A,A,1,A,D,Y,,C,CA,,,N0,DJ,,,,,,,,,,,,B,A,,,A,,,N,,,,,,,,,,,,,,,,00300,H,,,A,,ZA,,ZA,,355,,B2,,A1,,,,C3,,G7,,A,64,A,54,,,,,,,,,,,,,,,,,,,,,,,,,,,,C,0,1,0,0,0,1,0,0,0,0,0,0,0,0,0,0,0,0,,0,0,0,0,0,0,0,0,0,0,0,0,0,0,0,0,0,0,0,0,0,0,0,0,0,0,0,0,0,0,0,0,0,0,0,0,0,1,0,0,0,1,0,0,0,0,0,0,0,0,0,0,0,0,,,,,0,0,0,0,0,0,0,PRE1982.MDB,2026-04-14 02:19:16.142676
650,1967-04-25 00:00:00,2 0396,N4655T,1964-07-24 00:00:00,,THREE RIVERS MICH,BENSEN,B8M,,1030,A,22,200,,99,01,B,A,A,1,A,S,,,D,B0,,,U,EB,I,EI,,,,,A,A,,,,B,A,,,A,,,A,,,E,,,C,,,,,,,,,,,,,,A,,000266,,000266,,477,,C3,,T3,,,,A1,,A,,A,64,A,29,88,A,63,64,B,25,,,,,,,,,,,,,,,,,,,,,,M,0,0,1,0,0,1,0,0,0,0,0,0,0,0,0,0,0,0,,0,0,0,0,0,0,0,0,0,0,0,0,0,0,0,0,0,0,0,0,0,0,0,0,0,0,0,0,0,0,0,0,0,0,0,0,0,0,1,0,0,1,0,0,0,0,0,0,0,0,0,0,0,0,,,,,0,0,0,0,0,0,0,PRE1982.MDB,2026-04-14 02:19:16.142676
1441,1966-06-08 00:00:00,3 0126,N4050Y,1964-01-16 00:00:00,,NAVAJO MT UT,CESSNA,185,,1000,A,44,039,26,20,27,A,A,A,1,A,D,Y,,E,CJ,,,R1,EF,,,,,,,,,,,,B,A,,,A,,,A,,,,,,,,,,,,,,,,,,,,A,,09000A,,00600A,,41A,,BA,,NA,,,,CA,,GA,,A,84,A,J,,,,,,,,,,,,,,,,,,,,,,,,,,,,N,0,0,0,1,0,1,0,0,0,0,0,0,0,0,0,0,0,0,,0,0,0,0,0,0,0,0,0,0,0,0,0,0,0,0,0,0,0,0,0,0,0,0,0,0,0,0,0,0,0,0,0,0,0,0,0,0,0,1,0,1,0,0,0,0,0,0,0,0,0,0,0,0,,,,,0,0,0,0,0,0,0,PRE1982.MDB,2026-04-14 02:19:16.142676
651,1969-06-24 00:00:00,2 0397,N5932D,1964-05-04 00:00:00,,FAIRFIELD IOWA,PIPER,PA22,,0045,A,15,124,23,12,,A,A,A,1,A,S,,,,B0,,,K,EB,N1,EB,,,,,,,,,,D,A,,,A,,,E,,00300,F,FAIRFIELD,00780,C,,BY,,,,02700,,,,00780,,,,A,,000311,,000311,,233,,C3,,A1,,,,A1,,Y8,,A,64,C,48,64,C,33,88,L,13,88,3,67,,,,,,,,,,,,,,,,,,,C,0,0,1,0,0,1,0,0,0,0,0,0,0,0,0,0,0,0,,0,0,0,0,0,0,0,0,0,0,0,0,0,0,0,0,0,0,0,0,0,0,0,0,0,0,0,0,0,0,0,1,0,0,0,1,0,1,1,0,0,2,0,0,0,0,0,0,0,0,0,0,0,0,,,,,0,2,1,0,0,3,0,PRE1982.MDB,2026-04-14 02:19:16.142676
652,1966-09-28 00:00:00,2 0398,N4067F,1964-05-27 00:00:00,N,LEWISTON ID,CESSNA,172,,0830,A,12,039,14,20,24,A,A,A,1,A,S,,,D,B2,,,M1,D9,,,,,,,,,,,,B,A,,,A,,,N,,,,,,,,,,,,,,,,04300,A,,,A,,002600,,000555,,266,,C3,,A1,,,,B2,,Y8,,A,82,A,M,,,,,,,,,,,,,,,,,,,,,,,,,,,,C,0,1,0,0,0,1,0,0,0,0,0,0,0,0,0,0,0,0,,0,0,0,0,0,0,0,0,0,0,0,0,0,0,0,0,0,0,0,0,0,0,0,0,0,0,0,0,0,0,0,0,2,0,0,2,0,1,2,0,0,3,0,0,0,0,0,0,0,0,0,0,0,0,,,,,0,0,0,0,0,0,0,PRE1982.MDB,2026-04-14 02:19:16.142676
653,1965-01-07 00:00:00,2 0399,N57541,1964-05-31 00:00:00,,TURNERSFALLS MASS,LAISTER,LK10A,,1545,A,21,086,01,,,C,E,A,0,E,D,,,D,B0,,,K,EB,NF,EB,,,,,,,,,,B,A,,,A,,,A,,L0025,F,TURNERS FALLS,00250,B,,,,,,03000,,,,00250,,,,A,,00500,,00178,,60,,J,,V,,,,C,,Y,,A,64,A,17,,,,,,,,,,,,,,,,,,,,,,,,,,,,C,0,1,0,0,0,1,0,0,0,0,0,0,0,0,0,0,0,0,,0,0,0,0,0,0,0,0,0,0,0,0,0,0,0,0,0,0,0,0,0,0,0,0,0,0,0,0,0,0,0,0,0,0,0,0,0,1,0,0,0,1,0,0,0,0,0,0,0,0,0,0,0,0,,,,,0,0,0,0,0,0,0,PRE1982.MDB,2026-04-14 02:19:16.142676
654,1966-06-22 00:00:00,2 0400,N9751H,1964-06-04 00:00:00,,SUCCESS ARK,BOEING,SN75,,1210,A,04,027,15,20,19,A,A,A,1,A,N,,,C,CA,,,NA,DH,,,,,,,,,,,,B,A,,,A,,,N,,,,,,,,,,,,,,,,00260,D,,,A,,005000,,000377,,422,,E5,,A1,,,,C3,,G7,,A,84,A,J,68,A,E3,64,A,33,64,1,06,,,,,,,,,,,,,,,,,,,C,0,0,0,1,0,1,0,0,0,0,0,0,0,0,0,0,0,0,,0,0,0,0,0,0,0,0,0,0,0,0,0,0,0,0,0,0,0,0,0,0,0,0,0,0,0,0,0,0,0,0,0,0,0,0,0,0,0,1,0,1,0,0,0,0,0,0,0,0,0,0,0,0,,,,,0,1,0,1,0,2,0,PRE1982.MDB,2026-04-14 02:19:16.142676
655,1966-06-22 00:00:00,2 0401,N83050,1964-06-04 00:00:00,N,HOLLISTER CALIF,AERONCA,7DC,,1615,A,05,003,12,20,11,A,A,A,1,A,S,,,D,B0,,,M1,D9,,,,,,,,,,,,B,A,,,A,,,N,,,,,,,,,,,,,,,,02300,A,,,A,,006644,,000766,,399,,B2,,A1,,,,B2,,Y8,,A,88,A,20,64,J,33,82,J,M,,,,,,,,,,,,,,,,,,,,,,C,0,1,0,0,0,1,0,0,0,0,0,0,0,0,0,0,0,0,,0,0,0,0,0,0,0,0,0,0,0,0,0,0,0,0,0,0,0,0,0,0,0,0,0,0,0,0,0,0,0,0,1,0,0,1,0,1,1,0,0,2,0,0,0,0,0,0,0,0,0,0,0,0,,,,,0,0,0,0,0,0,0,PRE1982.MDB,2026-04-14 02:19:16.142676
656,1965-06-23 00:00:00,2 0402,N4568Z,1964-06-04 00:00:00,,ANGOLA IND,PIPER,PA22,,1440,A,14,124,23,12,04,A,A,A,1,A,S,,,F,B1,,,J,EF,N4,EJ,,,,,,,,,,B,A,,,A,,,A,,,F,TRI STATE,00988,C,,,,,C,02000,,,,00988,,,,A,,000400,,000400,,266,,B2,,A1,,,,A1,,Y8,,A,64,A,17,64,B,07,88,J,22,,,,,,,,,,,,,,,,,,,,,,C,0,1,0,0,0,1,0,0,0,0,0,0,0,0,0,0,0,0,,0,0,0,0,0,0,0,0,0,0,0,0,0,0,0,0,0,0,0,0,0,0,0,0,0,0,0,0,0,0,0,0,0,0,0,0,0,1,0,0,0,1,0,0,0,0,0,0,0,0,0,0,0,0,,,,,0,0,0,0,0,0,0,PRE1982.MDB,2026-04-14 02:19:16.142676
657,1966-06-22 00:00:00,2 0403,N9489D,1964-06-04 00:00:00,N,CORDOVA ALAS,PIPER,PA18,,1830,A,02,124,20,12,06,A,A,A,1,A,D,,,D,B2,,,7,Z,,,,,,,,,,,,B,A,,,A,,,N,,,,,,,,,,,,,,,,00000,G,,,A,,010500,,001800,,266,,B2,,A1,,,,C3,,G7,,A,84,A,I,,,,,,,,,,,,,,,,,,,,,,,,,,,,C,0,1,0,0,0,1,0,0,0,0,0,0,0,0,0,0,0,0,,0,0,0,0,0,0,0,0,0,0,0,0,0,0,0,0,0,0,0,0,0,0,0,0,0,0,0,0,0,0,0,0,0,0,0,0,0,1,0,0,0,1,0,0,0,0,0,0,0,0,0,0,0,0,,,,,0,0,0,0,0,0,0,PRE1982.MDB,2026-04-14 02:19:16.142676
658,1965-09-03 00:00:00,2 0404,N2528B,1964-06-07 00:00:00,,ENID OKLA,PIPER,PA18,,0715,A,36,124,21,12,05,A,A,A,1,A,S,,,L,A0,,,A,C0,,,,,,,,,,,,B,A,,,A,,,A,,Z,B,VANCE AFB,01307,B,,,,,,05000,,,,01307,,,,A,C,006055,ZC,000755,ZC,222,ZC,B2,Z9,A1,Z9,,,F6,Z9,I9,Z9,A,66,A,22,66,A,43,64,A,30,,,,,,,,,,,,,,,,,,,,,,C,0,0,0,1,0,1,0,0,0,0,0,0,0,1,0,0,0,1,,0,0,0,0,0,0,0,0,0,0,0,0,0,0,0,0,0,0,0,0,0,0,0,0,0,0,0,0,0,0,0,0,0,0,0,0,0,1,0,1,0,2,0,0,0,0,0,0,0,0,0,0,0,0,,,,,0,0,0,0,0,0,0,PRE1982.MDB,2026-04-14 02:19:16.142676
659,1966-07-07 00:00:00,2 0405,N3730N,1964-06-07 00:00:00,N,LUDLOW CALIFORNIA,BEECHCRAFT,35,,1647,A,05,022,19,20,15,A,A,A,1,A,D,Y,Z,D,B0,,,Q,EA,,,01800,,,,E,,,,,B,A,P,A,A,,Y,N,,,,,,,,,,,,,,,,01700,D,,,A,,000688,,Z9,,388,,F6,,A1,,Z9,,B2,,C3,,A,64,A,04,64,A,33,82,A,L,82,A,H,82,A,M,,,,,,,,,,,,,,,,F,1,0,0,0,0,1,0,0,0,0,0,0,0,0,0,0,0,0,,0,0,0,0,0,0,0,0,0,0,0,0,0,0,0,0,0,0,0,0,0,0,0,0,0,0,0,0,0,0,2,0,0,0,0,2,3,0,0,0,0,3,0,0,0,0,0,0,0,0,0,0,0,0,,,,,0,0,0,0,0,0,0,PRE1982.MDB,2026-04-14 02:19:16.142676
660,1966-07-07 00:00:00,2 0406,N8400E,1964-06-09 00:00:00,N,YACK FLATS MONT,BELL,47G3,,2015,A,26,024,02,04,15,B,E,A,1,A,S,,,F,CG,,,U,C1,I,EI,,,,,B,,,,,C,A,,,A,,,N,,,,,,,,,,,,,,,,03500,K,,,A,,016000,,ZA,,311,,B2,,U4,,,,C3,,G7,,A,64,C,21,64,C,23,64,C,31,88,J,34,88,J,88,,,,,,,,,,,,,,,,N,0,0,0,1,0,1,0,0,0,0,0,0,0,0,0,0,0,0,,0,0,0,0,0,0,0,0,0,0,0,0,0,0,0,0,0,0,0,0,0,0,0,0,0,0,0,0,0,0,0,0,0,1,0,1,0,0,0,2,0,2,0,0,0,0,0,0,0,0,0,0,0,0,,,,,0,0,0,0,0,0,0,PRE1982.MDB,2026-04-14 02:19:16.142676
661,1966-06-08 00:00:00,2 0407,N8130X,1964-06-19 00:00:00,,QUINTER KANSAS,CESSNA,172B,,2116,A,16,039,14,20,23,A,A,A,1,A,D,,,D,B0,,,K,EB,N0,EB,02240,,,,,,,,,D,B,Z,A,A,,Y,A,,,G,PRIVATE FIELD,02200,C,,,,,,,,,,02200,D,,,A,,115000,,020000,,366,,B2,,P7,,Y8,,G7,,G7,,A,64,C,15,64,1,33,,,,,,,,,,,,,,,,,,,,,,,,,F,0,1,0,0,0,1,0,0,0,0,0,0,0,0,0,0,0,0,,0,0,0,0,0,0,0,0,0,0,0,0,0,0,0,0,0,0,0,0,0,0,0,0,0,0,0,0,0,0,1,2,0,0,0,3,1,3,0,0,0,4,0,0,0,0,0,0,0,0,0,0,0,0,,,,,0,0,0,0,0,0,0,PRE1982.MDB,2026-04-14 02:19:16.142676
662,1966-07-07 00:00:00,2 0408,N40912,1964-05-22 00:00:00,N,DIXIE IDAHO,PIPER,J3F-65,,1505,A,12,124,06,04,04,A,A,A,1,A,D,,Z,D,B2,,,M1,D9,,,,,,,,,,,,B,B,N,A,A,,X,N,,,,,,,,,,,,,,,,05000,A,R,,A,,002300,,000822,,533,,F6,,A1,,Y8,,B2,,E5,,A,64,A,04,64,J,33,82,J,A,82,J,D,,,,,,,,,,,,,,,,,,,F,1,0,0,0,0,1,0,0,0,0,0,0,0,0,0,0,0,0,,0,0,0,0,0,0,0,0,0,0,0,0,0,0,0,0,0,0,0,0,0,0,0,0,0,0,0,0,0,0,0,0,0,0,0,0,1,0,0,0,0,1,0,0,0,0,0,0,0,0,0,0,0,0,,,,,0,0,0,0,0,0,0,PRE1982.MDB,2026-04-14 02:19:16.142676
663,1969-06-24 00:00:00,2 0409,N9413Y,1964-06-05 00:00:00,,RICHLANDS VA,BEECHCRAFT,9555,,1950,A,46,022,24,20,28,A,A,A,2,A,D,,,D,B0,,,Q,C1,,,,,,,,,,,,C,A,,,A,,,A,,L0200,F,RICHLANDS,01910,A,,,,,,01920,,,,01910,,,,A,,010000,,ZA,,333,,J1,,Z9,,X7,,I9,,Y8,,A,64,A,16,64,A,08,64,A,29,64,J,44,64,J,23,70,J,BF,64,1,02,64,1,31,64,1,33,,,,C,0,1,0,0,0,1,0,0,0,0,0,0,0,0,0,0,0,0,,0,0,0,0,0,0,0,0,0,0,0,0,0,0,0,0,0,0,0,0,0,0,0,0,0,0,0,0,0,0,0,0,0,0,0,0,0,1,0,0,0,1,0,0,0,0,0,0,0,0,0,0,0,0,,,,,0,0,0,0,0,0,0,PRE1982.MDB,2026-04-14 02:19:16.142676
664,1966-02-19 00:00:00,2 0410,N3876Y,1964-06-06 00:00:00,,JAMAICA NY,CESSNA,210,N4439P,1845,A,32,039,19,20,26,A,A,A,1,A,S,,,K,B2,,,L2,B0,,,,,,,,,,,,B,A,,,A,,,A,,,A,KENNEDY INTL,00012,,,,,,,,,,,00012,,,,A,,004166,,000477,,322,,C3,,M4,,,,B2,,Y8,,A,64,A,14,68,A,K0,,,,,,,,,,,,,,,,,,,,,,,,,N,0,0,0,1,0,1,0,0,0,0,0,0,0,0,0,0,0,0,,0,0,0,0,0,0,0,0,0,0,0,0,0,0,0,0,0,0,0,0,0,0,0,0,0,0,0,0,0,0,0,0,0,1,0,1,0,0,0,2,0,2,0,0,0,2,0,0,0,0,0,0,0,2,,,,,0,0,0,4,0,4,0,PRE1982.MDB,2026-04-14 02:19:16.142676
665,1968-10-03 00:00:00,2 0410,N4439P,1964-06-06 00:00:00,,JAMAICA NY,PIPER,PA23,N3876Y,1845,A,32,124,24,12,06,A,A,A,2,A,S,,,F,B2,,,L2,B0,,,,,,,,,,,,B,A,,,A,,,A,,,A,KENNEDY INTL,00012,,,,,,,,,,,00012,,,,A,,100000,,020000,,466,,A1,,S2,,,,C3,,G7,,A,84,A,J,68,A,K0,,,,,,,,,,,,,,,,,,,,,,,,,N,0,0,0,1,0,1,0,0,0,0,0,0,0,0,0,0,0,0,,0,0,0,0,0,0,0,0,0,0,0,0,0,0,0,0,0,0,0,0,0,0,0,0,0,0,0,0,0,0,0,0,0,1,0,1,0,0,0,2,0,2,0,0,0,2,0,0,0,0,0,0,0,2,,,,,0,0,0,4,0,4,0,PRE1982.MDB,2026-04-14 02:19:16.142676
666,1965-09-03 00:00:00,2 0411,N2395L,1964-06-07 00:00:00,,BASKING RIDGE NJ,BEECHCRAFT,M23,,1550,A,30,022,25,12,06,A,A,A,1,A,D,,,F,B0,,,Q,C1,,,,,,,,,,,,B,A,,,A,,,I,L,Z,F,SOMERSET HILLS,00280,C,,,,,,,,,,00300,H,,,A,,001288,,000111,,177,,C3,,A1,,,,B2,,Y8,,A,84,A,J,,,,,,,,,,,,,,,,,,,,,,,,,,,,C,0,1,0,0,0,1,0,0,0,0,0,0,0,0,0,0,0,0,,0,0,0,0,0,0,0,0,0,0,0,0,0,0,0,0,0,0,0,0,0,0,0,0,0,0,0,0,0,0,0,2,0,0,0,2,0,3,0,0,0,3,0,0,0,0,0,0,0,0,0,0,0,0,,,,,0,0,0,0,0,0,0,PRE1982.MDB,2026-04-14 02:19:16.142676
667,1968-07-26 00:00:00,2 0412,N79466,1964-06-08 00:00:00,,50NM E FRESNO CAL,BOEING,75,,0615,A,05,027,15,39,07,A,A,A,1,A,D,,,C,CA,,,U,DH,N1,EY,,,,,B,,,,,B,A,,,A,,,N,,,,,,,,,,,,,,,,04500,H,,,A,,100000,,080000,,422,,B2,,M4,,,,F6,,G7,,A,88,C,02,64,C,29,88,L,72,82,L,G,,,,,,,,,,,,,,,,,,,C,0,1,0,0,0,1,0,0,0,0,0,0,0,0,0,0,0,0,,0,0,0,0,0,0,0,0,0,0,0,0,0,0,0,0,0,0,0,0,0,0,0,0,0,0,0,0,0,0,0,0,0,0,0,0,0,1,0,0,0,1,0,0,0,0,0,0,0,0,0,0,0,0,,,,,0,0,0,0,0,0,0,PRE1982.MDB,2026-04-14 02:19:16.142676
668,1969-06-24 00:00:00,2 0413,N1300H,1964-06-11 00:00:00,,DETROIT MICH,DEHAVILLAND,DH-104,N7496A,2105,A,22,052,01,21,02,A,A,A,2,A,S,,Z,E,CI,,,L2,B0,,,,,,,,,,,,D,A,,,A,,Y,A,,00550,A,DETROIT-CITY,00626,,,,,,A,04600,,,,00626,,,,A,B,110000,101555,060000,006000,455,399,D4,A1,S2,S2,Y8,Y8,G7,D4,G7,G7,B,84,A,J,68,A,K0,,,,,,,,,,,,,,,,,,,,,,,,,N,0,0,0,1,0,1,0,0,0,1,0,1,0,0,0,0,0,0,,0,0,0,0,0,0,0,0,0,0,0,0,0,0,0,0,0,0,0,0,0,0,0,0,0,0,0,0,0,0,0,0,0,0,0,0,0,0,0,2,0,2,0,0,0,1,0,0,0,0,0,0,0,1,,,,,0,0,0,3,0,3,0,PRE1982.MDB,2026-04-14 02:19:16.142676
669,1966-02-19 00:00:00,2 0413,N7496A,1964-06-11 00:00:00,,DETROIT MICH,CESSNA,172,N1300H,2105,A,22,039,14,20,24,A,A,A,1,A,S,,Z,D,B2,,,L2,B0,,,,,,,,,,,,D,A,,,A,,Y,A,,00550,A,DETROIT-CITY,00626,,,,,,A,04600,,,,00626,,,,A,,001500,,000366,,344,,C3,,A1,,Y8,,B2,,D4,,A,64,A,14,64,A,20,68,A,K0,,,,,,,,,,,,,,,,,,,,,,N,0,0,0,1,0,1,0,0,0,0,0,0,0,0,0,0,0,0,,0,0,0,0,0,0,0,0,0,0,0,0,0,0,0,0,0,0,0,0,0,0,0,0,0,0,0,0,0,0,0,0,0,0,0,0,0,0,0,1,0,1,0,0,0,2,0,0,0,0,0,0,0,2,,,,,0,0,0,3,0,3,0,PRE1982.MDB,2026-04-14 02:19:16.142676
670,1969-06-24 00:00:00,2 0414,N4067,1964-06-13 00:00:00,,GRANTS NEW MEXICO,MOONEY,M18C,,1443,A,31,101,01,20,06,A,A,A,1,A,D,,,D,B0,,,Q,C1,,,,,,,,,,,,B,A,,,A,,,I,N,Z,A,GRANTS,06520,A,,,,,,05300,,,,06520,Z,,,A,,Z9,,Z9,,322,,C3,,A1,,,,B2,,Z9,,A,64,A,16,82,J,W,64,1,31,,,,,,,,,,,,,,,,,,,,,,F,1,0,0,0,0,1,0,0,0,0,0,0,0,0,0,0,0,0,,0,0,0,0,0,0,0,0,0,0,0,0,0,0,0,0,0,0,0,0,0,0,0,0,0,0,0,0,0,0,0,0,0,0,0,0,1,0,0,0,0,1,0,0,0,0,0,0,0,0,0,0,0,0,,,,,0,0,0,0,0,0,0,PRE1982.MDB,2026-04-14 02:19:16.142676
671,1966-06-22 00:00:00,2 0415,N1591P,1964-06-13 00:00:00,N,MULLET KEY FLA,PIPER,PA-18,,1030,A,09,124,20,12,05,A,A,A,1,A,S,,Z,D,B0,,,Q,D7,,,00800,,,,,,,,,B,A,,,A,,,N,,,,,,,,,,,,,,,,00000,K,,,A,,011000,,009200,,400,,C3,,I9,,Y8,,B2,,Y8,,A,88,A,AF,88,A,14,88,J,88,,,,,,,,,,,,,,,,,,,,,,C,0,1,0,0,0,1,0,0,0,0,0,0,0,0,0,0,0,0,,0,0,0,0,0,0,0,0,0,0,0,0,0,0,0,0,0,0,0,0,0,0,0,0,0,0,0,0,0,0,0,0,0,0,0,0,0,1,0,0,0,1,0,0,0,0,0,0,0,0,0,0,0,0,,,,,0,0,0,0,0,0,0,PRE1982.MDB,2026-04-14 02:19:16.142676
672,1966-02-19 00:00:00,2 0416,N80410,1964-06-13 00:00:00,,MARTHA LAKE WASH,BEECHCRAFT,35,,1910,A,47,022,19,20,15,A,A,A,1,A,D,,Z,D,B0,,,J,EF,N1,EJ,00535,,,,,,,,,B,A,,,A,,,A,,Z,F,MARTHA LAKE,00500,A,,,,,,01700,,,,00500,D,,,A,,002722,,000188,,400,,C3,,A1,,Y8,,B2,,Y8,,A,64,C,07,84,C,J,,,,,,,,,,,,,,,,,,,,,,,,,C,0,1,0,0,0,1,0,0,0,0,0,0,0,0,0,0,0,0,,0,0,0,0,0,0,0,0,0,0,0,0,0,0,0,0,0,0,0,0,0,0,0,0,0,0,0,0,0,0,0,2,0,0,0,2,0,3,0,0,0,3,0,0,0,0,0,0,0,0,0,0,0,0,,,,,0,0,0,0,0,0,0,PRE1982.MDB,2026-04-14 02:19:16.142676
673,1965-01-07 00:00:00,2 0417,N6113U,1964-06-13 00:00:00,,AMARILLO TEXAS,CHEROKEE,BAM-1,,1910,A,43,200,,,,C,A,A,0,,S,,,D,B1,,,Q,EA,,,04000,,,,,,,,,B,A,,,A,,,E,,Z,F,BUFFALO AIRSTRIP,03600,,,,,,,03400,,,,03600,D,,,A,,00010,,00001,,33,,C,,V,,Y,,A,,Y,,A,64,A,16,,,,,,,,,,,,,,,,,,,,,,,,,,,,C,0,1,0,0,0,1,0,0,0,0,0,0,0,0,0,0,0,0,,0,0,0,0,0,0,0,0,0,0,0,0,0,0,0,0,0,0,0,0,0,0,0,0,0,0,0,0,0,0,0,0,0,0,0,0,0,1,0,0,0,1,0,0,0,0,0,0,0,0,0,0,0,0,,,,,0,0,0,0,0,0,0,PRE1982.MDB,2026-04-14 02:19:16.142676
674,1966-07-07 00:00:00,2 0418,N5384W,1964-06-14 00:00:00,N,MONTEREY CALIF,PIPER,PA-28,,1935,A,05,124,28,12,06,A,A,A,1,A,D,Y,Z,D,B0,,,N1,D8,,,00900,,,,,,,,,C,A,N,A,A,,,N,,,,,,,,,,,,,,,,00900,A,,,A,,002566,,Z9,,344,,C3,,A1,,Y8,,A1,,Y8,,A,64,A,52,88,A,14,88,A,67,,,,,,,,,,,,,,,,,,,,,,F,1,0,0,0,0,1,0,0,0,0,0,0,0,0,0,0,0,0,,0,0,0,0,0,0,0,0,0,0,0,0,0,0,0,0,0,0,0,0,0,0,0,0,0,0,0,0,0,0,0,3,0,0,0,3,1,3,0,0,0,4,0,0,0,0,0,0,0,0,0,0,0,0,,,,,0,0,0,0,0,0,0,PRE1982.MDB,2026-04-14 02:19:16.142676
675,1966-02-19 00:00:00,2 0419,N7681P,1964-06-15 00:00:00,,CORNING IOWA,PIPER,PA-24,,1600,A,15,124,25,12,09,A,A,A,1,A,D,,Z,F,CI,,,J,EF,N0,EJ,01275,,,,,,,,,B,A,,,A,,Y,N,,00000,A,CORNING MUNICIPAL,01250,A,,,,,,02400,,,,01250,D,,,A,,045133,,006922,,333,,B2,,P7,,Y8,,E5,,G7,,A,64,C,45,64,C,07,,,,,,,,,,,,,,,,,,,,,,,,,C,0,1,0,0,0,1,0,0,0,0,0,0,0,0,0,0,0,0,,0,0,0,0,0,0,0,0,0,0,0,0,0,0,0,0,0,0,0,0,0,0,0,0,0,0,0,0,0,0,0,0,1,0,0,1,0,1,1,0,0,2,0,0,0,0,0,0,0,0,0,0,0,0,,,,,0,0,0,0,0,0,0,PRE1982.MDB,2026-04-14 02:19:16.142676
676,1969-06-24 00:00:00,2 0420,N5365Z,1964-06-16 00:00:00,,ST LOUIS MISSOURI,PIPER,PA-22,,1305,A,25,124,23,12,04,A,A,A,1,A,D,,Z,F,B1,,,U,D1,N1,EB,02500,,,,B,,,,,B,A,,,A,,Y,N,,,,,,,,,,,,,,,,Z,D,,,A,,000177,,000088,,166,,C3,,A1,,Y8,,A1,,Y8,,A,64,C,32,88,A,96,68,C,C0,68,C,C1,64,J,31,64,1,52,,,,,,,,,,,,,C,0,1,0,0,0,1,0,0,0,0,0,0,0,0,0,0,0,0,,0,0,0,0,0,0,0,0,0,0,0,0,0,0,0,0,0,0,0,0,0,0,0,0,0,0,0,0,0,0,0,0,0,0,0,0,0,1,0,0,0,1,0,0,0,0,0,0,0,0,0,0,0,0,,,,,0,0,0,0,0,0,0,PRE1982.MDB,2026-04-14 02:19:16.142676
677,1969-06-24 00:00:00,2 0421,N90198,1964-06-17 00:00:00,,FT LAUDERDALE FLA,CESSNA,140,,1735,A,09,039,10,20,11,A,A,A,1,A,D,,,D,A0,,,U,C1,G,EY,,,,,B,,,,,B,A,,,A,,,E,G,Z,F,EXECUTIVE,00009,,,,,,,Z,,,,00009,,,,A,C,003100,ZC,000122,ZC,255,ZC,B2,C3,P7,A1,,,F6,A1,Y8,Z9,A,64,C,32,88,C,19,64,C,30,88,C,96,83,K,F,64,1,29,,,,,,,,,,,,,C,0,1,0,0,0,1,0,0,0,0,0,0,0,0,0,1,0,1,,0,0,0,0,0,0,0,0,0,0,0,0,0,0,0,0,0,0,0,0,0,0,0,0,0,0,0,0,0,0,0,0,0,0,0,0,0,1,0,1,0,2,0,0,0,0,0,0,0,0,0,0,0,0,,,,,0,0,0,0,0,0,0,PRE1982.MDB,2026-04-14 02:19:16.142676
678,1969-06-24 00:00:00,2 0422,N2759R,1964-05-17 00:00:00,,TEHACHAPI CALIF,SCHWEIZER,123H,,1215,A,05,142,03,,,C,A,A,0,E,D,,,F,B0,,,Q,EA,,,,,,,,,,,,B,A,,,A,,,A,,R0300,F,TEHACHAPI,04001,A,,,,,,,,,,04001,,,,A,,000788,,000000,,388,,C3,,A1,,,,B2,,Y8,,A,64,A,16,88,J,22,64,1,19,64,1,31,,,,,,,,,,,,,,,,,,,C,0,1,0,0,0,1,0,0,0,0,0,0,0,0,0,0,0,0,,0,0,0,0,0,0,0,0,0,0,0,0,0,0,0,0,0,0,0,0,0,0,0,0,0,0,0,0,0,0,0,0,0,0,0,0,0,1,0,0,0,1,0,0,0,0,0,0,0,0,0,0,0,0,,,,,0,0,0,0,0,0,0,PRE1982.MDB,2026-04-14 02:19:16.142676
679,1965-01-07 00:00:00,2 0423,N43475,1964-06-20 00:00:00,,ONEIDA TENN,TAYLORCRAFT,BC12D,,1815,A,42,157,05,20,06,A,A,A,1,A,D,,A,D,B0,,,N1,EJ,,,,,,,E,A,,,,B,A,,,B,,,N,,,,,,,,,,,,,,,,Z,,,,A,,00300,,Z,,49,,C,,A,,Y,,B,,Y,,A,64,A,03,64,A,35,64,1,07,,,,,,,,,,,,,,,,,,,,,,C,0,1,0,0,0,1,0,0,0,0,0,0,0,0,0,0,0,0,,0,0,0,0,0,0,0,0,0,0,0,0,0,0,0,0,0,0,0,0,0,0,0,0,0,0,0,0,0,0,0,1,0,0,0,1,0,2,0,0,0,2,0,0,0,0,0,0,0,0,0,0,0,0,,,,,0,0,0,0,0,0,0,PRE1982.MDB,2026-04-14 02:19:16.142676
680,1966-06-22 00:00:00,2 0424,N9101T,1964-06-23 00:00:00,,FAIRMONT ILLINOIS,CESSNA,180B,,0900,A,13,039,16,20,26,A,A,A,1,A,D,,Z,D,B0,,,K,EB,N0,EB,00745,,,,,,,,,B,A,,,A,,,A,,00000,F,,00720,,,,,,,01400,,,,00720,,,,A,,002599,,000455,,277,,B2,,A1,,Y8,,B2,,H8,,A,64,C,52,,,,,,,,,,,,,,,,,,,,,,,,,,,,C,0,1,0,0,0,1,0,0,0,0,0,0,0,0,0,0,0,0,,0,0,0,0,0,0,0,0,0,0,0,0,0,0,0,0,0,0,0,0,0,0,0,0,0,0,0,0,0,0,0,2,0,0,0,2,0,3,0,0,0,3,0,0,0,0,0,0,0,0,0,0,0,0,,,,,0,0,0,0,0,0,0,PRE1982.MDB,2026-04-14 02:19:16.142676
681,1965-01-07 00:00:00,2 0425,N9165R,1964-06-24 00:00:00,,ASPEN COLO,BRIEGLEB,BG12A,,1530,A,06,138,03,,,C,E,A,0,E,S,,,D,B0,,,K,EB,Q,EB,,,,,,,,,,B,A,,,A,,,E,G,00000,F,SARDY FIELD,07773,Z,,,,,,05000,,,,08000,C,,,A,,00613,,00150,,35,,B,,V,,,,C,,Y,,A,64,C,16,82,C,W,,,,,,,,,,,,,,,,,,,,,,,,,C,0,1,0,0,0,1,0,0,0,0,0,0,0,0,0,0,0,0,,0,0,0,0,0,0,0,0,0,0,0,0,0,0,0,0,0,0,0,0,0,0,0,0,0,0,0,0,0,0,0,0,0,0,0,0,0,1,0,0,0,1,0,0,0,0,0,0,0,0,0,0,0,0,,,,,0,0,0,0,0,0,0,PRE1982.MDB,2026-04-14 02:19:16.142676
682,1966-07-07 00:00:00,2 0426,N7619C,1964-06-25 00:00:00,N,TRUCKEE CALIF,GRUMMAN,F7F-3,,1434,A,05,071,02,39,26,A,A,B,2,A,D,Y,Z,C,CC,,,N1,DH,,,05850,,,,,,,,,B,A,,,A,,Y,N,,,,,,,,,,,,,,,,05751,A,,,A,,133000,,000099,,433,,B2,,P7,,Y8,,C3,,G7,,A,64,A,54,88,A,67,,,,,,,,,,,,,,,,,,,,,,,,,F,1,0,0,0,0,1,0,0,0,0,0,0,0,0,0,0,0,0,,0,0,0,0,0,0,0,0,0,0,0,0,0,0,0,0,0,0,0,0,0,0,0,0,0,0,0,0,0,0,0,0,0,0,0,0,1,0,0,0,0,1,0,0,0,0,0,0,0,0,0,0,0,0,,,,,0,0,0,0,0,0,0,PRE1982.MDB,2026-04-14 02:19:16.142676
683,1965-09-03 00:00:00,2 0427,N94430,1964-06-26 00:00:00,,MCCREDIE SPGS ORE,ERCOUPE,415G,,0940,A,37,063,01,20,11,A,A,A,1,A,D,,Z,D,B0,,,M0,D1,,,04500,,,,,,,,,B,B,E,Z,A,,Z,N,,,,,,,,,,,,,,,,04500,A,,,A,,002677,,002277,,433,,F6,,A1,,Y8,,B2,,Y8,,A,64,A,04,64,A,33,82,J,A,,,,,,,,,,,,,,,,,,,,,,C,0,1,0,0,0,1,0,0,0,0,0,0,0,0,0,0,0,0,,0,0,0,0,0,0,0,0,0,0,0,0,0,0,0,0,0,0,0,0,0,0,0,0,0,0,0,0,0,0,0,0,0,1,0,1,0,1,0,1,0,2,0,0,0,0,0,0,0,0,0,0,0,0,,,,,0,0,0,0,0,0,0,PRE1982.MDB,2026-04-14 02:19:16.142676
684,1965-01-07 00:00:00,2 0428,N7678A,1964-06-26 00:00:00,N,ARDMORE OKLA,CESSNA,180C,,1553,A,36,039,16,20,26,A,A,A,1,A,D,,,D,B2,,,U,D1,NB,EY,01562,,,,B,,,,,B,A,,,A,,,K,K,,A,ARDMORE,00762,,,,,,,,,,,00762,D,,,A,,01033,,00863,,36,,B,,E,,,,B,,D,,A,88,C,63,64,C,27,64,C,29,83,B,F,,,,,,,,,,,,,,,,,,,C,0,1,0,0,0,1,0,0,0,0,0,0,0,0,0,0,0,0,,0,0,0,0,0,0,0,0,0,0,0,0,0,0,0,0,0,0,0,0,0,0,0,0,0,0,0,0,0,0,0,0,0,0,0,0,0,1,0,0,0,1,0,0,0,0,0,0,0,0,0,0,0,0,,,,,0,0,0,0,0,0,0,PRE1982.MDB,2026-04-14 02:19:16.142676
685,1966-06-22 00:00:00,2 0429,N6179D,1964-06-27 00:00:00,N,COWLES N MEX,PIPER,PA22,,1825,A,31,124,23,12,07,A,A,A,1,A,D,,,D,B0,,,NB,EF,H,EF,,,,,E,,,,,B,A,,,A,,,N,,,,,,,,,,,,,,,,09400,A,,,A,,003500,,001300,,488,,F6,,A1,,,,B2,,Y8,,A,84,C,J,64,C,29,64,C,27,64,L,35,82,L,W,83,L,F,88,L,20,,,,,,,,,,C,0,1,0,0,0,1,0,0,0,0,0,0,0,0,0,0,0,0,,0,0,0,0,0,0,0,0,0,0,0,0,0,0,0,0,0,0,0,0,0,0,0,0,0,0,0,0,0,0,0,0,1,0,0,1,0,1,1,0,0,2,0,0,0,0,0,0,0,0,0,0,0,0,,,,,0,0,0,0,0,0,0,PRE1982.MDB,2026-04-14 02:19:16.142676
686,1966-06-22 00:00:00,2 0430,N2775G,1964-06-27 00:00:00,,WILMINGTON NC,CESSNA,182B,,0336,A,33,039,17,20,26,A,A,A,1,A,D,,Z,F,B0,,,N1,C1,,,00075,,,,,,,,,D,B,N,Z,A,A,Z,K,C,Z,A,NEW HANOVER CO.,00031,A,,,,,A,08000,,,,00031,K,R,,A,,002533,,000888,,388,,C3,,A1,,Y8,,B2,,F6,,A,64,A,66,64,A,29,82,J,A,,,,,,,,,,,,,,,,,,,,,,C,0,1,0,0,0,1,0,0,0,0,0,0,0,0,0,0,0,0,,0,0,0,0,0,0,0,0,0,0,0,0,0,0,0,0,0,0,0,0,0,0,0,0,0,0,0,0,0,0,0,1,0,0,0,1,0,2,0,0,0,2,0,0,0,0,0,0,0,0,0,0,0,0,,,,,0,0,0,0,0,0,0,PRE1982.MDB,2026-04-14 02:19:16.142676
687,1965-06-23 00:00:00,2 0431,N1071C,1964-06-29 00:00:00,,CHAGRIN FALLS OHO,MOONEY,M20A,,1816,A,35,101,02,12,09,A,A,A,1,A,D,,,D,B0,,,J,EF,N1,EJ,,,,,,,,,,B,A,,,B,,,A,,Z,F,CHAGRIN FALLS,01239,A,,,,,,02000,,,,01239,,,,A,,001933,,000588,,366,,F6,,A1,,,,B2,,Y8,,A,64,C,46,64,C,80,88,L,07,88,L,AQ,,,,,,,,,,,,,,,,,,,C,0,0,1,0,0,1,0,0,0,0,0,0,0,0,0,0,0,0,,0,0,0,0,0,0,0,0,0,0,0,0,0,0,0,0,0,0,0,0,0,0,0,0,0,0,0,0,0,0,0,1,0,0,0,1,0,1,1,0,0,2,0,0,0,0,0,0,0,0,0,0,0,0,,,,,0,0,0,0,0,0,0,PRE1982.MDB,2026-04-14 02:19:16.142676
688,1966-06-22 00:00:00,2 0432,N4227U,1964-06-29 00:00:00,,CLOUDCROFT N MEX,CESSNA,150,,1140,A,31,039,12,20,22,A,A,A,1,A,D,,,F,B0,,,N0,DA,,,,,,,B,,,,,B,A,,,A,,,N,,,,,,,,,,,,,,,,07800,F,,,A,,022500,,000011,,355,,B2,,E5,,,,C3,,I9,,A,84,A,J,64,A,16,82,A,M,64,1,15,88,1,14,,,,,,,,,,,,,,,,C,0,0,1,0,0,1,0,0,0,0,0,0,0,0,0,0,0,0,,0,0,0,0,0,0,0,0,0,0,0,0,0,0,0,0,0,0,0,0,0,0,0,0,0,0,0,0,0,0,0,1,0,0,0,1,0,1,1,0,0,2,0,0,0,0,0,0,0,0,0,0,0,0,,,,,0,0,0,0,0,0,0,PRE1982.MDB,2026-04-14 02:19:16.142676
689,1966-06-22 00:00:00,2 0433,N8078C,1964-07-02 00:00:00,N,WAUPUN WIS,PIPER,PA18A,,1730,A,49,124,20,12,06,A,A,A,1,A,D,,,C,CA,,,Q,DK,,,,,,,,,,,,B,A,,,A,,,N,,,,,,,,,,,,,,,,00900,D,,,A,,183533,,024000,,566,,B2,,A1,,,,F6,,G7,,A,64,A,16,64,A,65,,,,,,,,,,,,,,,,,,,,,,,,,C,0,1,0,0,0,1,0,0,0,0,0,0,0,0,0,0,0,0,,0,0,0,0,0,0,0,0,0,0,0,0,0,0,0,0,0,0,0,0,0,0,0,0,0,0,0,0,0,0,0,0,0,0,0,0,0,1,0,0,0,1,0,0,0,0,0,0,0,0,0,0,0,0,,,,,0,0,0,0,0,0,0,PRE1982.MDB,2026-04-14 02:19:16.142676
690,1966-06-22 00:00:00,2 0434,N80974,1964-07-03 00:00:00,,PARSONS W VA,GLOBE,GC1B,,1510,A,48,162,01,20,14,A,A,A,1,A,S,,,D,B0,,,G,EF,E,EF,,,,,E,,,,,B,A,,,H,,,N,,,,,,,,,,,,,,,,01650,D,,,A,,001400,,000133,,466,,C3,,A1,,,,B2,,Y8,,A,64,C,03,64,C,25,64,L,19,,,,,,,,,,,,,,,,,,,,,,C,0,0,0,1,0,1,0,0,0,0,0,0,0,0,0,0,0,0,,0,0,0,0,0,0,0,0,0,0,0,0,0,0,0,0,0,0,0,0,0,0,0,0,0,0,0,0,0,0,0,1,0,0,0,1,0,1,0,1,0,2,0,0,0,0,0,0,0,0,0,0,0,0,,,,,0,0,0,0,0,0,0,PRE1982.MDB,2026-04-14 02:19:16.142676
691,1967-07-28 00:00:00,2 0435,N73871,1964-07-07 00:00:00,,GLEN ALLAN MISS,CNTL COPTER,G47,,1115,A,24,024,02,04,13,B,E,A,1,A,S,,,C,CA,,,U,DK,Q,DK,,,,,,,,,,B,A,,,A,,,N,,,,,,,,,,,,,,,,105,D,,,A,,014788,,008600,,288,,B2,,T3,,,,C3,,G7,,A,88,C,37,88,J,64,,,,,,,,,,,,,,,,,,,,,,,,,C,0,1,0,0,0,1,0,0,0,0,0,0,0,0,0,0,0,0,,0,0,0,0,0,0,0,0,0,0,0,0,0,0,0,0,0,0,0,0,0,0,0,0,0,0,0,0,0,0,0,0,0,0,0,0,0,1,0,0,0,1,0,0,0,0,0,0,0,0,0,0,0,0,,,,,0,0,0,0,0,0,0,PRE1982.MDB,2026-04-14 02:19:16.142676
692,1965-09-03 00:00:00,2 0436,N98261,1964-07-22 00:00:00,,WHEELING ILL,PIPER,J3,N99866,1000,A,13,124,04,20,06,A,A,A,1,A,S,,,D,B1,,,L1,EE,,,,,,,,,,,,B,A,,,A,,,A,,,F,PAL WAUKEE,00642,A,,,,,,02100,,,,00642,,,,A,,000633,,000633,,377,,C3,,A1,,,,A1,,Y8,,A,68,A,K0,,,,,,,,,,,,,,,,,,,,,,,,,,,,N,0,0,0,1,0,1,0,0,0,0,0,0,0,0,0,0,0,0,,0,0,0,0,0,0,0,0,0,0,0,0,0,0,0,0,0,0,0,0,0,0,0,0,0,0,0,0,0,0,0,0,0,0,0,0,0,0,0,1,0,1,0,0,0,1,0,0,0,0,0,0,0,1,,,,,0,0,0,2,0,2,0,PRE1982.MDB,2026-04-14 02:19:16.142676
693,1966-02-19 00:00:00,2 0436,N99866,1964-07-22 00:00:00,,WHEELING ILL,ERCOUPE,415C,N98261,1000,A,13,063,01,20,11,A,A,A,1,A,S,,,D,B0,,,L1,B0,,,,,,,,,,,,B,A,,,Z,,,A,,,F,PAL WAUKEE,00642,A,,,,,,02100,,,,00642,,,,A,,004811,,000044,,199,,B2,,M4,,,,F6,,Y8,,A,64,A,14,64,J,33,,,,,,,,,,,,,,,,,,,,,,,,,N,0,0,0,1,0,1,0,0,0,0,0,0,0,0,0,0,0,0,,0,0,0,0,0,0,0,0,0,0,0,0,0,0,0,0,0,0,0,0,0,0,0,0,0,0,0,0,0,0,0,0,0,0,0,0,0,0,0,1,0,1,0,0,0,1,0,0,0,0,0,0,0,1,,,,,0,0,0,2,0,2,0,PRE1982.MDB,2026-04-14 02:19:16.142676
694,1969-06-24 00:00:00,2 0437,N2346B,1964-07-26 00:00:00,,MERIDIAN COLO,SWIFT,GC1B,,1452,A,24,162,01,20,13,A,A,A,1,A,D,,Z,D,A0,,,Q,EA,,,00530,,,,,,,,,B,A,,,A,,,G,K,00000,F,DOWNER,00480,A,,,,,,03200,,,,Z,,,,A,C,010000,Z9,000355,Z9,377,Z9,B2,C3,A1,Z9,Y8,,F6,A1,Y8,Y8,A,66,A,16,64,A,30,88,J,14,88,1,06,,,,,,,,,,,,,,,,,,,C,0,1,0,0,0,1,0,0,0,0,0,0,0,0,1,0,0,1,,0,0,0,0,0,0,0,0,0,0,0,0,0,0,0,0,0,0,0,0,0,0,0,0,0,0,0,0,0,0,0,0,0,0,0,0,0,1,1,0,0,2,0,0,0,0,0,0,0,0,0,0,0,0,,,,,0,0,0,0,0,0,0,PRE1982.MDB,2026-04-14 02:19:16.142676
695,1966-09-28 00:00:00,2 0438,N5831A,1964-04-20 00:00:00,N,DUBOIS WYOMING,CESSNA,172,,1414,A,50,039,14,20,24,A,A,A,1,A,S,,Z,L,B1,,,M0,D9,,,,,,,B,,,,,B,B,Z,A,A,,Y,N,,,,,,,,,,,,,,,,11700,A,R,,A,,000500,,000500,,422,,C3,,A1,,X7,,A1,,Y8,,A,64,A,04,64,A,03,88,A,63,64,A,29,82,J,A,,,,,,,,,,,,,,,,F,1,0,0,0,0,1,0,0,0,0,0,0,0,0,0,0,0,0,,0,0,0,0,0,0,0,0,0,0,0,0,0,0,0,0,0,0,0,0,0,0,0,0,0,0,0,0,0,0,0,0,0,0,0,0,1,0,0,0,0,1,0,0,0,0,0,0,0,0,0,0,0,0,,,,,0,0,0,0,0,0,0,PRE1982.MDB,2026-04-14 02:19:16.142676
696,1966-06-22 00:00:00,2 0439,N7341H,1964-05-29 00:00:00,N,OHIO ILL,PIPER,J3,,1000,A,13,124,04,20,06,A,A,A,1,A,D,,,D,DD,,,U,EJ,N1,EJ,,,,,,,,,,B,A,,,A,,,N,,,,,,,,,,,,,,,,00600,Y,,,A,,ZA,,ZA,,ZA,,J1,,,,X7,,I9,,Z9,,A,68,C,D1,68,C,D5,64,C,33,88,J,47,74,J,BA,,,,,,,,,,,,,,,,C,0,1,0,0,0,1,0,0,0,0,0,0,0,0,0,0,0,0,,0,0,0,0,0,0,0,0,0,0,0,0,0,0,0,0,0,0,0,0,0,0,0,0,0,0,0,0,0,0,0,0,0,1,0,1,0,1,0,1,0,2,0,0,0,0,0,0,0,0,0,0,0,0,,,,,0,0,0,0,0,0,0,PRE1982.MDB,2026-04-14 02:19:16.142676
697,1966-06-08 00:00:00,2 0440,N6712Z,1964-06-23 00:00:00,,WELDON ARK,PIPER,PA25,,1300,A,04,124,26,12,20,A,A,A,1,A,D,Y,Z,C,CB,,,U,DD,N1,EY,,,,,B,,,,,B,A,,,A,,,A,I,,G,,,,,,,,,,,,,00250,D,,,A,,120000,,010000,,522,,Z9,,A1,,,,C3,,G7,,A,74,C,KA,,,,,,,,,,,,,,,,,,,,,,,,,,,,F,1,0,0,0,0,1,0,0,0,0,0,0,0,0,0,0,0,0,,0,0,0,0,0,0,0,0,0,0,0,0,0,0,0,0,0,0,0,0,0,0,0,0,0,0,0,0,0,0,0,0,0,0,0,0,1,0,0,0,0,1,0,0,0,0,0,0,0,0,0,0,0,0,,,,,0,0,0,0,0,0,0,PRE1982.MDB,2026-04-14 02:19:16.142676
698,1966-07-07 00:00:00,2 0441,N5325P,1964-06-13 00:00:00,N,WALDEN COLORADO,PIPER,PA-24,,2237,A,06,124,25,12,20,A,A,A,1,A,D,,Z,D,B0,,,M0,D1,,,,,,,,,,,,D,B,F,A,B,,Y,N,,,,,,,,,,,,,,,,09500,A,R,,A,B,007500,002000,000122,Z9,222,233,A1,I9,P7,A1,Y8,Z9,F6,B2,I9,I9,Z,64,A,04,64,A,33,64,A,20,82,J,A,82,J,X,82,J,S,,,,,,,,,,,,,F,1,0,0,0,0,1,1,0,0,0,0,1,0,0,0,0,0,0,,0,0,0,0,0,0,0,0,0,0,0,0,0,0,0,0,0,0,0,0,0,0,0,0,0,0,0,0,0,0,1,0,0,0,0,1,3,0,0,0,0,3,0,0,0,0,0,0,0,0,0,0,0,0,,,,,0,0,0,0,0,0,0,PRE1982.MDB,2026-04-14 02:19:16.142676
699,1966-06-22 00:00:00,2 0442,N91258,1964-06-28 00:00:00,,TUCSON ARIZ,CURTISS,MR1,,1815,A,03,200,,20,06,A,A,A,1,A,S,,,D,DB,,,U,D1,E,EY,,,,,B,,,,,B,A,,,A,,,L,,,E,,,,,,,,,,,,,02630,,,,A,,030000,,000044,,499,,E5,,A1,,,,B2,,Y8,,A,88,C,02,83,K,F,,,,,,,,,,,,,,,,,,,,,,,,,C,0,1,0,0,0,1,0,0,0,0,0,0,0,0,0,0,0,0,,0,0,0,0,0,0,0,0,0,0,0,0,0,0,0,0,0,0,0,0,0,0,0,0,0,0,0,0,0,0,0,0,0,0,0,0,0,1,0,0,0,1,0,0,0,0,0,0,0,0,0,0,0,0,,,,,0,0,0,0,0,0,0,PRE1982.MDB,2026-04-14 02:19:16.142676
700,1966-06-22 00:00:00,2 0443,N91W,1964-07-03 00:00:00,,MERCEDES TEX,GRUMMAN,G164,,1030,A,43,071,13,20,17,A,A,A,1,A,D,,,C,CA,,,N0,DJ,,,,,,,,,,,,B,A,,,A,,,N,,,,,,,,,,,,,,,,00070,D,,,A,,Z9,,008000,,422,,B2,,K2,,,,C3,,G7,,A,64,A,17,,,,,,,,,,,,,,,,,,,,,,,,,,,,C,0,1,0,0,0,1,0,0,0,0,0,0,0,0,0,0,0,0,,0,0,0,0,0,0,0,0,0,0,0,0,0,0,0,0,0,0,0,0,0,0,0,0,0,0,0,0,0,0,0,0,0,0,0,0,0,1,0,0,0,1,0,0,0,0,0,0,0,0,0,0,0,0,,,,,0,0,0,0,0,0,0,PRE1982.MDB,2026-04-14 02:19:16.142676
701,1966-02-19 00:00:00,2 0444,N6839Q,1964-07-04 00:00:00,,CANANDAIGUA NY,BEECHCRAFT,S35,,0930,A,32,022,20,20,36,A,A,A,1,A,D,,,D,B0,,,J,EE,N4,EJ,,,,,,,,,,B,A,,,A,,,A,,,F,CANADAIGUA,00800,C,,,,,,02000,,,,00800,,,,A,,004000,,000199,,377,,C3,,E5,,,,B2,,Y8,,A,64,C,07,64,C,27,88,C,AQ,64,L,46,64,L,80,,,,,,,,,,,,,,,,C,0,1,0,0,0,1,0,0,0,0,0,0,0,0,0,0,0,0,,0,0,0,0,0,0,0,0,0,0,0,0,0,0,0,0,0,0,0,0,0,0,0,0,0,0,0,0,0,0,0,1,3,1,0,5,0,2,3,1,0,6,0,0,0,0,0,0,0,0,0,0,0,0,,,,,0,0,0,0,0,0,0,PRE1982.MDB,2026-04-14 02:19:16.142676
702,1966-06-22 00:00:00,2 0445,N63938,1964-07-06 00:00:00,N,JONESBORO ARK,CONVAIR,BT13,,0815,A,04,045,01,39,16,A,A,A,1,A,D,Y,Z,C,CA,,,M0,DK,,,,,,,,,,,,B,A,,,A,,,N,,,,,,,,,,,,,,,,00250,D,,,A,,Z9,,Z9,,555,,B2,,A1,,,,C3,,G7,,A,64,A,16,64,J,52,88,J,12,88,J,06,,,,,,,,,,,,,,,,,,,F,1,0,0,0,0,1,0,0,0,0,0,0,0,0,0,0,0,0,,0,0,0,0,0,0,0,0,0,0,0,0,0,0,0,0,0,0,0,0,0,0,0,0,0,0,0,0,0,0,0,0,0,0,0,0,1,0,0,0,0,1,0,0,0,0,0,0,0,0,0,0,0,0,,,,,0,0,0,0,0,0,0,PRE1982.MDB,2026-04-14 02:19:16.142676
703,1966-07-07 00:00:00,2 0446,N6002P,1964-07-12 00:00:00,,W YELLOWSTONE MON,PIPER,PA-24,,0610,A,26,124,25,12,20,A,A,A,1,A,D,,Z,M,B0,,,K,EB,N1,EB,,,,,,,,,,B,A,P,A,B,,Y,E,,00125,F,W YELLOWSTONE,06654,A,,,Y,,A,06065,,,,,H,,,A,,002500,,000377,,411,,C3,,A1,,Y8,,B2,,Y8,,A,64,C,49,82,C,W,,,,,,,,,,,,,,,,,,,,,,,,,F,0,1,0,0,0,1,0,0,0,0,0,0,0,0,0,0,0,0,,0,0,0,0,0,0,0,0,0,0,0,0,0,0,0,0,0,0,0,0,0,0,0,0,0,0,0,0,0,0,1,1,0,1,0,3,1,2,0,1,0,4,0,0,0,0,0,0,0,0,0,0,0,0,,,,,0,0,0,0,0,0,0,PRE1982.MDB,2026-04-14 02:19:16.142676
704,1966-07-07 00:00:00,2 0447,N5493W,1964-07-14 00:00:00,N,RENO NEVADA,PIPER,PA-28,,0205,A,28,124,28,12,06,A,A,A,1,A,D,,A,E,CI,,,M0,D1,,,,,,,,,,,,B,A,C,A,A,,X,N,,,,,,,,,,,,,,,,08450,A,R,,A,,019500,,000200,,400,,B2,,M4,,Y8,,C3,,G7,,A,64,A,29,64,A,27,,,,,,,,,,,,,,,,,,,,,,,,,F,1,0,0,0,0,1,0,0,0,0,0,0,0,0,0,0,0,0,,0,0,0,0,0,0,0,0,0,0,0,0,0,0,0,0,0,0,0,0,0,0,0,0,0,0,0,0,0,0,2,0,0,0,0,2,3,0,0,0,0,3,0,0,0,0,0,0,0,0,0,0,0,0,,,,,0,0,0,0,0,0,0,PRE1982.MDB,2026-04-14 02:19:16.142676
705,1966-07-07 00:00:00,2 0448,N4616E,1964-07-14 00:00:00,N,FLAXVILLE MONTANA,CHAMPION,7CCM,,1940,A,26,003,12,20,12,A,A,A,1,A,D,Y,Z,D,B0,,,Q,D8,,,03050,,,,,,,,,B,A,,,A,,,N,,,,,,,,,,,,,,,,02650,D,,,A,,000733,,000411,,333,,C3,,A1,,Y8,,B2,,E5,,A,64,A,16,88,A,14,,,,,,,,,,,,,,,,,,,,,,,,,F,1,0,0,0,0,1,0,0,0,0,0,0,0,0,0,0,0,0,,0,0,0,0,0,0,0,0,0,0,0,0,0,0,0,0,0,0,0,0,0,0,0,0,0,0,0,0,0,0,0,0,0,0,0,0,1,0,0,0,0,1,0,0,0,0,0,0,0,0,0,0,0,0,,,,,0,0,0,0,0,0,0,PRE1982.MDB,2026-04-14 02:19:16.142676
706,1965-06-23 00:00:00,2 0449,N1510E,1964-08-08 00:00:00,,ROCKFORD ILLINOIS,CHAMPION,7AC,,1815,A,13,003,12,20,06,A,A,A,1,A,D,,Z,E,A1,,,U,D1,Q,EA,,,,,B,,,,,B,A,,,A,,,J,,Z,F,MACHESNEY,00732,C,,,,,A,63200,,,,00735,D,,,A,,00034A,,00034A,,23A,,CA,,AA,,YA,,AA,,YA,,A,88,A,63,64,C,29,64,B,16,,,,,,,,,,,,,,,,,,,,,,C,0,1,0,0,0,1,0,0,0,0,0,0,0,0,0,0,0,0,,0,0,0,0,0,0,0,0,0,0,0,0,0,0,0,0,0,0,0,0,0,0,0,0,0,0,0,0,0,0,0,0,0,0,0,0,0,1,0,0,0,1,0,0,0,0,0,0,0,0,0,0,0,0,,,,,0,0,0,0,0,0,0,PRE1982.MDB,2026-04-14 02:19:16.142676
707,1969-06-24 00:00:00,2 0450,N73945,1964-03-15 00:00:00,,TELL CITY IND,BELL,47J2,,1238,A,14,024,04,12,21,B,E,A,1,A,D,Y,A,H,DL,,,M0,D4,,,,,,,B,FG,,,,B,A,,,A,,,N,,,,,,,,,,,,,,,,00460,D,,,A,,04588A,,00008A,,36A,,BA,,TA,,,,FA,,A,,A,64,A,54,88,A,22,88,J,AQ,64,1,35,,,,,,,,,,,,,,,,,,,M,0,0,1,0,0,1,0,0,0,0,0,0,0,0,0,0,0,0,,0,0,0,0,0,0,0,0,0,0,0,0,0,0,0,0,0,0,0,0,0,0,0,0,0,0,0,0,0,0,0,0,0,1,0,1,0,0,1,1,0,2,0,0,0,0,0,0,0,0,0,0,0,0,,,,,0,0,0,0,0,0,0,PRE1982.MDB,2026-04-14 02:19:16.142676
708,1967-04-25 00:00:00,2 0451,N5193B,1964-05-08 00:00:00,N,GLENDORA CALIF,BELL,47G2,,0600,A,05,024,02,12,15,B,E,A,1,A,S,,,C,CA,,,N0,DJ,,,,,,,,,,,,B,A,,,A,,,N,,,,,,,,,,,,,,,,02550,A,,,A,,07000A,,01350A,,43A,,BA,,TA,,,,FA,,GA,,A,64,A,15,84,A,J,68,1,K9,,,,,,,,,,,,,,,,,,,,,,C,0,1,0,0,0,1,0,0,0,0,0,0,0,0,0,0,0,0,,0,0,0,0,0,0,0,0,0,0,0,0,0,0,0,0,0,0,0,0,0,0,0,0,0,0,0,0,0,0,0,0,0,0,0,0,0,1,0,0,0,1,0,0,0,0,0,0,0,0,0,0,0,0,,,,,0,0,0,0,0,0,0,PRE1982.MDB,2026-04-14 02:19:16.142676
709,1966-07-07 00:00:00,2 0452,N7152P,1964-06-06 00:00:00,N,MT GUYOT NC,PIPER,PA-24,,1151,A,33,124,25,12,20,A,A,A,1,A,D,,,D,B1,,,S0,D1,,,10500,,,,,,,,,B,B,F,A,B,,Y,N,,,,,,,,,,,,,,,,03000,A,R,,A,,00516A,,00070A,,44A,,CA,,AA,,YA,,BA,,DA,,A,64,A,04,64,A,33,88,A,94,88,J,49,82,J,L,82,J,X,,,,,,,,,,,,,F,1,0,0,0,0,1,0,0,0,0,0,0,0,0,0,0,0,0,,0,0,0,0,0,0,0,0,0,0,0,0,0,0,0,0,0,0,0,0,0,0,0,0,0,0,0,0,0,0,1,0,0,0,0,1,2,0,0,0,0,2,0,0,0,0,0,0,0,0,0,0,0,0,,,,,0,0,0,0,0,0,0,PRE1982.MDB,2026-04-14 02:19:16.142676
710,1968-07-26 00:00:00,2 0453,N9977C,1964-07-04 00:00:00,,QUINCY FLA,CALLAIR,A5,,1100,A,09,034,01,20,19,A,A,A,1,A,D,,,C,CA,,,U,DK,N1,EB,,,,,B,,,,,B,A,,,A,,,N,,,,,,,,,,,,,,,,00170,H,,,A,,03600A,,00530A,,34A,,BA,,AA,,,,CA,,GA,,A,64,C,32,88,C,96,64,C,31,,,,,,,,,,,,,,,,,,,,,,C,0,1,0,0,0,1,0,0,0,0,0,0,0,0,0,0,0,0,,0,0,0,0,0,0,0,0,0,0,0,0,0,0,0,0,0,0,0,0,0,0,0,0,0,0,0,0,0,0,0,0,0,0,0,0,0,1,0,0,0,1,0,0,0,0,0,0,0,0,0,0,0,0,,,,,0,0,0,0,0,0,0,PRE1982.MDB,2026-04-14 02:19:16.142676
711,1965-06-23 00:00:00,2 0454,N3467V,1964-07-05 00:00:00,,CLINES CORNERS NM,CESSNA,195,,1535,A,31,039,18,29,06,A,A,A,1,A,D,,,D,B0,,,U,D1,Q,EJ,,,,,D,,,,,B,A,,,A,,,F,I,L1300,F,CLINES CORNERS,07100,D,,,,,,,,,,07000,C,,,A,,00315A,,00100A,,49A,,CA,,AA,,,,BA,,YA,,A,74,C,KA,64,B,45,88,B,79,,,,,,,,,,,,,,,,,,,,,,C,0,1,0,0,0,1,0,0,0,0,0,0,0,0,0,0,0,0,,0,0,0,0,0,0,0,0,0,0,0,0,0,0,0,0,0,0,0,0,0,0,0,0,0,0,0,0,0,0,0,0,1,2,0,3,0,1,1,2,0,4,0,0,0,0,0,0,0,0,0,0,0,0,,,,,0,0,0,0,0,0,0,PRE1982.MDB,2026-04-14 02:19:16.142676
712,1965-06-23 00:00:00,2 0455,N7063K,1964-07-05 00:00:00,,SHELBY OHIO,PIPER,PA20,,1530,A,35,124,22,12,05,A,A,A,1,A,D,,,D,B0,,,U,C1,Q,EB,,,,,B,,,,,B,A,,,A,,,I,M,Z,F,AMERICAN TOWER,01120,Y,,,,,,02000,,,,01120,D,,,A,,00400A,,00025A,,40A,,BA,,AA,,,,BA,,YA,,A,64,C,21,64,C,29,74,J,CF,,,,,,,,,,,,,,,,,,,,,,C,0,1,0,0,0,1,0,0,0,0,0,0,0,0,0,0,0,0,,0,0,0,0,0,0,0,0,0,0,0,0,0,0,0,0,0,0,0,0,0,0,0,0,0,0,0,0,0,0,0,3,0,0,0,3,0,4,0,0,0,4,0,0,0,0,0,0,0,0,0,0,0,0,,,,,0,0,0,0,0,0,0,PRE1982.MDB,2026-04-14 02:19:16.142676
713,1966-07-07 00:00:00,2 0456,N8441E,1964-07-08 00:00:00,N,MANSON WASH,BELL,47G3,,1808,A,47,024,03,04,15,B,E,A,1,A,D,Y,Z,D,CD,,,M1,D1,,,,,,,,,,,,B,A,,,A,,,N,,,,,,,,,,,,,,,,01700,H,R,,A,,14000A,,01200A,,53A,,BA,,TA,,,,CA,,GA,,A,82,A,M,,,,,,,,,,,,,,,,,,,,,,,,,,,,F,1,0,0,0,0,1,0,0,0,0,0,0,0,0,0,0,0,0,,0,0,0,0,0,0,0,0,0,0,0,0,0,0,0,0,0,0,0,0,0,0,0,0,0,0,0,0,0,0,0,0,0,0,0,0,1,0,0,0,0,1,0,0,0,0,0,0,0,0,0,0,0,0,,,,,0,0,0,0,0,0,0,PRE1982.MDB,2026-04-14 02:19:16.142676
714,1966-06-08 00:00:00,2 0457,N9355X,1964-07-09 00:00:00,,ROSCOE MONTANA,CESSNA,182,,1830,A,26,039,17,20,26,A,A,A,1,A,D,,Z,B,B3,,,Q,C1,,,,,,,,,,,,B,A,,,A,,,A,,,G,Z,05400,C,,,,,,03000,,,,,,,,A,,02000A,,00400A,,31A,,AA,,PA,,YA,,FA,,GA,,A,64,A,24,64,J,29,,,,,,,,,,,,,,,,,,,,,,,,,C,0,1,0,0,0,1,0,0,0,0,0,0,0,0,0,0,0,0,,0,0,0,0,0,0,0,0,0,0,0,0,0,0,0,0,0,0,0,0,0,0,0,0,0,0,0,0,0,0,0,1,0,0,0,1,0,2,0,0,0,2,0,0,0,0,0,0,0,0,0,0,0,0,,,,,0,0,0,0,0,0,0,PRE1982.MDB,2026-04-14 02:19:16.142676
715,1965-06-23 00:00:00,2 0458,N9476R,1964-07-10 00:00:00,N,DOVER NC,SNOW,S2C,,1038,A,33,148,02,39,07,A,A,A,1,A,D,,Z,H,CD,,,Q,DG,,,,,,,,,,,,B,A,,,A,,,N,,,,,,,,,,,,,,,,00090,D,,,A,,02586A,,00073A,,30A,,BA,,PA,,YA,,CA,,GA,,A,64,A,16,88,A,06,88,J,85,,,,,,,,,,,,,,,,,,,,,,F,1,0,0,0,0,1,0,0,0,0,0,0,0,0,0,0,0,0,,0,0,0,0,0,0,0,0,0,0,0,0,0,0,0,0,0,0,0,0,0,0,0,0,0,0,0,0,0,0,0,0,0,0,0,0,1,0,0,0,0,1,0,0,0,0,0,0,0,0,0,0,0,0,,,,,0,0,0,0,0,0,0,PRE1982.MDB,2026-04-14 02:19:16.142676
716,1966-07-07 00:00:00,2 0459,N5139W,1964-07-17 00:00:00,,VALE OREGON,PIPER,PA-28,,0015,A,37,124,28,12,06,A,A,A,1,A,D,Y,C,M,B0,,,K,EB,N1,EB,,,,,,,,,,D,A,,,A,,Y,E,I,Z,F,MILLER MEML ARPK,02250,Y,,A,,,,02300,,,,,D,,,A,,00150A,,00075A,,48A,,FA,,AA,,YA,,AA,,YA,,A,64,C,48,88,C,67,64,1,02,64,1,33,,,,,,,,,,,,,,,,,,,F,1,0,0,0,0,1,0,0,0,0,0,0,0,0,0,0,0,0,,0,0,0,0,0,0,0,0,0,0,0,0,0,0,0,0,0,0,0,0,0,0,0,0,0,0,0,0,0,0,1,2,0,0,0,3,2,2,0,0,0,4,0,0,0,0,0,0,0,0,0,0,0,0,,,,,0,0,0,0,0,0,0,PRE1982.MDB,2026-04-14 02:19:16.142676
717,1968-10-03 00:00:00,2 0460,N73246,1964-07-17 00:00:00,N,RESERVE N MEX,BELL,47G3B,,0750,A,31,024,03,12,35,B,E,A,1,A,S,,,F,CS,,,6,D1,,,,,,,B,,,,,B,A,,,A,,,N,,,,,,,,,,,,,,,,7000,D,,,A,,05000A,,01000A,,30A,,BA,,TA,,,,CA,,GA,,A,84,A,J,68,A,E4,64,A,19,88,J,95,88,J,49,,,,,,,,,,,,,,,,N,0,0,0,1,0,1,0,0,0,0,0,0,0,0,0,0,0,0,,0,0,0,0,0,0,0,0,0,0,0,0,0,0,0,0,0,0,0,0,0,0,0,0,0,0,0,0,0,0,0,0,0,0,0,0,0,0,0,1,0,1,0,0,0,0,0,0,0,0,0,0,0,0,,,,,0,0,0,0,0,0,0,PRE1982.MDB,2026-04-14 02:19:16.142676
718,1969-07-29 00:00:00,2 0461,N5806D,1964-07-23 00:00:00,N,GAINES PA,PIPER,PA-22,,1310,A,38,124,23,12,06,A,A,A,1,A,S,,Z,D,B0,,,U,D1,G,EE,,,,,B,,,,,B,A,,,B,,,N,,,,,,,,,,,,,,,,Z,B,,,A,,01400A,,01250A,,59A,,CA,,AA,,YA,,BA,,,,A,74,A,HA,88,A,95,88,A,97,64,B,25,83,K,Y,,,,,,,,,,,,,,,,C,0,1,0,0,0,1,0,0,0,0,0,0,0,0,0,0,0,0,,0,0,0,0,0,0,0,0,0,0,0,0,0,0,0,0,0,0,0,0,0,0,0,0,0,0,0,0,0,0,0,0,0,0,0,0,0,1,0,0,0,1,0,0,0,0,0,0,0,0,0,0,0,0,,,,,0,0,0,0,0,0,0,PRE1982.MDB,2026-04-14 02:19:16.142676
719,1968-10-03 00:00:00,2 0462,N8460E,1964-07-31 00:00:00,G,ULF OF MEXICO,BELL,47G2A,,1000,A,95,024,03,12,21,B,B,A,1,A,S,,,B,DB,,,6,D1,G,EI,,,,,C,,,,,B,A,,,A,,,N,,,,,,,,,,,,,,,,00000,K,,,A,,04076A,,00124A,,30A,,BA,,TA,,,,CA,,GA,,A,84,C,J,83,L,G,88,L,49,88,L,CV,88,L,88,,,,,,,,,,,,,,,,M,0,0,0,1,0,1,0,0,0,0,0,0,0,0,0,0,0,0,,0,0,0,0,0,0,0,0,0,0,0,0,0,0,0,0,0,0,0,0,0,0,0,0,0,0,0,0,0,0,0,0,1,0,0,1,0,0,1,1,0,2,0,0,0,0,0,0,0,0,0,0,0,0,,,,,0,0,0,0,0,0,0,PRE1982.MDB,2026-04-14 02:19:16.142676
720,1966-07-07 00:00:00,2 0463,N5358V,1964-08-10 00:00:00,N,NORTHWAY ALAS,HILLER,UH12E,,0854,A,02,076,04,12,21,B,E,A,1,A,S,,,Y,CI,,,N1,D4,,,,,,,B,,,,,B,A,,,A,,,N,,,,,,,,,,,,,,,,1800,D,,,A,,01750A,,00165A,,27A,,BA,,TA,,,,CA,,GA,,A,64,A,08,64,A,54,,,,,,,,,,,,,,,,,,,,,,,,,N,0,0,0,1,0,1,0,0,0,0,0,0,0,0,0,0,0,0,,0,0,0,0,0,0,0,0,0,0,0,0,0,0,0,0,0,0,0,0,0,0,0,0,0,0,0,0,0,0,0,0,0,0,0,0,0,0,0,1,0,1,0,0,0,0,0,0,0,0,0,0,0,0,,,,,0,0,0,0,0,0,0,PRE1982.MDB,2026-04-14 02:19:16.142676
721,1966-07-07 00:00:00,2 0464,N6285P,1964-03-06 00:00:00,N,DOS PALOS CALIF,PIPER,PA-24,,1435,A,05,124,25,12,20,A,A,A,1,A,D,,Z,D,B2,,,S0,D1,M1,D9,15500,,,,,,,,,B,B,F,A,A,,Y,N,,,,,,,,,,,,,,,,00120,D,,,A,,03895A,,00686A,,51A,,CA,,AA,,YA,,BA,,DA,,A,64,C,04,64,C,33,88,J,94,88,J,49,82,L,L,82,L,X,82,L,M,,,,,,,,,,F,1,0,0,0,0,1,0,0,0,0,0,0,0,0,0,0,0,0,,0,0,0,0,0,0,0,0,0,0,0,0,0,0,0,0,0,0,0,0,0,0,0,0,0,0,0,0,0,0,0,0,0,0,0,0,1,0,0,0,0,1,0,0,0,0,0,0,0,0,0,0,0,0,,,,,0,0,0,0,0,0,0,PRE1982.MDB,2026-04-14 02:19:16.142676
722,1967-04-25 00:00:00,2 0465,N3112G,1964-03-24 00:00:00,N,VAN NUYS CALIF,HILLER,UH12B,,1450,A,05,076,02,04,13,B,E,A,1,A,S,,,A,A0,,,U,C1,G,EI,,,,,B,,,,,B,A,E,A,A,,,K,I,Z,F,VAN NUYS,,,,,,,,,,,,00700,J,,,A,C,00238A,00016C,00003A,00016C,26A,19C,BA,CC,TA,,Y8,XC,FA,AC,GA,C,A,88,A,63,64,C,29,64,C,01,83,K,A,,,,,,,,,,,,,,,,,,,N,0,0,0,1,0,1,0,0,0,0,0,0,0,0,0,1,0,1,,0,0,0,0,0,0,0,0,0,0,0,0,0,0,0,0,0,0,0,0,0,0,0,0,0,0,0,0,0,0,0,0,0,0,0,0,0,0,0,2,0,2,0,0,0,0,0,0,0,0,0,0,0,0,,,,,0,0,0,0,0,0,0,PRE1982.MDB,2026-04-14 02:19:16.142676
723,1965-06-23 00:00:00,2 0466,N3244H,1964-07-12 00:00:00,,PURCELL OKLAHOMA,FORNEY,415C,,0600,A,36,063,01,20,11,A,A,A,1,A,D,,,D,B0,,,U,C1,NB,EF,01240,,,,B,,,,,B,A,,,A,,,N,A,,A,CHANDLER,01150,A,,,,,,02500,,,,01140,Y,,,A,,06000A,,00150A,,39A,,EA,,AA,,YA,,BA,,YA,,A,64,C,29,88,A,87,88,A,64,,,,,,,,,,,,,,,,,,,,,,C,0,1,0,0,0,1,0,0,0,0,0,0,0,0,0,0,0,0,,0,0,0,0,0,0,0,0,0,0,0,0,0,0,0,0,0,0,0,0,0,0,0,0,0,0,0,0,0,0,0,1,0,0,0,1,0,2,0,0,0,2,0,0,0,0,0,0,0,0,0,0,0,0,,,,,0,0,0,0,0,0,0,PRE1982.MDB,2026-04-14 02:19:16.142676
724,1969-07-29 00:00:00,2 0467,N73915,1964-07-20 00:00:00,N,LAKE CITY COLO,BELL,47G3B,,1200,A,06,024,03,12,35,B,E,A,1,A,S,,,F,CT,,,U,C1,G,EI,,,,,B,,,,,B,A,,,A,,,,,,,,,,,,,,,,,,,11600,A,,,A,,02200A,,00800A,,44A,,BA,,TA,,,,CA,,GA,,A,84,C,J,83,K,F,88,J,BA,88,J,CI,88,J,CW,,,,,,,,,,,,,,,,N,0,0,0,1,0,1,0,0,0,0,0,0,0,0,0,0,0,0,,0,0,0,0,0,0,0,0,0,0,0,0,0,0,0,0,0,0,0,0,0,0,0,0,0,0,0,0,0,0,0,0,0,1,0,1,0,0,0,2,0,2,0,0,0,0,0,0,0,0,0,0,0,0,,,,,0,0,0,0,0,0,0,PRE1982.MDB,2026-04-14 02:19:16.142676
725,1966-07-07 00:00:00,2 0468,N78904,1964-07-09 00:00:00,N,SAN CLEMENTE CAL,MOONEY,MK-20B,,0036,A,05,101,02,12,09,A,A,A,1,A,D,,B,M,B2,,,M0,D1,,,,,,,,,,,,D,B,C,A,A,,Y,N,,,,,,,,,,,,,,,,00020,D,,,A,,00251A,,00140A,,39A,,HA,,AA,,YA,,BA,,AA,,A,64,A,04,64,A,33,82,J,A,,,,,,,,,,,,,,,,,,,,,,F,1,0,0,0,0,1,0,0,0,0,0,0,0,0,0,0,0,0,,0,0,0,0,0,0,0,0,0,0,0,0,0,0,0,0,0,0,0,0,0,0,0,0,0,0,0,0,0,0,2,0,0,0,0,2,3,0,0,0,0,3,0,0,0,0,0,0,0,0,0,0,0,0,,,,,0,0,0,0,0,0,0,PRE1982.MDB,2026-04-14 02:19:16.142676
726,1966-07-07 00:00:00,2 0469,N9348F,1964-07-26 00:00:00,,ROCHESTER NY,HUGHES,269B,,1355,A,32,077,01,12,34,B,E,A,1,A,D,Y,Z,E,DY,,,Q,D5,,,0660,,,,,,,,,B,A,Z,,A,,,N,,,,,,,,,,,,,,,,00560,Y,,,A,,09500A,,00085A,,44A,,BA,,UA,,YA,,FA,,GA,,A,64,A,23,64,A,21,88,A,67,88,1,76,,,,,,,,,,,,,,,,,,,F,1,0,0,0,0,1,0,0,0,0,0,0,0,0,0,0,0,0,,0,0,0,0,0,0,0,0,0,0,0,0,0,0,0,0,0,0,0,0,0,0,0,0,0,0,0,0,0,0,1,1,0,0,0,2,2,1,0,0,0,3,0,0,0,0,0,0,0,0,0,0,0,0,,,,,4,1,0,0,0,5,0,PRE1982.MDB,2026-04-14 02:19:16.142676
727,1966-06-08 00:00:00,2 0470,N66923,1964-07-12 00:00:00,,WOODLAND CALIF,BOEING,A75N1,,0920,A,05,027,15,39,07,A,A,A,1,A,S,,,C,CA,,,N9,DI,,,,,,,,,,,,B,A,,,A,,,A,,,G,,,,,,,,,,,,,00030,D,,,A,,01200A,,00900A,,29A,,BA,,AA,,YA,,CA,,GA,,A,64,A,52,83,J,I,,,,,,,,,,,,,,,,,,,,,,,,,C,0,1,0,0,0,1,0,0,0,0,0,0,0,0,0,0,0,0,,0,0,0,0,0,0,0,0,0,0,0,0,0,0,0,0,0,0,0,0,0,0,0,0,0,0,0,0,0,0,0,0,0,0,0,0,0,1,0,0,0,1,0,0,0,0,0,0,0,0,0,0,0,0,,,,,0,0,0,0,0,0,0,PRE1982.MDB,2026-04-14 02:19:16.142676
728,1966-06-08 00:00:00,2 0471,N9911Y,1964-07-13 00:00:00,,RAYMONDVILLE TEX,CHAMPION,7GCB,,1000,A,43,003,12,12,06,A,A,A,1,A,D,,,C,B0,,,Q,C1,,,,,,,,,,,,B,A,,,A,,,A,G,,E,SUN VALLEY,00033,,,,,,,,,,,00025,D,,,A,,00200A,,00000A,,33A,,CA,,ZA,,XA,,IA,,YA,,A,64,A,29,64,A,02,88,A,76,84,J,8,,,,,,,,,,,,,,,,,,,C,0,1,0,0,0,1,0,0,0,0,0,0,0,0,0,0,0,0,,0,0,0,0,0,0,0,0,0,0,0,0,0,0,0,0,0,0,0,0,0,0,0,0,0,0,0,0,0,0,0,1,0,0,0,1,0,2,0,0,0,2,0,0,0,0,0,0,0,0,0,0,0,0,,,,,0,0,0,0,0,0,0,PRE1982.MDB,2026-04-14 02:19:16.142676
729,1965-02-03 00:00:00,2 0472,N3607G,1964-07-14 00:00:00,,MALTA IDAHO,CALLAIR,A9,,2000,A,12,034,01,12,20,A,A,A,1,A,D,Y,Z,C,CA,,,Q,DK,,,,,,,,,,,,B,A,,,A,,,N,,,,,,,,,,,,,,,,04500,D,,,A,,11850A,,00250A,,46A,,BA,,PA,,YA,,CA,,GA,,A,64,A,16,,,,,,,,,,,,,,,,,,,,,,,,,,,,C,0,1,0,0,0,1,0,0,0,0,0,0,0,0,0,0,0,0,,0,0,0,0,0,0,0,0,0,0,0,0,0,0,0,0,0,0,0,0,0,0,0,0,0,0,0,0,0,0,0,0,0,0,0,0,0,1,0,0,0,1,0,0,0,0,0,0,0,0,0,0,0,0,,,,,0,0,0,0,0,0,0,PRE1982.MDB,2026-04-14 02:19:16.142676
730,1966-07-07 00:00:00,2 0473,N2816M,1964-05-31 00:00:00,,CARLSBAD N MEX,PIPER,PA12,,0710,A,31,124,15,12,04,A,A,A,1,A,D,Y,Z,D,B0,,,Q,EA,,,05900,,,,,,,,,B,B,,,A,,,A,,,G,,,,,,,,,,,,,05800,B,,,A,,05000A,,05000A,,70A,,FA,,AA,,YA,,BA,,YA,,A,84,A,I,64,J,64,,,,,,,,,,,,,,,,,,,,,,,,,F,1,0,0,0,0,1,0,0,0,0,0,0,0,0,0,0,0,0,,0,0,0,0,0,0,0,0,0,0,0,0,0,0,0,0,0,0,0,0,0,0,0,0,0,0,0,0,0,0,0,1,0,0,0,1,1,1,0,0,0,2,0,0,0,0,0,0,0,0,0,0,0,0,,,,,0,0,0,0,0,0,0,PRE1982.MDB,2026-04-14 02:19:16.142676
731,1965-06-23 00:00:00,2 0474,N28501,1964-06-05 00:00:00,,EGEGIK ALASKA,FAIRCHILD,F24,,2230,A,02,014,08,22,05,A,A,A,1,A,S,,,D,B0,,,K,ED,NF,EF,,,,,,,,,,C,A,,,A,,,A,,L0050,F,EGEGIK,00100,Y,,F,,,,01550,,,,,,,,A,,02100A,,00225A,,29A,,CA,,AA,,YA,,BA,,YA,,A,64,C,47,88,C,13,88,C,22,88,3,67,,,,,,,,,,,,,,,,,,,C,0,1,0,0,0,1,0,0,0,0,0,0,0,0,0,0,0,0,,0,0,0,0,0,0,0,0,0,0,0,0,0,0,0,0,0,0,0,0,0,0,0,0,0,0,0,0,0,0,0,0,0,2,0,2,0,1,0,2,0,3,0,0,0,0,0,0,0,0,0,0,0,0,,,,,0,0,0,0,0,0,0,PRE1982.MDB,2026-04-14 02:19:16.142676
732,1966-07-07 00:00:00,2 0475,N505C,1964-06-16 00:00:00,,CHARLOTTE NC,LOCKHEED-GA,1329,,2050,A,33,196,01,39,38,A,A,B,4,B,S,,Z,B,B3,,,F,EF,,,,,,,,,,,,D,A,,,A,,,A,,Z,C,DOUGLAS MUNICIPAL,00748,A,,,,,A,07500,,,,,,,,A,B,06890A,08995B,00811A,00210B,44A,35B,EA,ZB,PA,PB,YA,YB,DA,DB,GA,GB,A,70,A,CB,70,A,CC,68,1,J0,68,1,J2,,,,,,,,,,,,,,,,,,,N,0,0,0,1,0,1,0,0,0,1,0,1,0,0,0,0,0,0,,0,0,0,0,0,0,0,0,0,0,0,0,0,0,0,0,0,0,0,0,0,0,0,0,0,0,0,0,0,0,0,0,0,3,0,3,0,0,0,5,0,5,0,0,0,0,0,0,0,0,0,0,0,0,,,,,0,0,0,0,0,0,0,PRE1982.MDB,2026-04-14 02:19:16.142676
733,1965-06-26 00:00:00,2 0476,N135G,1964-07-08 00:00:00,,MAX NEBR,SLINGSBY,LARK 4,N6363T,1515,A,27,147,02,,,C,A,A,0,,S,,,D,B0,,,L0,DC,,,07000,,,,E,,,,,B,A,,,A,,,N,,,,,,,,,,,,,,,,02200,D,,,A,,07000A,,00050A,,43A,,BA,,VA,,YA,,CA,,DA,,A,68,A,K0,88,J,49,,,,,,,,,,,,,,,,,,,,,,,,,N,0,0,0,1,0,1,0,0,0,0,0,0,0,0,0,0,0,0,,0,0,0,0,0,0,0,0,0,0,0,0,0,0,0,0,0,0,0,0,0,0,0,0,0,0,0,0,0,0,0,0,0,0,0,0,0,0,0,1,0,1,0,0,0,1,0,0,0,0,0,0,0,1,,,,,0,0,0,2,0,2,0,PRE1982.MDB,2026-04-14 02:19:16.142676
734,1965-06-23 00:00:00,2 0476,N6363T,1964-07-08 00:00:00,,MAX NEB,SCHLEICHER,KA6CR,N135G,1515,A,27,141,01,,,C,A,A,0,,S,,,D,B0,,,L0,DC,,,07000,,,,E,,,,,B,A,,,A,,,N,,,,,,,,,,,,,,,,02200,D,,,A,,00800A,,00400A,,43A,,CA,,VA,,YA,,BA,,YA,,A,64,A,14,,,,,,,,,,,,,,,,,,,,,,,,,,,,N,0,0,0,1,0,1,0,0,0,0,0,0,0,0,0,0,0,0,,0,0,0,0,0,0,0,0,0,0,0,0,0,0,0,0,0,0,0,0,0,0,0,0,0,0,0,0,0,0,0,0,0,0,0,0,0,0,0,1,0,1,0,0,0,1,0,0,0,0,0,0,0,1,,,,,0,0,0,2,0,2,0,PRE1982.MDB,2026-04-14 02:19:16.142676
735,1966-07-07 00:00:00,2 0477,N8339P,1964-07-12 00:00:00,,TIJERAS N MEX,PIPER,PA24,,1003,A,31,124,25,12,20,A,A,A,1,A,D,Y,Z,D,B0,,,M1,D1,,,,,,,,,,,,B,B,E,D,H,,,N,,,,,,,,,,,,,,,,08300,A,,,A,,00470A,,00065A,,54A,,FA,,AA,,YA,,BA,,YA,,A,64,A,04,64,J,33,82,J,B,82,J,X,82,J,A,,,,,,,,,,,,,,,,F,1,0,0,0,0,1,0,0,0,0,0,0,0,0,0,0,0,0,,0,0,0,0,0,0,0,0,0,0,0,0,0,0,0,0,0,0,0,0,0,0,0,0,0,0,0,0,0,0,3,0,0,0,0,3,4,0,0,0,0,4,0,0,0,0,0,0,0,0,0,0,0,0,,,,,0,0,0,0,0,0,0,PRE1982.MDB,2026-04-14 02:19:16.142676
736,1968-07-26 00:00:00,2 0478,N9872D,1964-07-16 00:00:00,,FERNDALE WASH,PIPER,PA18A,,1940,A,47,124,20,12,06,A,A,A,1,A,D,,,C,CA,,,N1,DI,M1,D9,,,,,,,,,,B,A,,,A,,,N,,,,,,,,,,,,,,,,00600,C,,,A,,3600A,,00190A,,42A,,BA,,MA,,YA,,FA,,GA,,A,64,C,15,,,,,,,,,,,,,,,,,,,,,,,,,,,,C,0,1,0,0,0,1,0,0,0,0,0,0,0,0,0,0,0,0,,0,0,0,0,0,0,0,0,0,0,0,0,0,0,0,0,0,0,0,0,0,0,0,0,0,0,0,0,0,0,0,0,0,0,0,0,0,1,0,0,0,1,0,0,0,0,0,0,0,0,0,0,0,0,,,,,0,0,0,0,0,0,0,PRE1982.MDB,2026-04-14 02:19:16.142676
737,1972-05-15 00:00:00,2 0479,N9232D,1964-07-17 00:00:00,,JOLIET ILL,PIPER,PA-22,,1705,A,13,124,23,12,06,A,A,A,1,A,S,,,F,B0,,,U,C1,Q,EB,00732,,,,B,,,,,B,A,,,A,,,E,J,,A,JOLIET MUNCIPAL,00582,,,,,,,03180,,,,00582,D,,,A,,03400A,,ZA,,533,,CA,,AA,,ZA,,BA,,YA,,A,88,A,96,64,A,29,64,B,16,,,,,,,,,,,,,,,,,,,,,,F,1,0,0,0,0,1,0,0,0,0,0,0,0,0,0,0,0,0,,0,0,0,0,0,0,0,0,0,0,0,0,0,0,0,0,0,0,0,0,0,0,0,0,0,0,0,0,0,0,0,0,1,0,0,1,1,0,1,0,0,2,0,0,0,0,0,0,0,0,0,0,0,0,,,,,0,0,0,0,0,0,0,PRE1982.MDB,2026-04-14 02:19:16.142676
738,1966-07-07 00:00:00,2 0480,N305T,1964-07-18 00:00:00,,COLTS NECK NJ,PIPER,PA18,,1200,A,30,124,20,12,05,A,A,A,1,A,D,Y,,Y,CF,,,Q,DB,,,,,,,,,,,,B,A,,,A,,,G,C,,F,COLTS NECK,00100,,,,,,,,,,,00100,J,,,A,,02045A,,ZA,,37A,,BA,,PA,,YA,,CA,,CA,,A,64,A,64,,,,,,,,,,,,,,,,,,,,,,,,,,,,F,1,0,0,0,0,1,0,0,0,0,0,0,0,0,0,0,0,0,,0,0,0,0,0,0,0,0,0,0,0,0,0,0,0,0,0,0,0,0,0,0,0,0,0,0,0,0,0,0,0,0,0,0,0,0,1,0,0,0,0,1,0,0,0,0,0,0,0,0,0,0,0,0,,,,,0,0,0,0,0,0,0,PRE1982.MDB,2026-04-14 02:19:16.142676
739,1966-02-19 00:00:00,2 0481,N71410,1964-07-19 00:00:00,,PALATKA FLA,LUSCOMBE,8A,,1830,A,09,089,03,20,06,A,A,A,1,A,D,,Z,D,B0,,,U,C0,Q,C0,,,,,A,,,,,B,A,Z,Z,A,,,A,,Z,F,KAY LARKIN,00050,B,Y,,,,,0500,,,,,,,,A,,00800A,,00036A,,32A,,CA,,,,YA,,AA,,YA,,A,74,A,KA,64,A,16,88,1,87,,,,,,,,,,,,,,,,,,,,,,C,0,1,0,0,0,1,0,0,0,0,0,0,0,0,0,0,0,0,,0,0,0,0,0,0,0,0,0,0,0,0,0,0,0,0,0,0,0,0,0,0,0,0,0,0,0,0,0,0,0,0,0,0,0,0,0,1,0,0,0,1,0,0,0,0,0,0,0,0,0,0,0,0,,,,,0,0,0,0,0,0,0,PRE1982.MDB,2026-04-14 02:19:16.142676
740,1966-07-07 00:00:00,2 0482,N8687D,1964-07-20 00:00:00,,HANSEN IDAHO,PIPER,PA18A,,1840,A,12,124,20,12,06,A,A,A,1,A,D,Y,,C,CA,,,Q,DK,,,,,,,,,,,,B,A,,,A,,X,N,,,,,,,,,,,,,,,,04120,D,,,A,,02250A,,02150A,,45A,,BA,,AA,,YA,,CA,,GA,,A,64,A,16,,,,,,,,,,,,,,,,,,,,,,,,,,,,F,1,0,0,0,0,1,0,0,0,0,0,0,0,0,0,0,0,0,,0,0,0,0,0,0,0,0,0,0,0,0,0,0,0,0,0,0,0,0,0,0,0,0,0,0,0,0,0,0,0,0,0,0,0,0,1,0,0,0,0,1,0,0,0,0,0,0,0,0,0,0,0,0,,,,,0,0,0,0,0,0,0,PRE1982.MDB,2026-04-14 02:19:16.142676
741,1969-06-24 00:00:00,2 0483,N41308,1964-05-31 00:00:00,N,BIXBY OKLA,PIPER,J3,,1015,A,36,124,04,20,11,A,A,A,1,A,S,,,D,B0,,,A,C4,E,C4,,,,,,,,,,B,A,,,A,,,N,,,,,,,,,,,,,,,,00200,C,,,A,,00260A,,00058A,,35A,,CA,,AA,,,,BA,,YA,,A,64,A,35,64,A,29,83,J,D,64,1,06,,,,,,,,,,,,,,,,,,,C,0,1,0,0,0,1,0,0,0,0,0,0,0,0,0,0,0,0,,0,0,0,0,0,0,0,0,0,0,0,0,0,0,0,0,0,0,0,0,0,0,0,0,0,0,0,0,0,0,0,0,0,1,0,1,0,1,0,1,0,2,0,0,0,0,0,0,0,0,0,0,0,0,,,,,0,0,0,0,0,0,0,PRE1982.MDB,2026-04-14 02:19:16.142676
742,1965-08-10 00:00:00,2 0484,N5300W,1964-07-19 00:00:00,,WATERVLIET MICH,PIPER,PA28,,1105,A,22,124,28,12,06,A,A,A,1,A,S,,,D,B0,,,J,EF,NB,EF,,,,,,,,,,B,A,,,A,,,A,,Z,F,WATERVLIET,658,C,Y,,,,,01800,,,,,,,,A,,75A,,0020A,,37A,,CA,,AA,,YA,,BA,,YA,,A,64,C,46,64,C,07,,,,,,,,,,,,,,,,,,,,,,,,,C,0,0,1,0,0,1,0,0,0,0,0,0,0,0,0,0,0,0,,0,0,0,0,0,0,0,0,0,0,0,0,0,0,0,0,0,0,0,0,0,0,0,0,0,0,0,0,0,0,0,2,2,0,0,4,0,2,3,0,0,5,0,0,0,0,0,0,0,0,0,0,0,0,,,,,0,0,0,0,0,0,0,PRE1982.MDB,2026-04-14 02:19:16.142676
743,1966-07-07 00:00:00,2 0485,N9681C,1964-07-17 00:00:00,,CHALLIS IDAHO,CONVAIR,PB4Y2,,0640,A,12,045,06,39,19,A,A,B,4,A,S,,,C,CB,,,U,DH,NY,EF,Z,,,,B,,,,,B,A,,,A,,,N,,,,,,,,,,,,,,,,06390,B,,,A,B,15000A,02900B,00300A,00030B,42A,28B,BA,BB,PA,MB,YA,YB,FA,FB,GA,GB,A,68,C,D1,68,C,D5,88,A,63,83,K,F,88,J,48,,,,,,,,,,,,,,,,N,0,0,0,1,0,1,0,0,0,1,0,1,0,0,0,0,0,0,,0,0,0,0,0,0,0,0,0,0,0,0,0,0,0,0,0,0,0,0,0,0,0,0,0,0,0,0,0,0,0,0,0,0,0,0,0,0,0,2,0,2,0,0,0,0,0,0,0,0,0,0,0,0,,,,,0,0,0,0,0,0,0,PRE1982.MDB,2026-04-14 02:19:16.142676
744,1966-06-08 00:00:00,2 0486,N4899A,1964-07-21 00:00:00,,PETTUS ARK,PIPER,PA18A,,1200,A,04,124,21,12,06,A,A,A,1,A,D,Y,Z,C,B0,,,J,EE,N1,EJ,,,,,,,,,,B,A,,,A,,,A,Z,Z,E,PETTUS GIN STRIP,00250,C,Y,,,,,01980,,,,00250,H,,,A,,00400A,,00100A,,30A,,CA,,AA,,YA,,BA,,YA,,A,64,A,47,64,C,07,64,B,71,64,2,16,88,3,AW,,,,,,,,,,,,,,,,C,0,1,0,0,0,1,0,0,0,0,0,0,0,0,0,0,0,0,,0,0,0,0,0,0,0,0,0,0,0,0,0,0,0,0,0,0,0,0,0,0,0,0,0,0,0,0,0,0,0,0,1,0,0,1,0,1,1,0,0,2,0,0,0,0,0,0,0,0,0,0,0,0,,,,,0,0,0,0,0,0,0,PRE1982.MDB,2026-04-14 02:19:16.142676
745,1966-06-08 00:00:00,2 0487,N2676A,1964-07-25 00:00:00,,LOON CREEK IDAHO,PIPER,PA22,,1100,A,12,124,23,12,05,A,A,A,1,A,D,,,D,B0,,,N1,C1,,,,,,,,,,,,B,A,,,A,,,A,,Z,E,LOON CREEK,04200,D,Y,,,,,01100,,,,04200,H,,,A,,00120A,,00030A,,53A,,CA,,AA,,YA,,BA,,YA,,A,64,A,35,64,A,29,82,J,W,,,,,,,,,,,,,,,,,,,,,,C,0,1,0,0,0,1,0,0,0,0,0,0,0,0,0,0,0,0,,0,0,0,0,0,0,0,0,0,0,0,0,0,0,0,0,0,0,0,0,0,0,0,0,0,0,0,0,0,0,0,1,1,0,0,2,0,2,1,0,0,3,0,0,0,0,0,0,0,0,0,0,0,0,,,,,0,0,0,0,0,0,0,PRE1982.MDB,2026-04-14 02:19:16.142676
746,1966-07-07 00:00:00,2 0488,N7040Z,1964-07-25 00:00:00,,SHOSHONE IDAHO,PIPER,PA25,,0600,A,12,124,26,12,20,A,A,A,1,A,D,Y,Z,C,CA,,,NY,DG,H,EE,,,,,,,,,,B,A,,,A,,,N,,,,,,,,,,,,,,,,03900,C,,,A,,05000A,,00098A,,50A,,EA,,AA,,YA,,CA,,GA,,A,64,C,15,83,A,E,,,,,,,,,,,,,,,,,,,,,,,,,C,0,1,0,0,0,1,0,0,0,0,0,0,0,0,0,0,0,0,,0,0,0,0,0,0,0,0,0,0,0,0,0,0,0,0,0,0,0,0,0,0,0,0,0,0,0,0,0,0,0,0,0,0,0,0,0,1,0,0,0,1,0,0,0,0,0,0,0,0,0,0,0,0,,,,,0,2,0,0,0,2,0,PRE1982.MDB,2026-04-14 02:19:16.142676
747,1965-06-23 00:00:00,2 0489,N88985,1964-07-28 00:00:00,,LAKEPORT  CALIF,HOME BUILT,BJ1,,1100,A,05,200,,99,,A,A,A,1,A,S,,,D,DB,,,Q,EA,,,,,,,,,,,,B,A,,,A,,,F,Z,Z,F,LAMPSON FIELD,01380,A,,,,,,03600,,,,01380,D,,,A,,02000A,,00000A,,53A,,FA,,AA,,,,BA,,YA,,A,64,A,16,,,,,,,,,,,,,,,,,,,,,,,,,,,,C,0,1,0,0,0,1,0,0,0,0,0,0,0,0,0,0,0,0,,0,0,0,0,0,0,0,0,0,0,0,0,0,0,0,0,0,0,0,0,0,0,0,0,0,0,0,0,0,0,0,0,0,0,0,0,0,1,0,0,0,1,0,0,0,0,0,0,0,0,0,0,0,0,,,,,0,0,0,0,0,0,0,PRE1982.MDB,2026-04-14 02:19:16.142676
748,1965-06-23 00:00:00,2 0490,N5456T,1964-07-29 00:00:00,,FT LAUDERDALE FLA,CESSNA,172E,,0100,A,09,039,14,20,24,A,A,A,1,A,N,,,F,B0,,,W,B1,,,,,,,,,,,,D,A,,,A,,,A,,Z,A,FORT LAUDERDALE,00010,A,Y,,,,A,Z,,,,,,,,A,,00411A,,00411A,,Z A,,Z,,AA,,YA,,BA,,YA,,A,84,A,J,64,A,38,,,,,,,,,,,,,,,,,,,,,,,,,C,0,0,0,1,0,1,0,0,0,0,0,0,0,0,0,0,0,0,,0,0,0,0,0,0,0,0,0,0,0,0,0,0,0,0,0,0,0,0,0,0,0,0,0,0,0,0,0,0,0,1,0,2,0,3,0,1,0,3,0,4,0,0,0,0,0,0,0,0,0,0,0,0,,,,,0,0,0,0,0,0,0,PRE1982.MDB,2026-04-14 02:19:16.142676
749,1965-06-23 00:00:00,2 0491,N1764V,1964-08-02 00:00:00,,DANVILLE IND,CESSNA,120,,1415,A,14,039,10,20,11,A,A,A,1,A,D,,,D,B0,,,U,C1,Q,EB,00950,,,,B,,,,,B,A,,,A,,,F,I,Z,E,Z,00800,C,,,,,,Z,,,,00800,D,,,A,,00652A,,00020A,,26A,,EA,,EA,,YA,,CA,,GA,,A,64,C,32,64,C,29,64,B,27,88,A,96,,,,,,,,,,,,,,,,,,,C,0,1,0,0,0,1,0,0,0,0,0,0,0,0,0,0,0,0,,0,0,0,0,0,0,0,0,0,0,0,0,0,0,0,0,0,0,0,0,0,0,0,0,0,0,0,0,0,0,0,0,0,0,0,0,0,1,0,0,0,1,0,0,0,0,0,0,0,0,0,0,0,0,,,,,0,0,0,0,0,0,0,PRE1982.MDB,2026-04-14 02:19:16.142676
750,1965-06-23 00:00:00,2 0492,N55921,1964-08-03 00:00:00,,MOJAVE CALIF,FAIRCHILD,M62C,,0930,A,05,014,14,20,19,A,A,A,1,A,D,Y,,D,B1,,,Q,C1,,,,,,,,,,,,B,A,,,A,,,F,J,Z,F,MOJAVE,02787,B,,,,,,09500,,,,02787,,,,A,,00054A,,00007A,,28A,,CA,,AA,,,,AA,,YA,,A,64,A,16,,,,,,,,,,,,,,,,,,,,,,,,,,,,C,0,1,0,0,0,1,0,0,0,0,0,0,0,0,0,0,0,0,,0,0,0,0,0,0,0,0,0,0,0,0,0,0,0,0,0,0,0,0,0,0,0,0,0,0,0,0,0,0,0,0,0,0,0,0,0,1,0,0,0,1,0,0,0,0,0,0,0,0,0,0,0,0,,,,,0,0,0,0,0,0,0,PRE1982.MDB,2026-04-14 02:19:16.142676
